"hitid"	"hittypeid"	"title"	"description"	"keywords"	"reward"	"creationtime"	"assignments"	"numavailable"	"numpending"	"numcomplete"	"hitstatus"	"reviewstatus"	"annotation"	"assignmentduration"	"autoapprovaldelay"	"hitlifetime"	"viewhit"	"assignmentid"	"workerid"	"assignmentstatus"	"autoapprovaltime"	"assignmentaccepttime"	"assignmentsubmittime"	"assignmentapprovaltime"	"assignmentrejecttime"	"deadline"	"feedback"	"reject"	"Answer.collectedAnnotationResults"	"Answer.8889573_850_stance_group"	"Answer.8889573_850_opposingStance_warrant"	"Answer.16685682_98_stance_group"	"Answer.16685682_98_opposingStance_warrant"	"Answer.3651490_93_stance_group"	"Answer.3651490_93_opposingStance_warrant"	"Answer.17010578_0_stance_group"	"Answer.17010578_0_opposingStance_warrant"	"Answer.19124806_485_stance_group"	"Answer.19124806_485_opposingStance_warrant"	"Answer.3173882_189_stance_group"	"Answer.3173882_189_opposingStance_warrant"	"Answer.18546714_88_stance_group"	"Answer.18546714_88_opposingStance_warrant"	"Answer.3235492_430_stance_group"	"Answer.3235492_430_opposingStance_warrant"	"Answer.11540283_0_stance_group"	"Answer.11540283_0_opposingStance_warrant"	"Answer.6818491_263_stance_group"	"Answer.6818491_263_opposingStance_warrant"	"Answer.feedback"	"Answer.Submit HIT"	"Answer.8889573_850_opposingStance_warrant_impossible"	"Answer.3235492_430_opposingStance_warrant_impossible"	"Answer.19124806_485_opposingStance_warrant_impossible"	"Answer.17010578_0_opposingStance_warrant_impossible"	"Answer.3173882_189_opposingStance_warrant_impossible"	"Answer.11540283_0_opposingStance_warrant_impossible"	"Answer.6818491_263_opposingStance_warrant_impossible"	"Answer.18546714_88_opposingStance_warrant_impossible"	"Answer.9853997_613_stance_group"	"Answer.9853997_613_opposingStance_warrant"	"Answer.11541348_5_stance_group"	"Answer.11541348_5_opposingStance_warrant_impossible"	"Answer.11891248_45_stance_group"	"Answer.11891248_45_opposingStance_warrant"	"Answer.4967224_678_stance_group"	"Answer.4967224_678_opposingStance_warrant"	"Answer.6099856_284_stance_group"	"Answer.6099856_284_opposingStance_warrant"	"Answer.15507637_225_stance_group"	"Answer.15507637_225_opposingStance_warrant"	"Answer.19120938_0_stance_group"	"Answer.19120938_0_opposingStance_warrant"	"Answer.8834740_349_stance_group"	"Answer.8834740_349_opposingStance_warrant"	"Answer.16621092_0_stance_group"	"Answer.16621092_0_opposingStance_warrant"	"Answer.15978072_125_stance_group"	"Answer.15978072_125_opposingStance_warrant"	"Answer.16621092_0_opposingStance_warrant_impossible"	"Answer.11541348_5_opposingStance_warrant"	"Answer.4967224_678_opposingStance_warrant_impossible"	"Answer.11891248_45_opposingStance_warrant_impossible"	"Answer.6099856_284_opposingStance_warrant_impossible"	"Answer.15507637_225_opposingStance_warrant_impossible"	"Answer.8834740_349_opposingStance_warrant_impossible"	"Answer.15978072_125_opposingStance_warrant_impossible"	"Answer.19120938_0_opposingStance_warrant_impossible"	"Answer.13843343_254_stance_group"	"Answer.13843343_254_opposingStance_warrant_impossible"	"Answer.4427401_48_stance_group"	"Answer.4427401_48_opposingStance_warrant_impossible"	"Answer.16964122_0_stance_group"	"Answer.16964122_0_opposingStance_warrant"	"Answer.4373275_92_stance_group"	"Answer.4373275_92_opposingStance_warrant_impossible"	"Answer.10949342_224_stance_group"	"Answer.10949342_224_opposingStance_warrant_impossible"	"Answer.10523770_0_stance_group"	"Answer.10523770_0_opposingStance_warrant_impossible"	"Answer.18303085_493_stance_group"	"Answer.18303085_493_opposingStance_warrant_impossible"	"Answer.12013230_175_stance_group"	"Answer.12013230_175_opposingStance_warrant_impossible"	"Answer.3188226_11_stance_group"	"Answer.3188226_11_opposingStance_warrant_impossible"	"Answer.5477994_253_stance_group"	"Answer.5477994_253_opposingStance_warrant_impossible"	"Answer.13843343_254_opposingStance_warrant"	"Answer.4427401_48_opposingStance_warrant"	"Answer.4373275_92_opposingStance_warrant"	"Answer.10949342_224_opposingStance_warrant"	"Answer.10523770_0_opposingStance_warrant"	"Answer.18303085_493_opposingStance_warrant"	"Answer.12013230_175_opposingStance_warrant"	"Answer.3188226_11_opposingStance_warrant"	"Answer.5477994_253_opposingStance_warrant"	"Answer.16964122_0_opposingStance_warrant_impossible"	"Answer.16632833_240_stance_group"	"Answer.16632833_240_opposingStance_warrant_impossible"	"Answer.9863387_59_stance_group"	"Answer.9863387_59_opposingStance_warrant"	"Answer.11525742_287_stance_group"	"Answer.11525742_287_opposingStance_warrant_impossible"	"Answer.6511026_556_stance_group"	"Answer.6511026_556_opposingStance_warrant"	"Answer.9308555_258_stance_group"	"Answer.9308555_258_opposingStance_warrant_impossible"	"Answer.19121820_0_stance_group"	"Answer.19121820_0_opposingStance_warrant_impossible"	"Answer.15164199_250_stance_group"	"Answer.15164199_250_opposingStance_warrant"	"Answer.15163752_69_stance_group"	"Answer.15163752_69_opposingStance_warrant"	"Answer.7228428_249_stance_group"	"Answer.7228428_249_opposingStance_warrant_impossible"	"Answer.16100791_62_stance_group"	"Answer.16100791_62_opposingStance_warrant_impossible"	"Answer.11525742_287_opposingStance_warrant"	"Answer.9308555_258_opposingStance_warrant"	"Answer.7228428_249_opposingStance_warrant"	"Answer.16100791_62_opposingStance_warrant"	"Answer.16632833_240_opposingStance_warrant"	"Answer.19121820_0_opposingStance_warrant"	"Answer.15164199_250_opposingStance_warrant_impossible"	"Answer.15163752_69_opposingStance_warrant_impossible"	"Answer.6511026_556_opposingStance_warrant_impossible"	"Answer.9863387_59_opposingStance_warrant_impossible"	"Answer.3175740_0_opposingStance_warrant_impossible"	"Answer.16177946_0_stance_group"	"Answer.17278571_164_stance_group"	"Answer.16177946_0_opposingStance_warrant"	"Answer.12099899_102_stance_group"	"Answer.6947973_263_opposingStance_warrant"	"Answer.4425252_591_opposingStance_warrant_impossible"	"Answer.15377864_340_stance_group"	"Answer.4842409_0_stance_group"	"Answer.15377864_340_opposingStance_warrant_impossible"	"Answer.12099899_102_opposingStance_warrant_impossible"	"Answer.17141312_228_opposingStance_warrant_impossible"	"Answer.17141312_228_stance_group"	"Answer.6947973_263_stance_group"	"Answer.10226499_0_opposingStance_warrant_impossible"	"Answer.4842409_0_opposingStance_warrant"	"Answer.3175740_0_stance_group"	"Answer.4425252_591_stance_group"	"Answer.17278571_164_opposingStance_warrant"	"Answer.10226499_0_stance_group"	"Answer.4842409_0_opposingStance_warrant_impossible"	"Answer.10226499_0_opposingStance_warrant"	"Answer.12099899_102_opposingStance_warrant"	"Answer.3175740_0_opposingStance_warrant"	"Answer.15377864_340_opposingStance_warrant"	"Answer.4425252_591_opposingStance_warrant"	"Answer.17141312_228_opposingStance_warrant"	"Answer.17502811_263_stance_group"	"Answer.17502811_263_opposingStance_warrant"	"Answer.5373079_114_stance_group"	"Answer.5373079_114_opposingStance_warrant"	"Answer.3648184_158_stance_group"	"Answer.3648184_158_opposingStance_warrant"	"Answer.11408162_97_stance_group"	"Answer.11408162_97_opposingStance_warrant_impossible"	"Answer.7049483_341_stance_group"	"Answer.7049483_341_opposingStance_warrant"	"Answer.14227993_62_stance_group"	"Answer.14227993_62_opposingStance_warrant"	"Answer.7440879_181_stance_group"	"Answer.7440879_181_opposingStance_warrant"	"Answer.17014181_38_stance_group"	"Answer.17014181_38_opposingStance_warrant"	"Answer.2261031_49_stance_group"	"Answer.2261031_49_opposingStance_warrant"	"Answer.6891432_427_stance_group"	"Answer.6891432_427_opposingStance_warrant"	"Answer.3648184_158_opposingStance_warrant_impossible"	"Answer.11408162_97_opposingStance_warrant"	"Answer.7049483_341_opposingStance_warrant_impossible"	"Answer.7440879_181_opposingStance_warrant_impossible"	"Answer.2261031_49_opposingStance_warrant_impossible"	"Answer.6891432_427_opposingStance_warrant_impossible"	"Answer.5373079_114_opposingStance_warrant_impossible"	"Answer.17502811_263_opposingStance_warrant_impossible"
"3G5RUKN2ECFCW218NS12M3MUXO69NS"	"3CGY4DPHZSWZ9UZ891XH6KA0YF1ILA"	"[Qualification HIT: Submit only one HIT] Select the incorrect claim of an argument and explain why it is incorrect [~8 mins]"	"This HIT requires creativity and logical thinking. See details in the HIT."	"Argumentation, NLP, natural language processing"	"$1.00"	"Tue Mar 28 21:04:02 CEST 2017"	"9"	"0"	"0"	"9"	"Reviewable"	"NotReviewed"	"mthit-00000.html"	"1200"	"604800"	"Fri Mar 31 21:04:02 CEST 2017"	"https://requester.mturk.com/mturk/manageHIT?HITId=3G5RUKN2ECFCW218NS12M3MUXO69NS"	"38SKSKU7R29I5NOJ5BW2AODSQSXLIU"	"A2B6WQG0A9CKXQ"	"Approved"	"Tue Apr 04 21:17:12 CEST 2017"	"Tue Mar 28 21:08:07 CEST 2017"	"Tue Mar 28 21:17:12 CEST 2017"	"Wed Mar 29 10:13:17 CEST 2017"	""	""	""	""	""	"0"	"Cursive is a historic writing style, which can teach children things."	"1"	"They can help our economy. "	"0"	"They do not have a high enough passing rate."	"0"	"Declawing cats is an inhumane method."	"0"	"Judges should be allowed to have preferences on candidates and voice them."	"0"	"Everyone should pay taxes."	"0"	"The Olympics are irrelevant. "	"0"	"I raised my daughter successfully this way. "	"0"	"It has a positive effect on people"	"0"	"Sports competitions should be based on natural ability, not enhanced performance."	""	""
"3G5RUKN2ECFCW218NS12M3MUXO69NS"	"3CGY4DPHZSWZ9UZ891XH6KA0YF1ILA"	"[Qualification HIT: Submit only one HIT] Select the incorrect claim of an argument and explain why it is incorrect [~8 mins]"	"This HIT requires creativity and logical thinking. See details in the HIT."	"Argumentation, NLP, natural language processing"	"$1.00"	"Tue Mar 28 21:04:02 CEST 2017"	"9"	"0"	"0"	"9"	"Reviewable"	"NotReviewed"	"mthit-00000.html"	"1200"	"604800"	"Fri Mar 31 21:04:02 CEST 2017"	"https://requester.mturk.com/mturk/manageHIT?HITId=3G5RUKN2ECFCW218NS12M3MUXO69NS"	"3EA3QWIZ4J76O0WOEKYTWFN9K5JTI5"	"A1P0NNR8HOQ95R"	"Approved"	"Tue Apr 04 21:25:56 CEST 2017"	"Tue Mar 28 21:06:02 CEST 2017"	"Tue Mar 28 21:25:56 CEST 2017"	"Wed Mar 29 10:13:17 CEST 2017"	""	""	""	""	""	"0"		"1"	"causing havoc would undermine their pursuit of financial prosperity"	"0"	"online classes are only interested in the bare mininum of perfomance"	"0"	"it is an unethical and painful proceducre"	"0"	"A justice has this job because their opinion especially matters"	"0"	"everyone should have to pay taxes even if the situation does not directly apply to them at the time. "	"0"	"postponing will not be damaging"	"0"		"0"	"The rock and roll hall of fame brings happiness to people"	"0"	"It makes the competition valid and fair for all."	"more time!"	""	"on"	"on"
"3G5RUKN2ECFCW218NS12M3MUXO69NS"	"3CGY4DPHZSWZ9UZ891XH6KA0YF1ILA"	"[Qualification HIT: Submit only one HIT] Select the incorrect claim of an argument and explain why it is incorrect [~8 mins]"	"This HIT requires creativity and logical thinking. See details in the HIT."	"Argumentation, NLP, natural language processing"	"$1.00"	"Tue Mar 28 21:04:02 CEST 2017"	"9"	"0"	"0"	"9"	"Reviewable"	"NotReviewed"	"mthit-00000.html"	"1200"	"604800"	"Fri Mar 31 21:04:02 CEST 2017"	"https://requester.mturk.com/mturk/manageHIT?HITId=3G5RUKN2ECFCW218NS12M3MUXO69NS"	"3NPFYT4IZDGZ9QZDT6ZN06VZIOFXG0"	"A3QSFE6GKO157S"	"Approved"	"Tue Apr 04 21:41:54 CEST 2017"	"Tue Mar 28 21:27:06 CEST 2017"	"Tue Mar 28 21:41:54 CEST 2017"	"Wed Mar 29 10:13:17 CEST 2017"	""	""	""	""	""	"0"	"The claim is incorrect because the reason gives positive examples of why children should learn cursive."	"0"	"The reason given is an alternative reason why refugees are incoming, not to terrorize."	"1"	"The reason given is a way of potentially increasing the passing rate by offering an alternative method."	"0"		"0"		"0"		"0"	"The reason given supports the idea of postponing the Olympics not being an issue."	"0"		"0"		"0"	"This reason is a counterexample as to why doping should be allowed."	"The timer was a bit short."	""		"on"	"on"	"on"	"on"	"on"
"3G5RUKN2ECFCW218NS12M3MUXO69NS"	"3CGY4DPHZSWZ9UZ891XH6KA0YF1ILA"	"[Qualification HIT: Submit only one HIT] Select the incorrect claim of an argument and explain why it is incorrect [~8 mins]"	"This HIT requires creativity and logical thinking. See details in the HIT."	"Argumentation, NLP, natural language processing"	"$1.00"	"Tue Mar 28 21:04:02 CEST 2017"	"9"	"0"	"0"	"9"	"Reviewable"	"NotReviewed"	"mthit-00000.html"	"1200"	"604800"	"Fri Mar 31 21:04:02 CEST 2017"	"https://requester.mturk.com/mturk/manageHIT?HITId=3G5RUKN2ECFCW218NS12M3MUXO69NS"	"3KIBXJ1WD66HH3H4I6X6FLWZD1RKOL"	"A3CX9UQ91LNQJJ"	"Approved"	"Tue Apr 04 21:43:54 CEST 2017"	"Tue Mar 28 21:31:12 CEST 2017"	"Tue Mar 28 21:43:54 CEST 2017"	"Wed Mar 29 10:13:17 CEST 2017"	""	""	""	""	""	"0"	"Cursive is a valuable subject to learn "	"1"	"Refugees want to contribute and improve the european economy."	"1"	"Online classes increase the likelyhood of more students graduating"	"0"		"0"		"0"	"People without children also pay school taxes"	"1"	"No one cares about what's going on with the Olymipics"	"0"	"Parents need to make an impact on their child's life"	"0"	"It is a great learning tool for music lovers"	"0"	"Doping takes away the integrity of athletic talent."	""	""			"on"	"on"		
"3G5RUKN2ECFCW218NS12M3MUXO69NS"	"3CGY4DPHZSWZ9UZ891XH6KA0YF1ILA"	"[Qualification HIT: Submit only one HIT] Select the incorrect claim of an argument and explain why it is incorrect [~8 mins]"	"This HIT requires creativity and logical thinking. See details in the HIT."	"Argumentation, NLP, natural language processing"	"$1.00"	"Tue Mar 28 21:04:02 CEST 2017"	"9"	"0"	"0"	"9"	"Reviewable"	"NotReviewed"	"mthit-00000.html"	"1200"	"604800"	"Fri Mar 31 21:04:02 CEST 2017"	"https://requester.mturk.com/mturk/manageHIT?HITId=3G5RUKN2ECFCW218NS12M3MUXO69NS"	"3Z7EFSHGNAQMSEJ8RK34AFAKKWNXCQ"	"A2W1C5PDHUF25O"	"Approved"	"Tue Apr 04 21:44:06 CEST 2017"	"Tue Mar 28 21:25:02 CEST 2017"	"Tue Mar 28 21:44:06 CEST 2017"	"Wed Mar 29 10:13:17 CEST 2017"	""	""	""	""	""	"0"	"The first premise is wrong -- cursive is relatively recent, though centuries old. And beauty is subjective."	"1"	"(I assume this means that the refugees aren't fleeing persecution but want a better life style.) The argument  has no evidence to support the claim."		"Doesn't put forward an argument either way."	"1"	"Doesn't state a reason. Just an opinion."	"1"	"Opinion only"	"0"		"1"	"Doesn't really address the issue -- relies on personal knowledge."	"1"	"Doesn't explain about the daughter."	"1"	"Only a personal opinion"			""	""					"on"		"on"
"3G5RUKN2ECFCW218NS12M3MUXO69NS"	"3CGY4DPHZSWZ9UZ891XH6KA0YF1ILA"	"[Qualification HIT: Submit only one HIT] Select the incorrect claim of an argument and explain why it is incorrect [~8 mins]"	"This HIT requires creativity and logical thinking. See details in the HIT."	"Argumentation, NLP, natural language processing"	"$1.00"	"Tue Mar 28 21:04:02 CEST 2017"	"9"	"0"	"0"	"9"	"Reviewable"	"NotReviewed"	"mthit-00000.html"	"1200"	"604800"	"Fri Mar 31 21:04:02 CEST 2017"	"https://requester.mturk.com/mturk/manageHIT?HITId=3G5RUKN2ECFCW218NS12M3MUXO69NS"	"3MAOD8E57RM5JIGZGACIQQ4WJ01XN8"	"A2D563QZFLUW9H"	"Approved"	"Tue Apr 04 21:52:01 CEST 2017"	"Tue Mar 28 21:45:23 CEST 2017"	"Tue Mar 28 21:52:01 CEST 2017"	"Wed Mar 29 10:13:17 CEST 2017"	""	""	""	""	""	"1"	"It's been used forever and it needs to continue"	"0"	"They bring the country a better economy"	"0"	"They need to try different forms of teaching to get more kids to graduate and pass. "	"0"	"It's unacceptable meaning it shouldn't be legal"	"0"	"They should be able to speak their minds."	"1"	"Why should they pay for their kids to go to school if they aren't going. "	"1"	"Noone cares about them so it should be postponed"	"0"	"she would rather show than tell "	"0"	"It helped them develop knowledge so of course it matters. "	"0"	"It would be more about how high the person is than how good the person is at what they do"	""	""							
"3G5RUKN2ECFCW218NS12M3MUXO69NS"	"3CGY4DPHZSWZ9UZ891XH6KA0YF1ILA"	"[Qualification HIT: Submit only one HIT] Select the incorrect claim of an argument and explain why it is incorrect [~8 mins]"	"This HIT requires creativity and logical thinking. See details in the HIT."	"Argumentation, NLP, natural language processing"	"$1.00"	"Tue Mar 28 21:04:02 CEST 2017"	"9"	"0"	"0"	"9"	"Reviewable"	"NotReviewed"	"mthit-00000.html"	"1200"	"604800"	"Fri Mar 31 21:04:02 CEST 2017"	"https://requester.mturk.com/mturk/manageHIT?HITId=3G5RUKN2ECFCW218NS12M3MUXO69NS"	"3LEIZ60CDKB9ZBCKGIHY5APNMCKZ9C"	"A21SIPO89DP66I"	"Approved"	"Tue Apr 04 21:59:31 CEST 2017"	"Tue Mar 28 21:42:54 CEST 2017"	"Tue Mar 28 21:59:31 CEST 2017"	"Wed Mar 29 10:13:17 CEST 2017"	""	""	""	""	""	"0"	"The reason was supportive, and therefore the argument should have been supportive"	"0"	"the additional info suggests that those who use their passports might be terrorists, so this claim is inconsistent with the argument."	"1"	"The reason given is only consistent with a supportive argument"	"0"		"0"		"1"	"This claim fills in the missing information."	"0"	"The reason is only consistent with a claim to support postponing the olympics"	"0"	"The reason given is inconsistent with a claim that extreme parenting is counterproductive"	"0"	"This claim is inconsistent with the arguments given"	"0"		""	""			"on"	"on"			"on"
"3G5RUKN2ECFCW218NS12M3MUXO69NS"	"3CGY4DPHZSWZ9UZ891XH6KA0YF1ILA"	"[Qualification HIT: Submit only one HIT] Select the incorrect claim of an argument and explain why it is incorrect [~8 mins]"	"This HIT requires creativity and logical thinking. See details in the HIT."	"Argumentation, NLP, natural language processing"	"$1.00"	"Tue Mar 28 21:04:02 CEST 2017"	"9"	"0"	"0"	"9"	"Reviewable"	"NotReviewed"	"mthit-00000.html"	"1200"	"604800"	"Fri Mar 31 21:04:02 CEST 2017"	"https://requester.mturk.com/mturk/manageHIT?HITId=3G5RUKN2ECFCW218NS12M3MUXO69NS"	"3BF51CHDTWM5CWODA0SYCSKPNI80HA"	"A3SOZYQZWJOOYS"	"Approved"	"Tue Apr 04 22:21:52 CEST 2017"	"Tue Mar 28 22:06:51 CEST 2017"	"Tue Mar 28 22:21:52 CEST 2017"	"Wed Mar 29 10:13:17 CEST 2017"	""	""	""	""	""	"0"	"The argument states that students learn a lot from it, which is a positive and supports students being taught it."	"0"	"I'm not sure exactly what the argument is trying to say, but I think by say they are economic migrants, they are saying that they're that and not terrorist or dangerous people."	"1"	"The reason given states that online learning needs to have a higher passing rate to be seen as a good way of learning."	"0"	"The reason give says outright that it's not acceptable to declaw a cat."	"0"	"The reason given says that a justice should be allowed to speak their mind, which would include denouncing a Justice."	"0"	"The reason given states that because someone with no children has to pay taxes, someone with home schooled children should as well."	"0"	"I think the reason given is saying to postpone them because no one cares about the Olympics. This isn't a very good argument."	"0"	"The reason give says that the person having strict control is a good example to support it leading to greater success."	"0"	"The reason given says that listening to Rock music helped them heal and learn a lot, and that alone is reason to keep."	"0"	"The argument is against it, worrying that sports would start to be dominated by athletes who take the better drugs and that would be what determines winners, not actual athletic ability."	""	""							
"3G5RUKN2ECFCW218NS12M3MUXO69NS"	"3CGY4DPHZSWZ9UZ891XH6KA0YF1ILA"	"[Qualification HIT: Submit only one HIT] Select the incorrect claim of an argument and explain why it is incorrect [~8 mins]"	"This HIT requires creativity and logical thinking. See details in the HIT."	"Argumentation, NLP, natural language processing"	"$1.00"	"Tue Mar 28 21:04:02 CEST 2017"	"9"	"0"	"0"	"9"	"Reviewable"	"NotReviewed"	"mthit-00000.html"	"1200"	"604800"	"Fri Mar 31 21:04:02 CEST 2017"	"https://requester.mturk.com/mturk/manageHIT?HITId=3G5RUKN2ECFCW218NS12M3MUXO69NS"	"3L2IS5HSFBUD2EM4B51V6J5SPJVUNQ"	"AK7NIT4IJ8X6D"	"Approved"	"Wed Apr 05 00:09:32 CEST 2017"	"Tue Mar 28 23:56:09 CEST 2017"	"Wed Mar 29 00:09:32 CEST 2017"	"Wed Mar 29 10:13:17 CEST 2017"	""	""	""	""	""	"0"	"The arguments highlights some appreciation of cursive and how long it has been used"	"0"	"The argument supports the statement and the claim is incorrect based on that"	"1"	"Typical classes require 70% to pass"	"0"	"The argument questions the morality of declawing the cat"	"0"	"The claim is the opposite of the argument"	"0"	"The argument claims that everyone has to pay the taxes"			"0"	"The argument claims that they helped improve their daughter's life"	"0"	"The argument explains how it helped them to get better"			"The task was easy to understand. It was interesting to do something like this in contrast to some of the other HITs I usually do."	""							"on"	"on"
"3MXX6RQ9EVHB2H79MCI39KG9BBT4PN"	"3CGY4DPHZSWZ9UZ891XH6KA0YF1ILA"	"[Qualification HIT: Submit only one HIT] Select the incorrect claim of an argument and explain why it is incorrect [~8 mins]"	"This HIT requires creativity and logical thinking. See details in the HIT."	"Argumentation, NLP, natural language processing"	"$1.00"	"Tue Mar 28 21:04:02 CEST 2017"	"9"	"0"	"0"	"9"	"Reviewable"	"NotReviewed"	"mthit-00001.html"	"1200"	"604800"	"Fri Mar 31 21:04:02 CEST 2017"	"https://requester.mturk.com/mturk/manageHIT?HITId=3MXX6RQ9EVHB2H79MCI39KG9BBT4PN"	"39GXDJN2OUQSCMO0ATMHK8HGEUUV8F"	"A248P03SBIGVNH"	"Approved"	"Tue Apr 04 21:14:20 CEST 2017"	"Tue Mar 28 21:07:12 CEST 2017"	"Tue Mar 28 21:14:20 CEST 2017"	"Wed Mar 29 10:13:17 CEST 2017"	""	""	""	""	""																					""	""									"0"	"There are benefits to bearing the expense and living on campus as stated in the reason."	"0"	"on"	"0"	"The government interference only causes further problems within the education system."	"0"	"It would be unlawful to discriminate based on weight."	"0"	"Fees are the difference between poor customers staying poor and rich customers staying rich."	"1"	"The Internet is full of harmful things that can be accessed without supervision."	"0"	"Freedom of speech is a constitutional right."	"0"	"When only the minority of students benefit, the majority should be given priority. "	"0"	"Companies are more inclined to cheat on tests because of tight regulations. "	"1"	"There are threats at the borders that need to be contained. "
"3MXX6RQ9EVHB2H79MCI39KG9BBT4PN"	"3CGY4DPHZSWZ9UZ891XH6KA0YF1ILA"	"[Qualification HIT: Submit only one HIT] Select the incorrect claim of an argument and explain why it is incorrect [~8 mins]"	"This HIT requires creativity and logical thinking. See details in the HIT."	"Argumentation, NLP, natural language processing"	"$1.00"	"Tue Mar 28 21:04:02 CEST 2017"	"9"	"0"	"0"	"9"	"Reviewable"	"NotReviewed"	"mthit-00001.html"	"1200"	"604800"	"Fri Mar 31 21:04:02 CEST 2017"	"https://requester.mturk.com/mturk/manageHIT?HITId=3MXX6RQ9EVHB2H79MCI39KG9BBT4PN"	"3RU7GD8VPP5XQM6D2FJNV7SZ400SPR"	"A16QKM4Y78OH3F"	"Approved"	"Tue Apr 04 21:31:16 CEST 2017"	"Tue Mar 28 21:18:48 CEST 2017"	"Tue Mar 28 21:31:16 CEST 2017"	"Wed Mar 29 10:13:18 CEST 2017"	""	""	""	""	""																					""	""									"0"	"People should befriend whoever is close to their interests and not who is close physically."	"0"		"1"	"People and students can rate colleges and professors themselves."	"0"		"1"	"People from different economic classes should have different bank fees."	"1"	"Kids may view harmful things / be influenced by the wrong people online."	"0"	"It affects way too many people and manipulating votes."	"0"	"Sports offer that small percentage of students the chance of education."	"1"		"1"	"Immigration plays an important part of every nations culture."	"on"	"Rock Hall of Fame provides Entertainment."	"on"
"3MXX6RQ9EVHB2H79MCI39KG9BBT4PN"	"3CGY4DPHZSWZ9UZ891XH6KA0YF1ILA"	"[Qualification HIT: Submit only one HIT] Select the incorrect claim of an argument and explain why it is incorrect [~8 mins]"	"This HIT requires creativity and logical thinking. See details in the HIT."	"Argumentation, NLP, natural language processing"	"$1.00"	"Tue Mar 28 21:04:02 CEST 2017"	"9"	"0"	"0"	"9"	"Reviewable"	"NotReviewed"	"mthit-00001.html"	"1200"	"604800"	"Fri Mar 31 21:04:02 CEST 2017"	"https://requester.mturk.com/mturk/manageHIT?HITId=3MXX6RQ9EVHB2H79MCI39KG9BBT4PN"	"3X4JMASXCNLVLJLRA8I2QHHRS530BU"	"A2XJAGYVNVPCP0"	"Approved"	"Tue Apr 04 21:31:56 CEST 2017"	"Tue Mar 28 21:24:19 CEST 2017"	"Tue Mar 28 21:31:56 CEST 2017"	"Wed Mar 29 10:13:18 CEST 2017"	""	""	""	""	""																					""	""									"1"	"Some students may live within a reasonable driving distance to their college."	"0"	"on"	"0"		"1"	"Obese people face discrimination in daily lives."	"0"		"1"		"1"	"Justices should keep their party preferences private."	"0"		"1"		"1"		"on"			"on"	"on"	"on"	"on"	"on"
"3MXX6RQ9EVHB2H79MCI39KG9BBT4PN"	"3CGY4DPHZSWZ9UZ891XH6KA0YF1ILA"	"[Qualification HIT: Submit only one HIT] Select the incorrect claim of an argument and explain why it is incorrect [~8 mins]"	"This HIT requires creativity and logical thinking. See details in the HIT."	"Argumentation, NLP, natural language processing"	"$1.00"	"Tue Mar 28 21:04:02 CEST 2017"	"9"	"0"	"0"	"9"	"Reviewable"	"NotReviewed"	"mthit-00001.html"	"1200"	"604800"	"Fri Mar 31 21:04:02 CEST 2017"	"https://requester.mturk.com/mturk/manageHIT?HITId=3MXX6RQ9EVHB2H79MCI39KG9BBT4PN"	"3UNH76FOCTHO15L995JKWPM5GHNYMJ"	"A1R4KVYEV07CAJ"	"Approved"	"Tue Apr 04 21:55:12 CEST 2017"	"Tue Mar 28 21:41:06 CEST 2017"	"Tue Mar 28 21:55:12 CEST 2017"	"Wed Mar 29 10:13:18 CEST 2017"	""	""	""	""	""																					""	""									"0"	"If the student lived off campus they would not make on campus friends and miss out on that part of the college experience."	"0"		"0"	"Teachers would be punished and let go and those are things that are trying to be avoided."	"0"		"1"	"It is unethical to give more benefits to people who are already making a higher income."	"1"	"Leaving kids in a situation in which we gamble on their future is ill advised and unethical."	"1"	"A Supreme Court Justice still has rights as an American citizen and can exercise her right to free speech."	"0"	"Sports could be dropped and many students would not be affected by this change so it should be made."	"1"	"If rules are in place that say a company has to be caught cheating before regulations are in place means that we trust companies enough to not just regulate them outright."	"1"	"If immigration wasn't a problem the protected borders would not be necessary."		"Rock Hall of Fame is entertainment so if entertainment matters, so does the Rock Hall of Fame."	"on"					
"3MXX6RQ9EVHB2H79MCI39KG9BBT4PN"	"3CGY4DPHZSWZ9UZ891XH6KA0YF1ILA"	"[Qualification HIT: Submit only one HIT] Select the incorrect claim of an argument and explain why it is incorrect [~8 mins]"	"This HIT requires creativity and logical thinking. See details in the HIT."	"Argumentation, NLP, natural language processing"	"$1.00"	"Tue Mar 28 21:04:02 CEST 2017"	"9"	"0"	"0"	"9"	"Reviewable"	"NotReviewed"	"mthit-00001.html"	"1200"	"604800"	"Fri Mar 31 21:04:02 CEST 2017"	"https://requester.mturk.com/mturk/manageHIT?HITId=3MXX6RQ9EVHB2H79MCI39KG9BBT4PN"	"3RGU30DZTBKY6GQAN5IHM27H3DFMJE"	"A331EA4IU21KXL"	"Approved"	"Tue Apr 04 21:56:44 CEST 2017"	"Tue Mar 28 21:46:52 CEST 2017"	"Tue Mar 28 21:56:44 CEST 2017"	"Wed Mar 29 10:13:18 CEST 2017"	""	""	""	""	""																					""	""									"0"	"It allows student to socialize with others."	"0"		"0"	"Because the faculty needs to grade the colleges."	"0"	"Because it shouldn't be a law to be obese"	"0"	"Because fees should be made more affordable for low income customers."	"1"		"1"		"1"		"0"	"Because companies have to be regulated."	"1"	"Because immigration is a problem for all countries."		"It teaches others about the history of Rock and Roll"				"on"	"on"		"on"
"3MXX6RQ9EVHB2H79MCI39KG9BBT4PN"	"3CGY4DPHZSWZ9UZ891XH6KA0YF1ILA"	"[Qualification HIT: Submit only one HIT] Select the incorrect claim of an argument and explain why it is incorrect [~8 mins]"	"This HIT requires creativity and logical thinking. See details in the HIT."	"Argumentation, NLP, natural language processing"	"$1.00"	"Tue Mar 28 21:04:02 CEST 2017"	"9"	"0"	"0"	"9"	"Reviewable"	"NotReviewed"	"mthit-00001.html"	"1200"	"604800"	"Fri Mar 31 21:04:02 CEST 2017"	"https://requester.mturk.com/mturk/manageHIT?HITId=3MXX6RQ9EVHB2H79MCI39KG9BBT4PN"	"3NAPMVF0ZXRFFHLFCEA043OA6DY27W"	"AMUV60QYHNUR3"	"Approved"	"Tue Apr 04 21:59:54 CEST 2017"	"Tue Mar 28 21:45:38 CEST 2017"	"Tue Mar 28 21:59:54 CEST 2017"	"Wed Mar 29 10:13:18 CEST 2017"	""	""	""	""	""																					"I am not sure I understood the HIT but I hope I did! This looks interesting and I really want to qualify! "	""									"0"	"Socially, you have more opportunities to meet people when you live in a dorm because you are exposed to more people. "	"0"		"0"	"Government should not grade colleges because ultimately teachers end up paying the price and could lose their jobs. "	"0"	"Obese people have rights to and should not be discriminated against their condition. "	"0"	"It is not fair, just because you have more money you get more benefits at your bank! It is financial discrimination! "	"1"	"We need to monitor screen time because kids will abuse the amount of internet time they use. It is hard to get away from it! "	"0"	"A Supreme Court Justice is also an American citizen, and has every right to endorse the candidate of their choosing. "	"0"	"Overall only a few students take advantage of intercollegiate sports programs so more widely used programs should replace this outdated sport program. "	"0"	"Harsh regulations force companies to cheat and cut around corners that they normally wouldn't to save money. "	"1"	"As a nation we need to protect our borders, like any other country! "		"We all need to be entertained, so entertainment at the heart of it, matters. If that matters, we should document it. "							
"3MXX6RQ9EVHB2H79MCI39KG9BBT4PN"	"3CGY4DPHZSWZ9UZ891XH6KA0YF1ILA"	"[Qualification HIT: Submit only one HIT] Select the incorrect claim of an argument and explain why it is incorrect [~8 mins]"	"This HIT requires creativity and logical thinking. See details in the HIT."	"Argumentation, NLP, natural language processing"	"$1.00"	"Tue Mar 28 21:04:02 CEST 2017"	"9"	"0"	"0"	"9"	"Reviewable"	"NotReviewed"	"mthit-00001.html"	"1200"	"604800"	"Fri Mar 31 21:04:02 CEST 2017"	"https://requester.mturk.com/mturk/manageHIT?HITId=3MXX6RQ9EVHB2H79MCI39KG9BBT4PN"	"3OXV7EAXLF2LWZ3TX4JDHZT6HGC367"	"AOTF48KUV9KWM"	"Approved"	"Tue Apr 04 22:15:49 CEST 2017"	"Tue Mar 28 22:00:46 CEST 2017"	"Tue Mar 28 22:15:49 CEST 2017"	"Wed Mar 29 10:13:18 CEST 2017"	""	""	""	""	""																					""	""									"0"	"Living off-campus can deprive students of valuable experiences."	"0"	"on"	"0"	"A system where governments grade colleges won't hurt bad colleges, but it could hurt good teachers."	"0"	"Whatever a person's weight, he or she is still a citizen in the country and privy to every right that implies."	"1"	"Fees don't fairly take into account the diverse needs of all of the bank's customers."	"0"	"If teenagers aren't supervised while using the Internet, they could spend way too much time looking at things they shouldn't be."	"0"	"Every private citizen is allowed to voice his or her opinion about the presidential candidates in this country."	"0"	"Lots of money is spent on programs that only benefit a few students."	"0"	"We have regulations in place because we assume they will be necessary."	"1"	"As long as national borders exist, people will try to cross them."									
"3MXX6RQ9EVHB2H79MCI39KG9BBT4PN"	"3CGY4DPHZSWZ9UZ891XH6KA0YF1ILA"	"[Qualification HIT: Submit only one HIT] Select the incorrect claim of an argument and explain why it is incorrect [~8 mins]"	"This HIT requires creativity and logical thinking. See details in the HIT."	"Argumentation, NLP, natural language processing"	"$1.00"	"Tue Mar 28 21:04:02 CEST 2017"	"9"	"0"	"0"	"9"	"Reviewable"	"NotReviewed"	"mthit-00001.html"	"1200"	"604800"	"Fri Mar 31 21:04:02 CEST 2017"	"https://requester.mturk.com/mturk/manageHIT?HITId=3MXX6RQ9EVHB2H79MCI39KG9BBT4PN"	"3X73LLYYQ2Q8XSGKB6UWN4G2VBOHN7"	"A1WYDO7PQJ8UG"	"Approved"	"Tue Apr 04 22:44:50 CEST 2017"	"Tue Mar 28 22:29:04 CEST 2017"	"Tue Mar 28 22:44:50 CEST 2017"	"Wed Mar 29 10:13:18 CEST 2017"	""	""	""	""	""																					"I think this HIT needs a longer timer, like at least an hour, because when working on mturk people often accept tasks while working on other ones and they won't have enough time if they don't get to this one immediately. And I feel like it would be easier if we were supposed to select the correct claim. The opposite logic made it harder to conceptualize the task at first glance."	""									"0"	"Because living on compus allowed them to meet friends they wouldn't have. "	"0"		"0"		"0"	"Legislation should protect the obese because obese people are still people who have rights"	"0"	"Fees should be more regulated because lower income customers need more help but don't receive it"	"1"	"Internet addiction is a concern for teenagers because leaving kids to their own devices is a gamble"	"0"	"A Supreme Court Justice can denounce a candidate because Ginsberg is a Supreme Court Justice and has the right to speak her mind"	"0"	"Drop sports programs in undergraduate schools because only a small percentage of college students participate in sports"	"0"	"Companies can't be trusted because regulations require a company to cheat the public before they can be caught"	"1"	"Immigration is really a problem because a sovereign nation needs protected borders"		"The rock hall of fame matters because rock is entertainment and entertainment matters "		"on"					
"3MXX6RQ9EVHB2H79MCI39KG9BBT4PN"	"3CGY4DPHZSWZ9UZ891XH6KA0YF1ILA"	"[Qualification HIT: Submit only one HIT] Select the incorrect claim of an argument and explain why it is incorrect [~8 mins]"	"This HIT requires creativity and logical thinking. See details in the HIT."	"Argumentation, NLP, natural language processing"	"$1.00"	"Tue Mar 28 21:04:02 CEST 2017"	"9"	"0"	"0"	"9"	"Reviewable"	"NotReviewed"	"mthit-00001.html"	"1200"	"604800"	"Fri Mar 31 21:04:02 CEST 2017"	"https://requester.mturk.com/mturk/manageHIT?HITId=3MXX6RQ9EVHB2H79MCI39KG9BBT4PN"	"3OF2M9AATH0TG7VBKF8NVJ33X60ZKA"	"ABNJUVNHFVINU"	"Approved"	"Tue Apr 04 22:54:34 CEST 2017"	"Tue Mar 28 22:37:47 CEST 2017"	"Tue Mar 28 22:54:34 CEST 2017"	"Wed Mar 29 10:13:18 CEST 2017"	""	""	""	""	""																					""	""									"0"	"You cant make friends on campus dorms if you don't live there."	"0"		"0"		"0"	"Legislation has the obligation to protect every ones rights, even the obese."	"0"	"They are arguing that the fees hurt the poor and help the rich."	"1"	"Addiction can go either way if left to it's own devices."	"0"	"Our freedom of speach gives us the right to voice our opinions on the matter."	"1"	"Arguing that there is already a low number of students playing sports."	"0"	"basically saying that regulations cause companies to cheat."	"1"	"A nation wouldn't need protected borders if it wasn't a problem."		"If the rock and roll hall of fame didn't entertain then it wouldn't matter."		"on"					
"3TX9T2ZCB9DHPNSZJRMOVA1E53YZWO"	"3CGY4DPHZSWZ9UZ891XH6KA0YF1ILA"	"[Qualification HIT: Submit only one HIT] Select the incorrect claim of an argument and explain why it is incorrect [~8 mins]"	"This HIT requires creativity and logical thinking. See details in the HIT."	"Argumentation, NLP, natural language processing"	"$1.00"	"Tue Mar 28 21:04:02 CEST 2017"	"9"	"0"	"0"	"9"	"Reviewable"	"NotReviewed"	"mthit-00002.html"	"1200"	"604800"	"Fri Mar 31 21:04:02 CEST 2017"	"https://requester.mturk.com/mturk/manageHIT?HITId=3TX9T2ZCB9DHPNSZJRMOVA1E53YZWO"	"3P529IW9KZXYVWMT43QH7R00A05LF3"	"A11UBOE8N877JJ"	"Approved"	"Tue Apr 04 21:12:23 CEST 2017"	"Tue Mar 28 21:06:10 CEST 2017"	"Tue Mar 28 21:12:23 CEST 2017"	"Wed Mar 29 10:13:18 CEST 2017"	""	""	""	""	""																					"Thank you for the opportunity to participate in this study!"	""																																						"0"	"on"	"1"	"on"	"0"	"Although fears may be unjustifiable, they are still very legitimate."	"0"	"on"	"1"	"on"	"1"	"on"	"1"	"on"	"1"	"on"	"0"	"on"	"1"	"on"
"3TX9T2ZCB9DHPNSZJRMOVA1E53YZWO"	"3CGY4DPHZSWZ9UZ891XH6KA0YF1ILA"	"[Qualification HIT: Submit only one HIT] Select the incorrect claim of an argument and explain why it is incorrect [~8 mins]"	"This HIT requires creativity and logical thinking. See details in the HIT."	"Argumentation, NLP, natural language processing"	"$1.00"	"Tue Mar 28 21:04:02 CEST 2017"	"9"	"0"	"0"	"9"	"Reviewable"	"NotReviewed"	"mthit-00002.html"	"1200"	"604800"	"Fri Mar 31 21:04:02 CEST 2017"	"https://requester.mturk.com/mturk/manageHIT?HITId=3TX9T2ZCB9DHPNSZJRMOVA1E53YZWO"	"3Z3ZLGNNSJ6E6HMDCDXBN4AXHGNQ3O"	"A3S1TLYMH9WWUG"	"Approved"	"Tue Apr 04 21:15:37 CEST 2017"	"Tue Mar 28 21:06:07 CEST 2017"	"Tue Mar 28 21:15:37 CEST 2017"	"Wed Mar 29 10:13:18 CEST 2017"	""	""	""	""	""																					"Thanks and have a nice day!"	""																																						"1"		"1"		"0"	"American fears about terrorism might not be founded in reality"	"1"		"1"		"0"		"0"		"0"		"0"		"0"		"The claim suggests that cubicle layouts promote uncontrolled collaboration, which is unhelpful"	"The skills used in writing a research paper are useful for students to develop."	"The reason suggests that the cost of labor in running a farm is negligible"	"Banks will always make money in spite of whatever hardship they might cause others"	"Nuclear power potentially causes a great deal of environmental damage"	"Felons are citizens and should not lose their right to vote"	"There are still processes in place to fire bad teachers, even with tenure"	"Even citizen has a duty to pay into taxes that promote education of all children"	"Kids should participate in extracurricular activities at schools they they are part of the population of."
"3TX9T2ZCB9DHPNSZJRMOVA1E53YZWO"	"3CGY4DPHZSWZ9UZ891XH6KA0YF1ILA"	"[Qualification HIT: Submit only one HIT] Select the incorrect claim of an argument and explain why it is incorrect [~8 mins]"	"This HIT requires creativity and logical thinking. See details in the HIT."	"Argumentation, NLP, natural language processing"	"$1.00"	"Tue Mar 28 21:04:02 CEST 2017"	"9"	"0"	"0"	"9"	"Reviewable"	"NotReviewed"	"mthit-00002.html"	"1200"	"604800"	"Fri Mar 31 21:04:02 CEST 2017"	"https://requester.mturk.com/mturk/manageHIT?HITId=3TX9T2ZCB9DHPNSZJRMOVA1E53YZWO"	"39LOEL67OTH80DMHQJGB1DPXNB238T"	"A340UGIDGIF4W6"	"Approved"	"Tue Apr 04 21:23:59 CEST 2017"	"Tue Mar 28 21:17:07 CEST 2017"	"Tue Mar 28 21:23:59 CEST 2017"	"Wed Mar 29 10:13:19 CEST 2017"	""	""	""	""	""																					"I hope that I did these properly. I would like to do more of your hits in the near future."	""																																						"0"		"0"		"0"		"1"		"0"	"on"	"0"		"0"	"on"	"0"		"0"	"on"	"0"	"on"	"It states that office collaboration is not helpful."	"They are a useful excercise."	"Labor is a portion not as a whole."		"It is not helping our eco system."		"Tenure allows to weed out bad teachers."			"on"
"3TX9T2ZCB9DHPNSZJRMOVA1E53YZWO"	"3CGY4DPHZSWZ9UZ891XH6KA0YF1ILA"	"[Qualification HIT: Submit only one HIT] Select the incorrect claim of an argument and explain why it is incorrect [~8 mins]"	"This HIT requires creativity and logical thinking. See details in the HIT."	"Argumentation, NLP, natural language processing"	"$1.00"	"Tue Mar 28 21:04:02 CEST 2017"	"9"	"0"	"0"	"9"	"Reviewable"	"NotReviewed"	"mthit-00002.html"	"1200"	"604800"	"Fri Mar 31 21:04:02 CEST 2017"	"https://requester.mturk.com/mturk/manageHIT?HITId=3TX9T2ZCB9DHPNSZJRMOVA1E53YZWO"	"386PBUZZXG9E0Y8PNTH2MPSS37MLJ6"	"A3GIIL73GE2CBQ"	"Approved"	"Tue Apr 04 21:24:59 CEST 2017"	"Tue Mar 28 21:06:09 CEST 2017"	"Tue Mar 28 21:24:59 CEST 2017"	"Wed Mar 29 10:13:19 CEST 2017"	""	""	""	""	""																					""	""																																						"0"		"0"		"0"		"1"		"1"		"0"		"0"	"on"	"0"	"on"	"0"		"0"	"on"	"An open office would  create an environment where uncontrolled collaboration would be far more common than in an office where cubicles were used to separate workers."	"Research papers teach skills that are very useful for students, regardless of whether or not the information therein can be easily found elsewhere."	"If labor only accounts for a portion of costs, then an increase in wages as a result of the use of American labor would only result in a small increase in costs for the grower, and by extension, the consumer."	"If banks are always successful in the end, it isn't likely that they would also lack the ability to manage themselves."	"If nuclear power can result in environmental catastrophe, then it is not the answer to the problem of climate change."			"The taxes home schoolers pay are used to fund the public school system, and giving them tax breaks would deprive others of a quality education."		"on"
"3TX9T2ZCB9DHPNSZJRMOVA1E53YZWO"	"3CGY4DPHZSWZ9UZ891XH6KA0YF1ILA"	"[Qualification HIT: Submit only one HIT] Select the incorrect claim of an argument and explain why it is incorrect [~8 mins]"	"This HIT requires creativity and logical thinking. See details in the HIT."	"Argumentation, NLP, natural language processing"	"$1.00"	"Tue Mar 28 21:04:02 CEST 2017"	"9"	"0"	"0"	"9"	"Reviewable"	"NotReviewed"	"mthit-00002.html"	"1200"	"604800"	"Fri Mar 31 21:04:02 CEST 2017"	"https://requester.mturk.com/mturk/manageHIT?HITId=3TX9T2ZCB9DHPNSZJRMOVA1E53YZWO"	"3OVR4I9USQVZOD5HCR2UX923VGJQ49"	"ABL3H3O3BI8ZD"	"Approved"	"Tue Apr 04 21:25:03 CEST 2017"	"Tue Mar 28 21:06:09 CEST 2017"	"Tue Mar 28 21:25:03 CEST 2017"	"Wed Mar 29 10:13:19 CEST 2017"	""	""	""	""	""																					"Pretty good."	""																																						"0"		"0"	"on"	"1"	"America's fears are legitimate because there are a lot of countries who wants us all dead. We cannot have that."	"1"		"0"		"1"	"on"	"0"	"on"	"0"	"on"	"0"	"on"	"0"	"on"	"This claim is incorrect because people are not in prisons and cubicles make employees feel as such."		"Farms can survive without illegal labor it's just that it's expensive."	"The banks control the economy. Period. Once that corruption seeps in that's it for your life savings."						
"3TX9T2ZCB9DHPNSZJRMOVA1E53YZWO"	"3CGY4DPHZSWZ9UZ891XH6KA0YF1ILA"	"[Qualification HIT: Submit only one HIT] Select the incorrect claim of an argument and explain why it is incorrect [~8 mins]"	"This HIT requires creativity and logical thinking. See details in the HIT."	"Argumentation, NLP, natural language processing"	"$1.00"	"Tue Mar 28 21:04:02 CEST 2017"	"9"	"0"	"0"	"9"	"Reviewable"	"NotReviewed"	"mthit-00002.html"	"1200"	"604800"	"Fri Mar 31 21:04:02 CEST 2017"	"https://requester.mturk.com/mturk/manageHIT?HITId=3TX9T2ZCB9DHPNSZJRMOVA1E53YZWO"	"3UNH76FOCTHO15L995JKWPM5GGLMY3"	"ABRF7DFZZL3UC"	"Approved"	"Tue Apr 04 21:28:27 CEST 2017"	"Tue Mar 28 21:10:06 CEST 2017"	"Tue Mar 28 21:28:27 CEST 2017"	"Wed Mar 29 10:13:19 CEST 2017"	""	""	""	""	""																					""	""																																						"0"		"0"		"0"		"1"		"0"		"0"		"0"		"0"		"1"		"0"		"Open office layouts encourage uncontrolled collaboration."	"Learning to gather and evaluate source material is useful."	"A large portion of the cost is incurred elsewhere."	"Success does not necessarily imply proper management."	"Destruction of natural resources is not desirable."	"It is just to treat everyone in a similar manner."	"Bad fires can be fired."	"We should help pay for the education of all children."	"A student should want to be at the school."	"on"
"3TX9T2ZCB9DHPNSZJRMOVA1E53YZWO"	"3CGY4DPHZSWZ9UZ891XH6KA0YF1ILA"	"[Qualification HIT: Submit only one HIT] Select the incorrect claim of an argument and explain why it is incorrect [~8 mins]"	"This HIT requires creativity and logical thinking. See details in the HIT."	"Argumentation, NLP, natural language processing"	"$1.00"	"Tue Mar 28 21:04:02 CEST 2017"	"9"	"0"	"0"	"9"	"Reviewable"	"NotReviewed"	"mthit-00002.html"	"1200"	"604800"	"Fri Mar 31 21:04:02 CEST 2017"	"https://requester.mturk.com/mturk/manageHIT?HITId=3TX9T2ZCB9DHPNSZJRMOVA1E53YZWO"	"3UNH76FOCTHO15L995JKWPM5GGLYMF"	"A35F9DZWLLHFY4"	"Approved"	"Tue Apr 04 21:31:48 CEST 2017"	"Tue Mar 28 21:18:47 CEST 2017"	"Tue Mar 28 21:31:48 CEST 2017"	"Wed Mar 29 10:13:19 CEST 2017"	""	""	""	""	""																					""	""																																						"0"		"0"		"0"	"If the fear cannot be justified, there is no proof or enough correlation to make it legitimate. Because a group of people are violent does not mean the whole race or religion is."	"1"		"0"		"0"		"0"		"0"		"0"		"0"		"If the office is open, there is no control where everyone is and who is working in which part and thus, is uncontrolled and should be reconsidered."	"Research papers are no useless since they help students gain the ability to evaluate sources to defend an argument that they make, which is quite useful for the future."	"There are many costs to producing food on a farm and labor is only a small part of the costs. Paying more for labor would not put a dent in farmer's expenses."	"Banks deal with money and loans, and in these dealings, they are proficient in the ways of making money."	"Nuclear power cannot be the answer to climate change if one plant is destroying the Pacific ocean."	"Felons should be allowed to vote because they still have the same basic rights as a citizen of a country."	"Tenure does not protect bad teachers because they can still be fired."	"Home schoolers do not deserve  tax break because education is a responsibility that must be provided to children, not a choice."	"Home-schoolers who do not attend the school and participate in everyday learning should not be allowed to participate in other school activities."	
"3TX9T2ZCB9DHPNSZJRMOVA1E53YZWO"	"3CGY4DPHZSWZ9UZ891XH6KA0YF1ILA"	"[Qualification HIT: Submit only one HIT] Select the incorrect claim of an argument and explain why it is incorrect [~8 mins]"	"This HIT requires creativity and logical thinking. See details in the HIT."	"Argumentation, NLP, natural language processing"	"$1.00"	"Tue Mar 28 21:04:02 CEST 2017"	"9"	"0"	"0"	"9"	"Reviewable"	"NotReviewed"	"mthit-00002.html"	"1200"	"604800"	"Fri Mar 31 21:04:02 CEST 2017"	"https://requester.mturk.com/mturk/manageHIT?HITId=3TX9T2ZCB9DHPNSZJRMOVA1E53YZWO"	"39GAF6DQWSCA1M4FB8D25YU80OOV1V"	"A1B76WYZ47BQJ"	"Approved"	"Tue Apr 04 21:42:53 CEST 2017"	"Tue Mar 28 21:26:21 CEST 2017"	"Tue Mar 28 21:42:53 CEST 2017"	"Wed Mar 29 10:13:19 CEST 2017"	""	""	""	""	""																					""	""																																						"0"		"0"		"1"	"America`s fears are not legitimate as we American`s live like kings compared to the rest of the world,as long as America has the most weapons America will be safe."	"1"				"1"										"We must bring back cubicles so we can confine and see what our white collar slaves are up to. The cubicles are our farms and we must be able to oversee are farms so it stays productive."	"Research papers are a useless exercise for college students used to just regurgitate what the college professors want to hear. They have no original thought."	"Farms couldn`t survive without illegal labor because Americans are too lazy for those jobs to do themselves."	"Big Banks are not out of control as they are order,without them there would be chaos."	"Not the answers as we need to get back to coal,oil and gas which is much safer and cheaper in the long run."	"Yes,they deserve a second chance because we know they make wise decisions in life. There decisions would be better than the congress we voted in over the years."	"Protects bad teachers as power corrupts."	"Yes as they save tax payers money by not taking up space in school."	"No as why do they care?"	
"3TX9T2ZCB9DHPNSZJRMOVA1E53YZWO"	"3CGY4DPHZSWZ9UZ891XH6KA0YF1ILA"	"[Qualification HIT: Submit only one HIT] Select the incorrect claim of an argument and explain why it is incorrect [~8 mins]"	"This HIT requires creativity and logical thinking. See details in the HIT."	"Argumentation, NLP, natural language processing"	"$1.00"	"Tue Mar 28 21:04:02 CEST 2017"	"9"	"0"	"0"	"9"	"Reviewable"	"NotReviewed"	"mthit-00002.html"	"1200"	"604800"	"Fri Mar 31 21:04:02 CEST 2017"	"https://requester.mturk.com/mturk/manageHIT?HITId=3TX9T2ZCB9DHPNSZJRMOVA1E53YZWO"	"3M68NM076IJDF1OV8UK9ZXWMNUVR62"	"A1DABMXVWWL0TR"	"Approved"	"Tue Apr 04 22:33:29 CEST 2017"	"Tue Mar 28 22:13:36 CEST 2017"	"Tue Mar 28 22:33:29 CEST 2017"	"Wed Mar 29 10:13:19 CEST 2017"	""	""	""	""	""																					""	""																																						"1"		"0"		"0"	"They are not talking solely about terrorism."	"0"		"1"		"0"		"0"		"0"		"1"		"0"		"Open collaboration is not effective ."	"Learning to research and find information other than using the internet is very helpful."	"Labor is not the bulk of what a farm needs to run."	"Banks will always come out on top."	"Nuclear power is not making the enviornment safer."	"If a felon has served their time they should be treated like everyone else."	"Tenure makes teachers more accountable."	"If it's a responsibility of all adults, it doesn't have to take place in a public school."	"If they don't attend, they shouldn't play."	
"3W1K7D6QSBTP1KUOO0QS8WOTV2HBZL"	"3CGY4DPHZSWZ9UZ891XH6KA0YF1ILA"	"[Qualification HIT: Submit only one HIT] Select the incorrect claim of an argument and explain why it is incorrect [~8 mins]"	"This HIT requires creativity and logical thinking. See details in the HIT."	"Argumentation, NLP, natural language processing"	"$1.00"	"Tue Mar 28 21:04:02 CEST 2017"	"9"	"0"	"0"	"9"	"Reviewable"	"NotReviewed"	"mthit-00003.html"	"1200"	"604800"	"Fri Mar 31 21:04:02 CEST 2017"	"https://requester.mturk.com/mturk/manageHIT?HITId=3W1K7D6QSBTP1KUOO0QS8WOTV2HBZL"	"3X1FV8S5JY3751UITRY5CLYE2D7VGV"	"APO6KZZ79PO9Q"	"Approved"	"Tue Apr 04 21:15:12 CEST 2017"	"Tue Mar 28 21:06:05 CEST 2017"	"Tue Mar 28 21:15:12 CEST 2017"	"Wed Mar 29 10:13:19 CEST 2017"	""	""	""	""	""																					"those are complex issues "	""																																																																				"0"	"on"	"0"	"The reason stats that college is already expense "	"0"	"on"	"0"	"The reason stats that the safety of kids is important "	"1"	"on"	"0"	"on"	"0"	"The reason stats that the planet has limited resources "	"0"	"An environment with limited resources  causes war and conflicts"	"0"	"on"	"0"	"on"
"3W1K7D6QSBTP1KUOO0QS8WOTV2HBZL"	"3CGY4DPHZSWZ9UZ891XH6KA0YF1ILA"	"[Qualification HIT: Submit only one HIT] Select the incorrect claim of an argument and explain why it is incorrect [~8 mins]"	"This HIT requires creativity and logical thinking. See details in the HIT."	"Argumentation, NLP, natural language processing"	"$1.00"	"Tue Mar 28 21:04:02 CEST 2017"	"9"	"0"	"0"	"9"	"Reviewable"	"NotReviewed"	"mthit-00003.html"	"1200"	"604800"	"Fri Mar 31 21:04:02 CEST 2017"	"https://requester.mturk.com/mturk/manageHIT?HITId=3W1K7D6QSBTP1KUOO0QS8WOTV2HBZL"	"3SPJ033422FY0XFO686SGXUOCMQYJB"	"A34L0OOVHMBN90"	"Approved"	"Tue Apr 04 21:15:25 CEST 2017"	"Tue Mar 28 21:06:04 CEST 2017"	"Tue Mar 28 21:15:25 CEST 2017"	"Wed Mar 29 10:13:19 CEST 2017"	""	""	""	""	""																					""	""																																																																				"0"		"0"	"if college is expensive and families can't afford it, it isn't consistent with living on campus, living at home would be chepaer"	"0"		"0"	"if tracking kids keep them safe, then it isn't a invasion of privacy"	"0"		"0"		"0"	"if there are limits, then we can have too many people then it is a threat, therefore not a threat is inconsistent"	"0"	"hungry kids cause wars between tribes therefore a threat"	"0"		"0"		"if stenographers are needed because recording can't be cited, then it is inconsistent with not needing stenographers "	"performance review means no tipping "	"if you are killing rescuers, then you are not doing any good"	"big familiy means everything is the same group and if that's bad, the reason is for no co-ed. "	"WE can already do this using existing laws, so we don't need a new law so the reason doesn't support claim."	"If justice spoke the truth, then it is correct to denounce, then no denouncing is inconsistent"
"3W1K7D6QSBTP1KUOO0QS8WOTV2HBZL"	"3CGY4DPHZSWZ9UZ891XH6KA0YF1ILA"	"[Qualification HIT: Submit only one HIT] Select the incorrect claim of an argument and explain why it is incorrect [~8 mins]"	"This HIT requires creativity and logical thinking. See details in the HIT."	"Argumentation, NLP, natural language processing"	"$1.00"	"Tue Mar 28 21:04:02 CEST 2017"	"9"	"0"	"0"	"9"	"Reviewable"	"NotReviewed"	"mthit-00003.html"	"1200"	"604800"	"Fri Mar 31 21:04:02 CEST 2017"	"https://requester.mturk.com/mturk/manageHIT?HITId=3W1K7D6QSBTP1KUOO0QS8WOTV2HBZL"	"3MAOD8E57RM5JIGZGACIQQ4WJ01NXY"	"AN9MVFWRCF2OP"	"Approved"	"Tue Apr 04 21:19:00 CEST 2017"	"Tue Mar 28 21:08:26 CEST 2017"	"Tue Mar 28 21:19:00 CEST 2017"	"Wed Mar 29 10:13:19 CEST 2017"	""	""	""	""	""																					""	""																																																																				"0"		"0"	"Because it's cheaper for students to live at home while studying instead of paying for accommodation."	"0"		"0"	"If it is an invasion of privacy, it is a small and necessary one."	"0"		"0"		"0"	"Resources and space on Earth are not limitless."	"0"	"Overpopulation causes problems everywhere, from starvation to wars."	"0"		"0"		"Because stenographers play a vital role in the accuracy of our justice system."	"These actions would guarantee good service better than the assumption of a tip does."	"Drones are indiscriminate in who they kill or injure."	"They are separate entities and should be kept as such."	"Because there is already infrastructure to deal with drug addicts - eg. law enforcement"	"Justices are citizens too."
"3W1K7D6QSBTP1KUOO0QS8WOTV2HBZL"	"3CGY4DPHZSWZ9UZ891XH6KA0YF1ILA"	"[Qualification HIT: Submit only one HIT] Select the incorrect claim of an argument and explain why it is incorrect [~8 mins]"	"This HIT requires creativity and logical thinking. See details in the HIT."	"Argumentation, NLP, natural language processing"	"$1.00"	"Tue Mar 28 21:04:02 CEST 2017"	"9"	"0"	"0"	"9"	"Reviewable"	"NotReviewed"	"mthit-00003.html"	"1200"	"604800"	"Fri Mar 31 21:04:02 CEST 2017"	"https://requester.mturk.com/mturk/manageHIT?HITId=3W1K7D6QSBTP1KUOO0QS8WOTV2HBZL"	"3JMSRU9HQJ69LNYRNW8HCID2PXSVEE"	"A20VT3EOYFC6HS"	"Approved"	"Tue Apr 04 21:22:33 CEST 2017"	"Tue Mar 28 21:07:16 CEST 2017"	"Tue Mar 28 21:22:33 CEST 2017"	"Wed Mar 29 10:13:20 CEST 2017"	""	""	""	""	""																					"I did find the wording of the instructions a bit confusing at first."	""																																																																				"1"		"0"	"Given the increased cost of college associated with living on campus, it is more beneficial for the student to live at home to save these additional housing costs."	"0"	"on"	"0"	"The ability to be generally aware of your child's whereabouts supersedes their right to privacy."	"0"		"0"		"0"		"0"	"Due to limited resources that directly harm the most vulnerable populations, including children, population overcrowding is a viable and very real threat."	"0"	"on"	"0"	"on"		"Restaurants should pay waitstaff a living wage, with regular evaluations based on customer feedback to determine their earnings rather than relying solely on tips."			"The claim is incorrect because there are currently other avenues available to enforce drug treatment without the addition of a new law."	"A Supreme Court Justice may denounce a candidate when they are being ostensibly truthful and honest in their claims. The opinions of Justices are very important to the American justice system and, as such, should carry weight throughout the rest of the political sphere."	"on"
"3W1K7D6QSBTP1KUOO0QS8WOTV2HBZL"	"3CGY4DPHZSWZ9UZ891XH6KA0YF1ILA"	"[Qualification HIT: Submit only one HIT] Select the incorrect claim of an argument and explain why it is incorrect [~8 mins]"	"This HIT requires creativity and logical thinking. See details in the HIT."	"Argumentation, NLP, natural language processing"	"$1.00"	"Tue Mar 28 21:04:02 CEST 2017"	"9"	"0"	"0"	"9"	"Reviewable"	"NotReviewed"	"mthit-00003.html"	"1200"	"604800"	"Fri Mar 31 21:04:02 CEST 2017"	"https://requester.mturk.com/mturk/manageHIT?HITId=3W1K7D6QSBTP1KUOO0QS8WOTV2HBZL"	"34FNN24DCNLQTY03H62YFNBJULVY5P"	"A1BWR5RBQDZQ16"	"Approved"	"Tue Apr 04 21:33:41 CEST 2017"	"Tue Mar 28 21:21:29 CEST 2017"	"Tue Mar 28 21:33:41 CEST 2017"	"Wed Mar 29 10:13:20 CEST 2017"	""	""	""	""	""																					"The instructions are kinda confusing.  Instead of a quick example on the sidebar, you should include an example already filled out that is similar to the exact ones we are working on.  Best of luck to you!"	""																																																																				"1"		"0"	"Students have poor time management skills on average, living on campus would give them easier access to the facilities and classes they need."	"0"	"on"	"0"	"Privacy is second when it comes to protecting your children."	"1"		"0"	"on"	"1"	"Natural resources are scarce once we reach a certain population."	"1"		"1"	"on"	"0"	"on"		"Tips should not be depended upon and employers should pay a fair wage instead."			"Psychologically, people are more apt to fight and not do what is necessary because they are told or forced to do things."			"on"
"3W1K7D6QSBTP1KUOO0QS8WOTV2HBZL"	"3CGY4DPHZSWZ9UZ891XH6KA0YF1ILA"	"[Qualification HIT: Submit only one HIT] Select the incorrect claim of an argument and explain why it is incorrect [~8 mins]"	"This HIT requires creativity and logical thinking. See details in the HIT."	"Argumentation, NLP, natural language processing"	"$1.00"	"Tue Mar 28 21:04:02 CEST 2017"	"9"	"0"	"0"	"9"	"Reviewable"	"NotReviewed"	"mthit-00003.html"	"1200"	"604800"	"Fri Mar 31 21:04:02 CEST 2017"	"https://requester.mturk.com/mturk/manageHIT?HITId=3W1K7D6QSBTP1KUOO0QS8WOTV2HBZL"	"3GS6S824SR9QUIB965GWO7QPAYVNW5"	"A3H8M155NBFE1L"	"Approved"	"Tue Apr 04 21:34:21 CEST 2017"	"Tue Mar 28 21:16:14 CEST 2017"	"Tue Mar 28 21:34:21 CEST 2017"	"Wed Mar 29 10:13:20 CEST 2017"	""	""	""	""	""																					""	""																																																																				"1"		"0"	"If middle class families are paying more to send their children away to school, then commuting back and forth between home and school will increase those costs even more, as well as use valuable time."	"1"		"0"	"Tracking kids may keep kids safe, but nowadays keeping things safe always seems to invade your privacy."	"0"		"0"		"0"	"If there are finite limits, then population overcrowding will obviously bring us closer to encountering that threat."	"0"	"The more people there are, the less resources there are available for them, and this is a huge problem."	"0"		"0"		"If a transcription is needed for certain situations, then they're still needed."	"If waitstaff are receiving performance reviews for raises, then tips would no longer be needed."	"If drones can kill rescuers or emergency responders, then obviously they do more harm than good."	"If it's a bad idea to make these groups 'one big family', then they should not be co-ed."	"If another law is not needed for this issue, then one should not be created to force addicts into treatment."	"If a justice wishes to speak the truth (which they always should), then if that truth involves denouncing someone or something, then that should be done."		
"3W1K7D6QSBTP1KUOO0QS8WOTV2HBZL"	"3CGY4DPHZSWZ9UZ891XH6KA0YF1ILA"	"[Qualification HIT: Submit only one HIT] Select the incorrect claim of an argument and explain why it is incorrect [~8 mins]"	"This HIT requires creativity and logical thinking. See details in the HIT."	"Argumentation, NLP, natural language processing"	"$1.00"	"Tue Mar 28 21:04:02 CEST 2017"	"9"	"0"	"0"	"9"	"Reviewable"	"NotReviewed"	"mthit-00003.html"	"1200"	"604800"	"Fri Mar 31 21:04:02 CEST 2017"	"https://requester.mturk.com/mturk/manageHIT?HITId=3W1K7D6QSBTP1KUOO0QS8WOTV2HBZL"	"3G5F9DBFOQ9L5XPTDXGNXLAFHDKVHU"	"A1CGDMOPDIC7EU"	"Approved"	"Tue Apr 04 21:34:47 CEST 2017"	"Tue Mar 28 21:16:03 CEST 2017"	"Tue Mar 28 21:34:47 CEST 2017"	"Wed Mar 29 10:13:20 CEST 2017"	""	""	""	""	""																					""	""																																																																				"0"		"0"	"Students should live off campus because it is cheaper for their parents."	"0"	"on"	"0"	"Keeping kids safe is more important than privacy. "	"0"	"on"	"0"		"0"	"There are finite resources because of overcrowding. "	"0"	"There are finite resources because of overcrowding. "	"0"		"0"				"THey killed rescuers making them more harm than good. "	"Making fraternities co-ed is bad because they don't want to be the same. "	"The reason states that laws are already in place and forcing addicts into treatment is unnecessary. "	"She spoke the truth and it cannot be denounced. "		
"3W1K7D6QSBTP1KUOO0QS8WOTV2HBZL"	"3CGY4DPHZSWZ9UZ891XH6KA0YF1ILA"	"[Qualification HIT: Submit only one HIT] Select the incorrect claim of an argument and explain why it is incorrect [~8 mins]"	"This HIT requires creativity and logical thinking. See details in the HIT."	"Argumentation, NLP, natural language processing"	"$1.00"	"Tue Mar 28 21:04:02 CEST 2017"	"9"	"0"	"0"	"9"	"Reviewable"	"NotReviewed"	"mthit-00003.html"	"1200"	"604800"	"Fri Mar 31 21:04:02 CEST 2017"	"https://requester.mturk.com/mturk/manageHIT?HITId=3W1K7D6QSBTP1KUOO0QS8WOTV2HBZL"	"3MRNMEIQW6I1XC8XDXVRJRXFYNPLDS"	"A1QG4WF9ZTZTK2"	"Approved"	"Tue Apr 04 21:49:44 CEST 2017"	"Tue Mar 28 21:30:59 CEST 2017"	"Tue Mar 28 21:49:44 CEST 2017"	"Wed Mar 29 10:13:20 CEST 2017"	""	""	""	""	""																					""	""																																																																				"0"		"1"	"Living off campus also needs to account for transportation expenses."	"0"		"1"		"0"		"0"		"0"	"Resources start to become scarce."	"0"		"0"		"0"		"Stenographers are able to transcribe court proceedings in real time."	"Waitstaff should be on regular payroll."	"Drones are not accurate enough to be used."	"Everyone should be made equal and not be divided into groups."	"Care and treatments only work when a patient volunteers to have treatment."	"In politics, candidates either support or oppose each other."		"on"	"on"
"3W1K7D6QSBTP1KUOO0QS8WOTV2HBZL"	"3CGY4DPHZSWZ9UZ891XH6KA0YF1ILA"	"[Qualification HIT: Submit only one HIT] Select the incorrect claim of an argument and explain why it is incorrect [~8 mins]"	"This HIT requires creativity and logical thinking. See details in the HIT."	"Argumentation, NLP, natural language processing"	"$1.00"	"Tue Mar 28 21:04:02 CEST 2017"	"9"	"0"	"0"	"9"	"Reviewable"	"NotReviewed"	"mthit-00003.html"	"1200"	"604800"	"Fri Mar 31 21:04:02 CEST 2017"	"https://requester.mturk.com/mturk/manageHIT?HITId=3W1K7D6QSBTP1KUOO0QS8WOTV2HBZL"	"3R9WASFE20SI0L3XJ4HQF6BYPAJZF8"	"AHT8HA3JRWVGV"	"Approved"	"Tue Apr 04 22:48:26 CEST 2017"	"Tue Mar 28 22:37:07 CEST 2017"	"Tue Mar 28 22:48:26 CEST 2017"	"Wed Mar 29 10:13:20 CEST 2017"	""	""	""	""	""																					""	""																																																																				"0"		"1"		"0"	"on"	"0"		"0"	"on"	"0"		"0"	"Since there are finite limits in the world the opposite would be to say that overcrowding would not be an issue."	"0"	"Since children are going hungry because of finite resources the opposite would be to say that overcrowding is not a threat."	"0"	"on"	"0"	"on"					"If another law is not needed then it would be unnecessary to force drug addicts into treatment when the courts already have this job."	"Since the Justic spoke the truth he is denouncing and the opposite would be not to denounce."			"on"	"on"
"3URJ6VVYUPZTHHV87C5OKKBJ16X4O6"	"3CGY4DPHZSWZ9UZ891XH6KA0YF1ILA"	"[Qualification HIT: Submit only one HIT] Select the incorrect claim of an argument and explain why it is incorrect [~8 mins]"	"This HIT requires creativity and logical thinking. See details in the HIT."	"Argumentation, NLP, natural language processing"	"$1.00"	"Tue Mar 28 21:04:02 CEST 2017"	"9"	"0"	"0"	"9"	"Reviewable"	"NotReviewed"	"mthit-00004.html"	"1200"	"604800"	"Fri Mar 31 21:04:02 CEST 2017"	"https://requester.mturk.com/mturk/manageHIT?HITId=3URJ6VVYUPZTHHV87C5OKKBJ16X4O6"	"3STRJBFXOX3XUVMCENJ59V2MC98TKG"	"AHEVIE2NY1W1Z"	"Approved"	"Tue Apr 04 21:23:08 CEST 2017"	"Tue Mar 28 21:06:36 CEST 2017"	"Tue Mar 28 21:23:08 CEST 2017"	"Wed Mar 29 10:13:20 CEST 2017"	""	""	""	""	""																					""	""																																																																																																		"on"	"0"	"0"	"Too many under qualified students are getting passes"	"1"	"Isreal can become powerful without listening to the us"	"on"	"0"	"1"	"on"	"on"	"on"	"0"	"0"	"on"	"Bad voters will vote for the worst candidate under duress"	"0"	"0"	"the cost would have burdened the student"	"0"
"3URJ6VVYUPZTHHV87C5OKKBJ16X4O6"	"3CGY4DPHZSWZ9UZ891XH6KA0YF1ILA"	"[Qualification HIT: Submit only one HIT] Select the incorrect claim of an argument and explain why it is incorrect [~8 mins]"	"This HIT requires creativity and logical thinking. See details in the HIT."	"Argumentation, NLP, natural language processing"	"$1.00"	"Tue Mar 28 21:04:02 CEST 2017"	"9"	"0"	"0"	"9"	"Reviewable"	"NotReviewed"	"mthit-00004.html"	"1200"	"604800"	"Fri Mar 31 21:04:02 CEST 2017"	"https://requester.mturk.com/mturk/manageHIT?HITId=3URJ6VVYUPZTHHV87C5OKKBJ16X4O6"	"3QRYMNZ7FZTY217FB0BL1NJQ64DTNL"	"A1MYLQQL8BBOYT"	"Approved"	"Tue Apr 04 21:23:23 CEST 2017"	"Tue Mar 28 21:09:08 CEST 2017"	"Tue Mar 28 21:23:23 CEST 2017"	"Wed Mar 29 10:13:20 CEST 2017"	""	""	""	""	""																					""	""																																																																																																		"on"	"0"	"0"	"If law schools are grading students too leniently, they're probably also too lenient in terms of admission."	"0"	"If Israel is emboldened to ignore the US's suggestions, the credibility of the US is decreased."	"on"	"0"	"0"	"on"	"on"	"on"	"0"	"0"			"0"	"0"	"Free college helps people contribute to society who otherwise would not have been able to."	"0"	"on"	"Since casinos encourage people who can't afford it to gamble away their money, they're too much of a risk."
"3URJ6VVYUPZTHHV87C5OKKBJ16X4O6"	"3CGY4DPHZSWZ9UZ891XH6KA0YF1ILA"	"[Qualification HIT: Submit only one HIT] Select the incorrect claim of an argument and explain why it is incorrect [~8 mins]"	"This HIT requires creativity and logical thinking. See details in the HIT."	"Argumentation, NLP, natural language processing"	"$1.00"	"Tue Mar 28 21:04:02 CEST 2017"	"9"	"0"	"0"	"9"	"Reviewable"	"NotReviewed"	"mthit-00004.html"	"1200"	"604800"	"Fri Mar 31 21:04:02 CEST 2017"	"https://requester.mturk.com/mturk/manageHIT?HITId=3URJ6VVYUPZTHHV87C5OKKBJ16X4O6"	"3K5TEWLKGWNL1S0DJFY8XXBUHQZVIN"	"A358YR7MWC6LRH"	"Approved"	"Tue Apr 04 21:24:35 CEST 2017"	"Tue Mar 28 21:11:22 CEST 2017"	"Tue Mar 28 21:24:35 CEST 2017"	"Wed Mar 29 10:13:20 CEST 2017"	""	""	""	""	""																					""	""																																																																																																			"0"	"0"	"So many are getting in that it is now the owness of the bar exam to fail some people"	"0"	"The reason states that the more we help the less they listen, so it would be incorrect to think we should help."		"0"	"0"				"1"	"0"			"1"	"0"	"Free college helped him so obviously he would be all for it."	"0"	"on"	"People are already in rough shape and casinos offer a likely chance to make it worse."	"The reason states that if they are unwilling to allow public access they should be forced to sell, therefore the claim that they should not have to open their land is incorrect."	"If private education should not receive a tax break then it stands to reason that home schoolers should, so I chose the one saying they do not since that would be the incorrect claim."	"If Greek people would be happier without the Euro it means they should abandon it, therefore not abandoning it is incorrect."	"The reason simply claims that they are important, therefore it seems that they would support them so the incorrect response is for them to be considered useless."	"They feel that by wearing it people are accidentally standing for beliefs they didn't mean to along with ones they did."
"3URJ6VVYUPZTHHV87C5OKKBJ16X4O6"	"3CGY4DPHZSWZ9UZ891XH6KA0YF1ILA"	"[Qualification HIT: Submit only one HIT] Select the incorrect claim of an argument and explain why it is incorrect [~8 mins]"	"This HIT requires creativity and logical thinking. See details in the HIT."	"Argumentation, NLP, natural language processing"	"$1.00"	"Tue Mar 28 21:04:02 CEST 2017"	"9"	"0"	"0"	"9"	"Reviewable"	"NotReviewed"	"mthit-00004.html"	"1200"	"604800"	"Fri Mar 31 21:04:02 CEST 2017"	"https://requester.mturk.com/mturk/manageHIT?HITId=3URJ6VVYUPZTHHV87C5OKKBJ16X4O6"	"3WRFBPLXRB0T3K9LWL5UJAFSC50N3Y"	"AXR8QNGNBF1DU"	"Approved"	"Tue Apr 04 21:25:29 CEST 2017"	"Tue Mar 28 21:08:18 CEST 2017"	"Tue Mar 28 21:25:29 CEST 2017"	"Wed Mar 29 10:13:20 CEST 2017"	""	""	""	""	""																					""	""																																																																																																		"on"	"0"	"0"	"Colleges are letting in people under-qualified to make a profit, so the bar is set to low."	"0"	"If they won't listen to the US, then we are hurting, not helping."		"0"	"0"	"on"			"0"	"0"		"If more voters will make it worse then voting should not be mandatory."	"0"	"0"	"Without free college, society would have losses on income instead of profits."	"0"		"For those that can't afford to lose the money, it is to much of a gamble."	"If they don't open their land then access is not guaranteed to everyone."			"They are important, and so are helpful."	"Because if it is supporting a group that is against women, then the wearing of the hijab hurts women."
"3URJ6VVYUPZTHHV87C5OKKBJ16X4O6"	"3CGY4DPHZSWZ9UZ891XH6KA0YF1ILA"	"[Qualification HIT: Submit only one HIT] Select the incorrect claim of an argument and explain why it is incorrect [~8 mins]"	"This HIT requires creativity and logical thinking. See details in the HIT."	"Argumentation, NLP, natural language processing"	"$1.00"	"Tue Mar 28 21:04:02 CEST 2017"	"9"	"0"	"0"	"9"	"Reviewable"	"NotReviewed"	"mthit-00004.html"	"1200"	"604800"	"Fri Mar 31 21:04:02 CEST 2017"	"https://requester.mturk.com/mturk/manageHIT?HITId=3URJ6VVYUPZTHHV87C5OKKBJ16X4O6"	"3KGTPGBS6YXHDSXBPM3BEV2UEOU2UX"	"A2RCJ30AFLCI54"	"Approved"	"Tue Apr 04 21:32:50 CEST 2017"	"Tue Mar 28 21:17:04 CEST 2017"	"Tue Mar 28 21:32:50 CEST 2017"	"Wed Mar 29 10:13:21 CEST 2017"	""	""	""	""	""																					""	""																																																																																																		"on"	"0"	"0"	"Law schools are not in the business of weeding out those unsuited for the practice of law, their main concern is revenue."	"0"	"Since the US supports Israel unconditionally, they feel they do not need to listen to our suggestions."		"0"	"0"				"0"	"0"		"It would make casting a ballot objectively worse."	"0"	"0"	"If I hadn't had access to free college I would likely have not become a productive member of society."	"0"		"Casinos prey on those least able to afford the loss."	"Access should be guaranteed, with the landowner reimbursed for the lost property."		"Greece would be in a better position by abandoning the Euro."	"Research papers are important for student growth, enforcing such things as studious examination of evidence."	"Because it supports an extreme belief that is anti-woman."
"3URJ6VVYUPZTHHV87C5OKKBJ16X4O6"	"3CGY4DPHZSWZ9UZ891XH6KA0YF1ILA"	"[Qualification HIT: Submit only one HIT] Select the incorrect claim of an argument and explain why it is incorrect [~8 mins]"	"This HIT requires creativity and logical thinking. See details in the HIT."	"Argumentation, NLP, natural language processing"	"$1.00"	"Tue Mar 28 21:04:02 CEST 2017"	"9"	"0"	"0"	"9"	"Reviewable"	"NotReviewed"	"mthit-00004.html"	"1200"	"604800"	"Fri Mar 31 21:04:02 CEST 2017"	"https://requester.mturk.com/mturk/manageHIT?HITId=3URJ6VVYUPZTHHV87C5OKKBJ16X4O6"	"3M68NM076IJDF1OV8UK9ZXWMNUSR6Z"	"AR75XTT2KAUL2"	"Approved"	"Tue Apr 04 21:37:38 CEST 2017"	"Tue Mar 28 21:26:18 CEST 2017"	"Tue Mar 28 21:37:38 CEST 2017"	"Wed Mar 29 10:13:21 CEST 2017"	""	""	""	""	""																					"Very fun thank you."	""																																																																																																			"0"	"1"	"All I ever hear about is how hard it is to get in. I don't know why someone would say it's too low. "	"0"	"I think support always helps the situation. "		"0"	"1"				"1"	"0"		"I don't think voting matters that much in the long run anyways."	"1"	"1"	"Education and information should be free and accessible to all."	"0"		"People have free will and should just learn to control themselves better the problem is not the casino it's people. "	"No because they own the land and have rights. "	"They are getting education just like non home schoolers. "	"Greece is already having hard financial times these will be made worse by abandoning the euro. "	"I love reading research papers about subjects that I'm interested in. I find them very stimulating. "	"I think that it's about religion wear so people that are non muslim should not wear them. "
"3URJ6VVYUPZTHHV87C5OKKBJ16X4O6"	"3CGY4DPHZSWZ9UZ891XH6KA0YF1ILA"	"[Qualification HIT: Submit only one HIT] Select the incorrect claim of an argument and explain why it is incorrect [~8 mins]"	"This HIT requires creativity and logical thinking. See details in the HIT."	"Argumentation, NLP, natural language processing"	"$1.00"	"Tue Mar 28 21:04:02 CEST 2017"	"9"	"0"	"0"	"9"	"Reviewable"	"NotReviewed"	"mthit-00004.html"	"1200"	"604800"	"Fri Mar 31 21:04:02 CEST 2017"	"https://requester.mturk.com/mturk/manageHIT?HITId=3URJ6VVYUPZTHHV87C5OKKBJ16X4O6"	"3VJ40NV2QJZGKM7RCFBYGCJVWEITO0"	"A2GS41OJ2X0HJ8"	"Approved"	"Tue Apr 04 21:39:34 CEST 2017"	"Tue Mar 28 21:26:29 CEST 2017"	"Tue Mar 28 21:39:34 CEST 2017"	"Wed Mar 29 10:13:21 CEST 2017"	""	""	""	""	""																					""	""																																																																																																		"on"	"0"	"0"	"More law students than before are not able to pass the bar exam."	"0"	"Credibility is lost with support of Israel."		"0"	"0"				"0"	"0"		"Mandatory voting would be disastrous."	"0"	"0"	"Education costs are way too high."	"0"		"Casinos scam vulnerable people into spending money they can't afford."	"All land on beach/ocean should belong to public."		"The outcome is better if the Euro is abandoned."	"Research papers are needed and teach students a great deal."	"Wearing a hijab shows support to an oppressive environment."
"3URJ6VVYUPZTHHV87C5OKKBJ16X4O6"	"3CGY4DPHZSWZ9UZ891XH6KA0YF1ILA"	"[Qualification HIT: Submit only one HIT] Select the incorrect claim of an argument and explain why it is incorrect [~8 mins]"	"This HIT requires creativity and logical thinking. See details in the HIT."	"Argumentation, NLP, natural language processing"	"$1.00"	"Tue Mar 28 21:04:02 CEST 2017"	"9"	"0"	"0"	"9"	"Reviewable"	"NotReviewed"	"mthit-00004.html"	"1200"	"604800"	"Fri Mar 31 21:04:02 CEST 2017"	"https://requester.mturk.com/mturk/manageHIT?HITId=3URJ6VVYUPZTHHV87C5OKKBJ16X4O6"	"3ZGVPD4G6UTSJQLYEOMFWAQZGJNZTC"	"A3SKCD4S91W2HE"	"Approved"	"Tue Apr 04 22:25:24 CEST 2017"	"Tue Mar 28 22:08:35 CEST 2017"	"Tue Mar 28 22:25:24 CEST 2017"	"Wed Mar 29 10:13:21 CEST 2017"	""	""	""	""	""																					""	""																																																																																																			"0"	"0"	"If the students can not pass the exam when they graduate they should not have been allowed to graduate because they did not learn the information."	"0"	"There is such unrest in the Middle East that by publicly claiming to support one country you are claiming without saying it that you do not support the other countries."		"0"	"0"		"on"		"0"	"0"		"It would cause unrest at the polls, longer lines, more paperwork, and higher chances of fraud if people were forced into voting."	"0"	"0"	"If all students were given access to a higher education they would become more productive members of society."	"0"		"They will cause the poor to become poorer by gambling away what little money they have."		"Home Schooler would be considered a type of private education like a private school. If they are not open to everyone the government should not be supporting it."	"It would be harder for them to pay back creditors if they keep their currency."	"Research papers still teach students how to search for important information and properly organize their ideas."	"An article of clothing itself can not be oppressive. The hijab is just a scarf and anyone wearing one is just doing that. Abusive men and cultures are what needs to be worried about and wearing an article of clothing does not claim support for that."
"3URJ6VVYUPZTHHV87C5OKKBJ16X4O6"	"3CGY4DPHZSWZ9UZ891XH6KA0YF1ILA"	"[Qualification HIT: Submit only one HIT] Select the incorrect claim of an argument and explain why it is incorrect [~8 mins]"	"This HIT requires creativity and logical thinking. See details in the HIT."	"Argumentation, NLP, natural language processing"	"$1.00"	"Tue Mar 28 21:04:02 CEST 2017"	"9"	"0"	"0"	"9"	"Reviewable"	"NotReviewed"	"mthit-00004.html"	"1200"	"604800"	"Fri Mar 31 21:04:02 CEST 2017"	"https://requester.mturk.com/mturk/manageHIT?HITId=3URJ6VVYUPZTHHV87C5OKKBJ16X4O6"	"39N5ACM9HFZFL7AET9JWECN9CDH9P5"	"A3DAJROQC1BLNI"	"Approved"	"Tue Apr 04 22:37:44 CEST 2017"	"Tue Mar 28 22:22:27 CEST 2017"	"Tue Mar 28 22:37:44 CEST 2017"	"Wed Mar 29 10:13:21 CEST 2017"	""	""	""	""	""																					""	""																																																																																																			"0"	"0"	"If more students are being accepted who cannot pass the final test the standards are too low."	"0"	"If the US suggestions are not listened to, the US loses influence."		"0"	"1"				"0"	"0"		"Making things worse is not the goal."	"0"	"0"	"A college education allows people to become more productive and betters society."	"0"		"Taking the money people need to support themselves does not help them."	"Access would only be guaranteed if land were open to the public."	"Home schooling is private education."	"A happy and prosperous nation is a positive outcome and should be supported."	"Important assignments are useful."	"Supporting a belief against a group of people does not help that group."
"3ZFRE2BDQ9QWENXPTWIAXTFLE54ZXH"	"3CGY4DPHZSWZ9UZ891XH6KA0YF1ILA"	"[Qualification HIT: Submit only one HIT] Select the incorrect claim of an argument and explain why it is incorrect [~8 mins]"	"This HIT requires creativity and logical thinking. See details in the HIT."	"Argumentation, NLP, natural language processing"	"$1.00"	"Tue Mar 28 21:04:02 CEST 2017"	"9"	"0"	"0"	"9"	"Reviewable"	"NotReviewed"	"mthit-00005.html"	"1200"	"604800"	"Fri Mar 31 21:04:02 CEST 2017"	"https://requester.mturk.com/mturk/manageHIT?HITId=3ZFRE2BDQ9QWENXPTWIAXTFLE54ZXH"	"37Z929RLGAKVIEZKJWS70HTWT3LSTW"	"A1LTAYZAMU1A4C"	"Approved"	"Tue Apr 04 21:14:51 CEST 2017"	"Tue Mar 28 21:04:27 CEST 2017"	"Tue Mar 28 21:14:51 CEST 2017"	"Wed Mar 29 10:13:21 CEST 2017"	""	""	""	""	""																					""	""																																																																																																																													"1"	"Core issues are subjectively defined by who argues for or against them."	"0"	"We could be putting those resources to a different better use."	"0"	"Individual attention is what makes teaching successful."	"0"	"on"	"0"	"Spouses give us more information about candidates to help us choose"	"1"	"Emergencies are just as likely to have with a home child birth as a hospital child birth"	"0"	"Reality shows perpetuate stereotypes based on sex and race too often"	"0"	"You can humanely manage cat claws with conservative items like scratching posts rather than surgery"	"0"	"Teach for America takes away opportunities from teachers who otherwise might have got a job"	"0"	"If we eliminate capital gains tax, growth would stagnate"
"3ZFRE2BDQ9QWENXPTWIAXTFLE54ZXH"	"3CGY4DPHZSWZ9UZ891XH6KA0YF1ILA"	"[Qualification HIT: Submit only one HIT] Select the incorrect claim of an argument and explain why it is incorrect [~8 mins]"	"This HIT requires creativity and logical thinking. See details in the HIT."	"Argumentation, NLP, natural language processing"	"$1.00"	"Tue Mar 28 21:04:02 CEST 2017"	"9"	"0"	"0"	"9"	"Reviewable"	"NotReviewed"	"mthit-00005.html"	"1200"	"604800"	"Fri Mar 31 21:04:02 CEST 2017"	"https://requester.mturk.com/mturk/manageHIT?HITId=3ZFRE2BDQ9QWENXPTWIAXTFLE54ZXH"	"3OUYGIZWR8AXPDM1TD03L1MG99I0PF"	"A10O5YR01H865K"	"Approved"	"Tue Apr 04 21:18:45 CEST 2017"	"Tue Mar 28 21:06:05 CEST 2017"	"Tue Mar 28 21:18:45 CEST 2017"	"Wed Mar 29 10:13:21 CEST 2017"	""	""	""	""	""																					""	""																																																																																																																													"0"	"They can still be politicians especially since politicians focus on core issues."	"0"	"It would be too expensive and unreasonable to build."	"0"		"0"		"0"		"0"	"They need proper medical care do to life threatening circumstances "	"0"		"0"	"There claws are a normal way of how they live."	"0"		"0"		"on"	"It can cause unwanted side effects."	"on"	"on"	"on"	"on"
"3ZFRE2BDQ9QWENXPTWIAXTFLE54ZXH"	"3CGY4DPHZSWZ9UZ891XH6KA0YF1ILA"	"[Qualification HIT: Submit only one HIT] Select the incorrect claim of an argument and explain why it is incorrect [~8 mins]"	"This HIT requires creativity and logical thinking. See details in the HIT."	"Argumentation, NLP, natural language processing"	"$1.00"	"Tue Mar 28 21:04:02 CEST 2017"	"9"	"0"	"0"	"9"	"Reviewable"	"NotReviewed"	"mthit-00005.html"	"1200"	"604800"	"Fri Mar 31 21:04:02 CEST 2017"	"https://requester.mturk.com/mturk/manageHIT?HITId=3ZFRE2BDQ9QWENXPTWIAXTFLE54ZXH"	"3570Y55XZQVO9VPNY2LPJK28KU9YG7"	"A15FXHC1CVNW31"	"Approved"	"Tue Apr 04 21:21:06 CEST 2017"	"Tue Mar 28 21:10:10 CEST 2017"	"Tue Mar 28 21:21:06 CEST 2017"	"Wed Mar 29 10:13:21 CEST 2017"	""	""	""	""	""																					""	""																																																																																																																													"0"	"Anyone strong enough involved in an issue can be an activist."	"1"	"For such a booming, industrialized state; it would be assist with business travel and living conditions quite a bit."	"0"	"Young students should not be given that much freedom; it also heps keep them supervised while parents are working."	"0"		"1"	"Spouses and family life is not a concern; we are voting for a candidate based on what THEY will do in their position, not their families."	"0"	"Its impossible to detect whether or not an emergency will arise and could potentially seriously injure the woman or child without immediate medical care that a hospital will provide. "	"0"		"1"	"If the cat is an indoor-only cat, they have no need for their claws. However, it should be the choice of the owner and not the government."	"1"		"0"	"Gains are still income and should be taxed as such."		"People should have the right to choose whether or not their children are given viruses."		"on"	"on"	
"3ZFRE2BDQ9QWENXPTWIAXTFLE54ZXH"	"3CGY4DPHZSWZ9UZ891XH6KA0YF1ILA"	"[Qualification HIT: Submit only one HIT] Select the incorrect claim of an argument and explain why it is incorrect [~8 mins]"	"This HIT requires creativity and logical thinking. See details in the HIT."	"Argumentation, NLP, natural language processing"	"$1.00"	"Tue Mar 28 21:04:02 CEST 2017"	"9"	"0"	"0"	"9"	"Reviewable"	"NotReviewed"	"mthit-00005.html"	"1200"	"604800"	"Fri Mar 31 21:04:02 CEST 2017"	"https://requester.mturk.com/mturk/manageHIT?HITId=3ZFRE2BDQ9QWENXPTWIAXTFLE54ZXH"	"3GM6G9ZBKO9SKJMFZZWLO8UQ1E3TML"	"A3MYPYBVHX7FQ2"	"Approved"	"Tue Apr 04 21:25:09 CEST 2017"	"Tue Mar 28 21:06:08 CEST 2017"	"Tue Mar 28 21:25:09 CEST 2017"	"Wed Mar 29 10:13:21 CEST 2017"	""	""	""	""	""																					"It was fun to do, I hope I did it well."	""																																																																																																																													"0"	"Politicians focused on core issues is the goal of the political system."	"0"	"The resources used for individual, road transportation are greater than the resources necessary to build a rail system."	"0"	"Online classes give students more opportunity to communicate with teachers and fellow learners."	"0"		"0"	"The spouse will not be governing."	"1"	"It's more comfortable at home, than in a health care facility."	"1"	"Reality shows are no worse than any other shows."	"0"	"There are more humane ways to mitigate the damage caused by cat's scratching behavior."	"0"	"Tax money raising awareness for teachers will improve the quality of professionals and professional behavior within the teaching community."	"1"	"Growth naturally increases under low capital gains."		"Vaccinations have irradicated or mitigated many diseases which otherwise would have killed large portions of the population."				
"3ZFRE2BDQ9QWENXPTWIAXTFLE54ZXH"	"3CGY4DPHZSWZ9UZ891XH6KA0YF1ILA"	"[Qualification HIT: Submit only one HIT] Select the incorrect claim of an argument and explain why it is incorrect [~8 mins]"	"This HIT requires creativity and logical thinking. See details in the HIT."	"Argumentation, NLP, natural language processing"	"$1.00"	"Tue Mar 28 21:04:02 CEST 2017"	"9"	"0"	"0"	"9"	"Reviewable"	"NotReviewed"	"mthit-00005.html"	"1200"	"604800"	"Fri Mar 31 21:04:02 CEST 2017"	"https://requester.mturk.com/mturk/manageHIT?HITId=3ZFRE2BDQ9QWENXPTWIAXTFLE54ZXH"	"34Z02EIMITPVH5F8AU9NQBNDYC30TK"	"AC8IEBY696VJO"	"Approved"	"Tue Apr 04 21:27:46 CEST 2017"	"Tue Mar 28 21:09:30 CEST 2017"	"Tue Mar 28 21:27:46 CEST 2017"	"Wed Mar 29 10:13:21 CEST 2017"	""	""	""	""	""																					""	""																																																																																																																													"0"	"Activists focus on core issues that matter to their communities"	"0"		"0"	"If a teacher can not individually assess work they can not identify areas that need help."	"0"	"on"	"0"		"1"	"The rate at which emergencies happen are the same, making the arguments for hospital safety negligible."	"0"	"Reality shows often force situations that perpetuate stereotypes of the participants."	"0"	"A cat that does not have claws will have no need to maintain them."	"1"	"Teachers are being given resources because they are deemed more important."	"0"	"A lower capital gains tax did not promote the economy."			"on"				"on"
"3ZFRE2BDQ9QWENXPTWIAXTFLE54ZXH"	"3CGY4DPHZSWZ9UZ891XH6KA0YF1ILA"	"[Qualification HIT: Submit only one HIT] Select the incorrect claim of an argument and explain why it is incorrect [~8 mins]"	"This HIT requires creativity and logical thinking. See details in the HIT."	"Argumentation, NLP, natural language processing"	"$1.00"	"Tue Mar 28 21:04:02 CEST 2017"	"9"	"0"	"0"	"9"	"Reviewable"	"NotReviewed"	"mthit-00005.html"	"1200"	"604800"	"Fri Mar 31 21:04:02 CEST 2017"	"https://requester.mturk.com/mturk/manageHIT?HITId=3ZFRE2BDQ9QWENXPTWIAXTFLE54ZXH"	"3LO69W1SU4P49WIOFNWZPC0CBF5LG2"	"A1BF7DK6RJHQA1"	"Approved"	"Tue Apr 04 21:51:57 CEST 2017"	"Tue Mar 28 21:32:12 CEST 2017"	"Tue Mar 28 21:51:57 CEST 2017"	"Wed Mar 29 10:13:22 CEST 2017"	""	""	""	""	""																					""	""																																																																																																																													"1"	"This seems to imply they are not versatile enough to support many issues.  "	"0"	"There is too much money involved in this project. Therefore California does not need a high speed rail. "	"0"	"Online classes are not the best means of teaching as there is no one on one which some students need. "	"0"		"0"	"Spouses can provide essential information about candidates and should be heard from.  "	"0"	"Women should not be encouraged to have a home birth because of emergency situations which may be best handled in a hospital setting.  "	"0"		"0"	"Cats need to maintain their claws with scratching therefore they need their claws.  "	"0"		"0"	"Growth was slower under lower capital gains and should be taken.  "		"Vaccines contain carcinogens and should not be mandatory.  "		"on"	"on"		
"3ZFRE2BDQ9QWENXPTWIAXTFLE54ZXH"	"3CGY4DPHZSWZ9UZ891XH6KA0YF1ILA"	"[Qualification HIT: Submit only one HIT] Select the incorrect claim of an argument and explain why it is incorrect [~8 mins]"	"This HIT requires creativity and logical thinking. See details in the HIT."	"Argumentation, NLP, natural language processing"	"$1.00"	"Tue Mar 28 21:04:02 CEST 2017"	"9"	"0"	"0"	"9"	"Reviewable"	"NotReviewed"	"mthit-00005.html"	"1200"	"604800"	"Fri Mar 31 21:04:02 CEST 2017"	"https://requester.mturk.com/mturk/manageHIT?HITId=3ZFRE2BDQ9QWENXPTWIAXTFLE54ZXH"	"3O7L7BFSHF14ZHEROP9YXTN8HWZIE9"	"A1OBWGLS5LRLT3"	"Approved"	"Tue Apr 04 22:03:52 CEST 2017"	"Tue Mar 28 21:48:38 CEST 2017"	"Tue Mar 28 22:03:52 CEST 2017"	"Wed Mar 29 10:13:22 CEST 2017"	""	""	""	""	""																					""	""																																																																																																																													"1"	"Activists focus on fringe issues, whereas politicians focus on more central, core issues designed to win campaigns."	"0"		"0"		"0"	"on"	"0"		"0"	"Life threatening emergencies might be rare, but they occur equally in both environments, and only a hospital is equipped to deal with them. "	"0"		"0"	"Scratching posts keep cats from scratching up other objects to maintain their claws."	"0"		"1"	"Because not taxing it will lead to better economic growth. "	"on"		"on"	"on"	"on"		"on"
"3ZFRE2BDQ9QWENXPTWIAXTFLE54ZXH"	"3CGY4DPHZSWZ9UZ891XH6KA0YF1ILA"	"[Qualification HIT: Submit only one HIT] Select the incorrect claim of an argument and explain why it is incorrect [~8 mins]"	"This HIT requires creativity and logical thinking. See details in the HIT."	"Argumentation, NLP, natural language processing"	"$1.00"	"Tue Mar 28 21:04:02 CEST 2017"	"9"	"0"	"0"	"9"	"Reviewable"	"NotReviewed"	"mthit-00005.html"	"1200"	"604800"	"Fri Mar 31 21:04:02 CEST 2017"	"https://requester.mturk.com/mturk/manageHIT?HITId=3ZFRE2BDQ9QWENXPTWIAXTFLE54ZXH"	"3M81GAB8A1VJ9CQQR6CH5N89594QBL"	"A3F6SDO4GYBE4Y"	"Approved"	"Tue Apr 04 22:15:37 CEST 2017"	"Tue Mar 28 22:04:28 CEST 2017"	"Tue Mar 28 22:15:37 CEST 2017"	"Wed Mar 29 10:13:22 CEST 2017"	""	""	""	""	""																					""	""																																																																																																																													"0"		"1"	"High speed rails would eliminate traffic problems and solve some environmental problems and if they use the funds properly they would be able to make this happen."	"1"	"Online classes can give you live help from a teacher and is one of the best ways for people to learn and get an education."	"1"		"1"	"We do not need to hear from them unless they are no longer the spouse because they will only say what they are told to say and it is monitored and we will not receive anymore truth from them."	"1"	"Home birth can be as safe as hospital births. Doctors or midwives are there and know what they are doing."	"0"	"Reality shows are fake and can teach some kids bad ways to live their lives and make them think that drinking, fighting and having sex is the way of life."	"1"	"There is no reason to have your cat declawed and it should not be made illegal because that is their defense mechanism out in the world."	"1"	"TFA has no burden on others going to school and messing with jobs. These people have to right as much as anyone else to be able to teach how they see fit."	"1"	"We need growth in the world so everyone can grow together. We need growth so things can flourish and make new things possible for all mankind. "		"Vaccines help protect not only your child but other children from harmful diseases and they should be made mandatory."						"on"
"3ZFRE2BDQ9QWENXPTWIAXTFLE54ZXH"	"3CGY4DPHZSWZ9UZ891XH6KA0YF1ILA"	"[Qualification HIT: Submit only one HIT] Select the incorrect claim of an argument and explain why it is incorrect [~8 mins]"	"This HIT requires creativity and logical thinking. See details in the HIT."	"Argumentation, NLP, natural language processing"	"$1.00"	"Tue Mar 28 21:04:02 CEST 2017"	"9"	"0"	"0"	"9"	"Reviewable"	"NotReviewed"	"mthit-00005.html"	"1200"	"604800"	"Fri Mar 31 21:04:02 CEST 2017"	"https://requester.mturk.com/mturk/manageHIT?HITId=3ZFRE2BDQ9QWENXPTWIAXTFLE54ZXH"	"3U84XHCDIDP82568ZNL7O2E70KKZ4U"	"A1VWJ6LH1E3GLN"	"Approved"	"Wed Apr 05 01:42:31 CEST 2017"	"Wed Mar 29 01:26:00 CEST 2017"	"Wed Mar 29 01:42:31 CEST 2017"	"Wed Mar 29 10:13:22 CEST 2017"	""	""	""	""	""																					"Interesting HIT.  "	""																																																																																																																													"1"	"They don't have enough time to both focus on their activist issues and be politicians."	"0"	"The high-speed rail is unnecessary simply because it is using too many resources that could be otherwise used."	"0"	"Online classes don't provide enough attention to each student."	"0"		"0"	"There is no unbiased piece of information that a spouse can give about their partner."	"1"	"It's just as likely for an emergency to happen at home as it is elsewhere."	"0"	"Racism and sexism can be seen in all types of TV shows."	"0"	"As long as you keep a scratching post available you will not need to declaw your cat because he will be able to maintain his claws at a reasonable level."	"0"	"The TFA doesn't deserve our tax money because they're not doing enough."	"1"	"Economic growth was not better during the capital gain tax."		"Some people don't want vaccinations because they believe they have harmful substances in them."						
