"hitid"	"hittypeid"	"title"	"description"	"keywords"	"reward"	"creationtime"	"assignments"	"numavailable"	"numpending"	"numcomplete"	"hitstatus"	"reviewstatus"	"annotation"	"assignmentduration"	"autoapprovaldelay"	"hitlifetime"	"viewhit"	"assignmentid"	"workerid"	"assignmentstatus"	"autoapprovaltime"	"assignmentaccepttime"	"assignmentsubmittime"	"assignmentapprovaltime"	"assignmentrejecttime"	"deadline"	"feedback"	"reject"	"Answer.collectedAnnotationResults"	"Answer.8889573_850_stance_group"	"Answer.8889573_850_opposingStance_warrant"	"Answer.16685682_98_stance_group"	"Answer.16685682_98_opposingStance_warrant"	"Answer.3651490_93_stance_group"	"Answer.3651490_93_opposingStance_warrant"	"Answer.17010578_0_stance_group"	"Answer.17010578_0_opposingStance_warrant"	"Answer.19124806_485_stance_group"	"Answer.19124806_485_opposingStance_warrant_impossible"	"Answer.3173882_189_stance_group"	"Answer.3173882_189_opposingStance_warrant"	"Answer.18546714_88_stance_group"	"Answer.18546714_88_opposingStance_warrant"	"Answer.3235492_430_stance_group"	"Answer.3235492_430_opposingStance_warrant"	"Answer.11540283_0_stance_group"	"Answer.11540283_0_opposingStance_warrant"	"Answer.6818491_263_stance_group"	"Answer.6818491_263_opposingStance_warrant"	"Answer.feedback"	"Answer.Submit HIT"	"Answer.17010578_0_opposingStance_warrant_impossible"	"Answer.19124806_485_opposingStance_warrant"	"Answer.3173882_189_opposingStance_warrant_impossible"	"Answer.6818491_263_opposingStance_warrant_impossible"	"Answer.8889573_850_opposingStance_warrant_impossible"	"Answer.11540283_0_opposingStance_warrant_impossible"	"Answer.3651490_93_opposingStance_warrant_impossible"	"Answer.9853997_613_stance_group"	"Answer.9853997_613_opposingStance_warrant"	"Answer.11541348_5_stance_group"	"Answer.11541348_5_opposingStance_warrant"	"Answer.11891248_45_stance_group"	"Answer.11891248_45_opposingStance_warrant_impossible"	"Answer.4967224_678_stance_group"	"Answer.4967224_678_opposingStance_warrant"	"Answer.6099856_284_stance_group"	"Answer.6099856_284_opposingStance_warrant"	"Answer.15507637_225_stance_group"	"Answer.15507637_225_opposingStance_warrant"	"Answer.19120938_0_stance_group"	"Answer.19120938_0_opposingStance_warrant"	"Answer.8834740_349_stance_group"	"Answer.8834740_349_opposingStance_warrant"	"Answer.16621092_0_stance_group"	"Answer.16621092_0_opposingStance_warrant"	"Answer.15978072_125_stance_group"	"Answer.15978072_125_opposingStance_warrant"	"Answer.11891248_45_opposingStance_warrant"	"Answer.19120938_0_opposingStance_warrant_impossible"	"Answer.16621092_0_opposingStance_warrant_impossible"	"Answer.9853997_613_opposingStance_warrant_impossible"	"Answer.4967224_678_opposingStance_warrant_impossible"	"Answer.15507637_225_opposingStance_warrant_impossible"	"Answer.15978072_125_opposingStance_warrant_impossible"	"Answer.4373275_92_opposingStance_warrant"	"Answer.13843343_254_opposingStance_warrant"	"Answer.10949342_224_opposingStance_warrant"	"Answer.5477994_253_stance_group"	"Answer.13843343_254_stance_group"	"Answer.4427401_48_opposingStance_warrant"	"Answer.10523770_0_opposingStance_warrant"	"Answer.12013230_175_opposingStance_warrant_impossible"	"Answer.12013230_175_stance_group"	"Answer.10949342_224_stance_group"	"Answer.10523770_0_stance_group"	"Answer.18303085_493_opposingStance_warrant"	"Answer.3188226_11_opposingStance_warrant"	"Answer.16964122_0_stance_group"	"Answer.4373275_92_stance_group"	"Answer.18303085_493_stance_group"	"Answer.16964122_0_opposingStance_warrant_impossible"	"Answer.5477994_253_opposingStance_warrant_impossible"	"Answer.3188226_11_stance_group"	"Answer.4427401_48_stance_group"	"Answer.18303085_493_opposingStance_warrant_impossible"	"Answer.4427401_48_opposingStance_warrant_impossible"	"Answer.16964122_0_opposingStance_warrant"	"Answer.12013230_175_opposingStance_warrant"	"Answer.5477994_253_opposingStance_warrant"	"Answer.4373275_92_opposingStance_warrant_impossible"	"Answer.16632833_240_stance_group"	"Answer.16632833_240_opposingStance_warrant"	"Answer.9863387_59_stance_group"	"Answer.9863387_59_opposingStance_warrant"	"Answer.11525742_287_stance_group"	"Answer.11525742_287_opposingStance_warrant"	"Answer.6511026_556_stance_group"	"Answer.6511026_556_opposingStance_warrant"	"Answer.9308555_258_stance_group"	"Answer.9308555_258_opposingStance_warrant"	"Answer.19121820_0_stance_group"	"Answer.19121820_0_opposingStance_warrant"	"Answer.15164199_250_stance_group"	"Answer.15164199_250_opposingStance_warrant"	"Answer.15163752_69_stance_group"	"Answer.15163752_69_opposingStance_warrant"	"Answer.7228428_249_stance_group"	"Answer.7228428_249_opposingStance_warrant"	"Answer.16100791_62_stance_group"	"Answer.16100791_62_opposingStance_warrant"	"Answer.15164199_250_opposingStance_warrant_impossible"	"Answer.16100791_62_opposingStance_warrant_impossible"	"Answer.7228428_249_opposingStance_warrant_impossible"	"Answer.11525742_287_opposingStance_warrant_impossible"	"Answer.9308555_258_opposingStance_warrant_impossible"	"Answer.15163752_69_opposingStance_warrant_impossible"	"Answer.6511026_556_opposingStance_warrant_impossible"	"Answer.19121820_0_opposingStance_warrant_impossible"	"Answer.3175740_0_opposingStance_warrant_impossible"	"Answer.4842409_0_opposingStance_warrant_impossible"	"Answer.16177946_0_stance_group"	"Answer.17278571_164_stance_group"	"Answer.16177946_0_opposingStance_warrant"	"Answer.12099899_102_stance_group"	"Answer.6947973_263_opposingStance_warrant"	"Answer.4425252_591_opposingStance_warrant_impossible"	"Answer.15377864_340_stance_group"	"Answer.4842409_0_stance_group"	"Answer.10226499_0_opposingStance_warrant"	"Answer.15377864_340_opposingStance_warrant_impossible"	"Answer.12099899_102_opposingStance_warrant_impossible"	"Answer.17141312_228_stance_group"	"Answer.6947973_263_stance_group"	"Answer.3175740_0_stance_group"	"Answer.4425252_591_stance_group"	"Answer.17278571_164_opposingStance_warrant"	"Answer.10226499_0_stance_group"	"Answer.17141312_228_opposingStance_warrant"	"Answer.15377864_340_opposingStance_warrant"	"Answer.12099899_102_opposingStance_warrant"	"Answer.3175740_0_opposingStance_warrant"	"Answer.4842409_0_opposingStance_warrant"	"Answer.4425252_591_opposingStance_warrant"	"Answer.17141312_228_opposingStance_warrant_impossible"	"Answer.6947973_263_opposingStance_warrant_impossible"	"Answer.16177946_0_opposingStance_warrant_impossible"	"Answer.17278571_164_opposingStance_warrant_impossible"	"Answer.10226499_0_opposingStance_warrant_impossible"	"Answer.17502811_263_stance_group"	"Answer.17502811_263_opposingStance_warrant"	"Answer.5373079_114_stance_group"	"Answer.5373079_114_opposingStance_warrant"	"Answer.3648184_158_stance_group"	"Answer.3648184_158_opposingStance_warrant"	"Answer.11408162_97_stance_group"	"Answer.11408162_97_opposingStance_warrant"	"Answer.7049483_341_stance_group"	"Answer.7049483_341_opposingStance_warrant"	"Answer.14227993_62_stance_group"	"Answer.14227993_62_opposingStance_warrant"	"Answer.7440879_181_stance_group"	"Answer.7440879_181_opposingStance_warrant"	"Answer.17014181_38_stance_group"	"Answer.17014181_38_opposingStance_warrant"	"Answer.2261031_49_stance_group"	"Answer.2261031_49_opposingStance_warrant"	"Answer.6891432_427_stance_group"	"Answer.6891432_427_opposingStance_warrant"	"Answer.2261031_49_opposingStance_warrant_impossible"	"Answer.11408162_97_opposingStance_warrant_impossible"	"Answer.6891432_427_opposingStance_warrant_impossible"
"356ZPKYPUHTR0OLTBJ6AP9KG6C8YPI"	"3CGY4DPHZSWZ9UZ891XH6KA0YF1ILA"	"[Qualification HIT: Submit only one HIT] Select the incorrect claim of an argument and explain why it is incorrect [~8 mins]"	"This HIT requires creativity and logical thinking. See details in the HIT."	"Argumentation, NLP, natural language processing"	"$1.00"	"Tue Mar 28 15:38:17 CEST 2017"	"9"	"0"	"0"	"9"	"Reviewable"	"NotReviewed"	"mthit-00000.html"	"1200"	"604800"	"Fri Mar 31 15:38:17 CEST 2017"	"https://requester.mturk.com/mturk/manageHIT?HITId=356ZPKYPUHTR0OLTBJ6AP9KG6C8YPI"	"3YMTUJH0DTSCGTX9TVWP2EDQFNV4TE"	"A142ZRU284W9O"	"Approved"	"Tue Apr 04 15:51:30 CEST 2017"	"Tue Mar 28 15:38:58 CEST 2017"	"Tue Mar 28 15:51:30 CEST 2017"	"Wed Mar 29 10:13:01 CEST 2017"	""	""	""	""	""	"0"	"The reason is pointing out advantages of teaching cursive."	"0"	"The claim is countering the major argument against refugees, that they're somehow dangerous or connected to terrorist groups."	"0"	"The claim doesn't say anything in support of online classes specifically."	"0"	"Assuming one equates ""unaccaptable"" with ""should be illegal,"" this claim supports making it illegal to declaw cats."	"0"	"on"	"0"	"People pay taxes because school is a public good, not because they're paying for the service directly."	"0"	"Brazil is focused on things other than the Olympics."	"1"	"The claim gives no information in support of extreme parenting."	"0"	"The claim points out important effects of the Rock Hall of Fame."	"1"	"Sports should be about athletic ability."	""	""
"356ZPKYPUHTR0OLTBJ6AP9KG6C8YPI"	"3CGY4DPHZSWZ9UZ891XH6KA0YF1ILA"	"[Qualification HIT: Submit only one HIT] Select the incorrect claim of an argument and explain why it is incorrect [~8 mins]"	"This HIT requires creativity and logical thinking. See details in the HIT."	"Argumentation, NLP, natural language processing"	"$1.00"	"Tue Mar 28 15:38:17 CEST 2017"	"9"	"0"	"0"	"9"	"Reviewable"	"NotReviewed"	"mthit-00000.html"	"1200"	"604800"	"Fri Mar 31 15:38:17 CEST 2017"	"https://requester.mturk.com/mturk/manageHIT?HITId=356ZPKYPUHTR0OLTBJ6AP9KG6C8YPI"	"3FE2ERCCZYKISUEKVY2EB2IY7BAOP3"	"A1ZB2NY0F9QNP0"	"Approved"	"Tue Apr 04 15:55:25 CEST 2017"	"Tue Mar 28 15:38:53 CEST 2017"	"Tue Mar 28 15:55:25 CEST 2017"	"Wed Mar 29 10:13:01 CEST 2017"	""	""	""	""	""	"0"	"Cursive is seen as something that helps students and is therefore useful."	"1"	"Economic migrants are not terrorists."	"0"	"Students are passing the classes at too low of a rate."	"0"		"0"		"0"		"0"	"No one will be disappointed by postponing the Olympics"	"0"	"Her daughter's life was improved by extreme parenting"	"0"	"The hall of fame is useful for learning"	"0"	"Sports are not supposed to be about the effectiveness of various chemicals"	"I think more explanations/examples would have been helpful."	""	"on"	"Denouncing a candidate would be considered voicing an opinion."	"on"
"356ZPKYPUHTR0OLTBJ6AP9KG6C8YPI"	"3CGY4DPHZSWZ9UZ891XH6KA0YF1ILA"	"[Qualification HIT: Submit only one HIT] Select the incorrect claim of an argument and explain why it is incorrect [~8 mins]"	"This HIT requires creativity and logical thinking. See details in the HIT."	"Argumentation, NLP, natural language processing"	"$1.00"	"Tue Mar 28 15:38:17 CEST 2017"	"9"	"0"	"0"	"9"	"Reviewable"	"NotReviewed"	"mthit-00000.html"	"1200"	"604800"	"Fri Mar 31 15:38:17 CEST 2017"	"https://requester.mturk.com/mturk/manageHIT?HITId=356ZPKYPUHTR0OLTBJ6AP9KG6C8YPI"	"3Z4AIRP3C7P25B9ABNEKTJRTGZA1XI"	"A1H053T5EXI6EP"	"Approved"	"Tue Apr 04 16:16:13 CEST 2017"	"Tue Mar 28 16:00:39 CEST 2017"	"Tue Mar 28 16:16:13 CEST 2017"	"Wed Mar 29 10:13:01 CEST 2017"	""	""	""	""	""	"0"	"The entire argument here is that cursive is useful so the claim that they should not be taught is incorrect."	"0"	"If they are hurting the economy then the claim to not shun them is incorrect."	"1"	"Online classes allow students to learn at a better pace and with less distractions."	"1"	"If it is not causing the cat pain, and if the cat will be totally domesticated and cared for, there is no reason not to declaw them."	"0"		"1"	"If they are not pulling the resources from the public school system they should not have to pay into that system."	"0"	"The Olympics have been held on a regular schedule for to long for it to be postponed for these reasons."	"0"	"For decades reasonable parenting has proven itself more effective than extreme."	"0"	"Rock and Roll is part of our history and music means a great deal to many people so this statement is totally incorrect."	"0"	"Doping give players an unfair advantage and ruins the purity of the sport so this is a bad claim."	"Very interesting, I hope I can qualify to do more."	""		"Under laws of free speech they claim that it cant denounce should be incorrect."	
"356ZPKYPUHTR0OLTBJ6AP9KG6C8YPI"	"3CGY4DPHZSWZ9UZ891XH6KA0YF1ILA"	"[Qualification HIT: Submit only one HIT] Select the incorrect claim of an argument and explain why it is incorrect [~8 mins]"	"This HIT requires creativity and logical thinking. See details in the HIT."	"Argumentation, NLP, natural language processing"	"$1.00"	"Tue Mar 28 15:38:17 CEST 2017"	"9"	"0"	"0"	"9"	"Reviewable"	"NotReviewed"	"mthit-00000.html"	"1200"	"604800"	"Fri Mar 31 15:38:17 CEST 2017"	"https://requester.mturk.com/mturk/manageHIT?HITId=356ZPKYPUHTR0OLTBJ6AP9KG6C8YPI"	"3E7TUJ2EGDY6WA7OO0S1EI6KYTN9DY"	"A2XCSFZKU13WMY"	"Approved"	"Tue Apr 04 16:21:34 CEST 2017"	"Tue Mar 28 16:03:56 CEST 2017"	"Tue Mar 28 16:21:34 CEST 2017"	"Wed Mar 29 10:13:01 CEST 2017"	""	""	""	""	""	"0"	"It sets up the arguement that it should be taught."	"0"	"It explains that the refugees are economic migrants, possibly to counter the claim. "	"1"	"Can't tell which stance the reason is taking. "	"0"		"0"		"0"	"The reason states that people ahve to pay taxes that go to the school even though they have no kids, so parents shouldn't get a tax break. "	"0"	"The reason is cleary against the Olympics, but hard to tell the stance on postponing"	"1"	"It's hard to tell which side the reason is on. "	"0"	"The reason is cleary for the Rock and Roll Hall of Fame."	"0"		""	""	"on"	"The reason cleary is for the justice having power. "		"on"
"356ZPKYPUHTR0OLTBJ6AP9KG6C8YPI"	"3CGY4DPHZSWZ9UZ891XH6KA0YF1ILA"	"[Qualification HIT: Submit only one HIT] Select the incorrect claim of an argument and explain why it is incorrect [~8 mins]"	"This HIT requires creativity and logical thinking. See details in the HIT."	"Argumentation, NLP, natural language processing"	"$1.00"	"Tue Mar 28 15:38:17 CEST 2017"	"9"	"0"	"0"	"9"	"Reviewable"	"NotReviewed"	"mthit-00000.html"	"1200"	"604800"	"Fri Mar 31 15:38:17 CEST 2017"	"https://requester.mturk.com/mturk/manageHIT?HITId=356ZPKYPUHTR0OLTBJ6AP9KG6C8YPI"	"3NS0A6KXC5KOELZSUON8XRBAQOQGZT"	"A15JP0TGZKLNIZ"	"Approved"	"Tue Apr 04 16:21:40 CEST 2017"	"Tue Mar 28 16:12:27 CEST 2017"	"Tue Mar 28 16:21:40 CEST 2017"	"Wed Mar 29 10:13:01 CEST 2017"	""	""	""	""	""	"0"		"0"	"If the refugees are economic, they are contributing to the economic success to the country and therefore should not be shunned."	"1"	"The reason does not speak of how well online teaching is."	"0"	"If it is unacceptable to declaw a cat, then it should NOT be legal."	"0"		"0"	"The reason is supporting all citizens pay school taxes. Therefore, even home schoolers should have to pay."	"0"	"If no one is excited, then it'd be more accepted to just postpone the Olympics."	"0"	"If he experienced success, then the parenting could not possibly be counterproductive."	"0"	"The writer found merit in exploring the hall of fame of Rock."	"0"	"If performance was only based on drugs, then there would be no competition between actual humans."	"Fun!! I want to do more"	""		"It can denounce if that if their opinion."			"on"
"356ZPKYPUHTR0OLTBJ6AP9KG6C8YPI"	"3CGY4DPHZSWZ9UZ891XH6KA0YF1ILA"	"[Qualification HIT: Submit only one HIT] Select the incorrect claim of an argument and explain why it is incorrect [~8 mins]"	"This HIT requires creativity and logical thinking. See details in the HIT."	"Argumentation, NLP, natural language processing"	"$1.00"	"Tue Mar 28 15:38:17 CEST 2017"	"9"	"0"	"0"	"9"	"Reviewable"	"NotReviewed"	"mthit-00000.html"	"1200"	"604800"	"Fri Mar 31 15:38:17 CEST 2017"	"https://requester.mturk.com/mturk/manageHIT?HITId=356ZPKYPUHTR0OLTBJ6AP9KG6C8YPI"	"3L0KT67Y8FSRZ0YET2F68YLB85HSYZ"	"A2YKW761AK4ZGY"	"Approved"	"Tue Apr 04 16:24:21 CEST 2017"	"Tue Mar 28 16:04:55 CEST 2017"	"Tue Mar 28 16:24:21 CEST 2017"	"Wed Mar 29 10:13:01 CEST 2017"	""	""	""	""	""	"0"		"0"	"Stating that the refugees are migrating for reasons of economy rather than escaping war shows that the author wants Europe to shun refugees. "	"0"	"From the authors point of view the passing rate for online classes is 75% which is lower than conventional classes, therefore online classes should not be taught."	"0"		"0"	"on"	"0"		"1"	"The writer is of the opinion that no one cares about the Olympics therefore them happening or not is irrelevant."	"0"	"It appears as though the writer was able to improve their daughters life through extreme parenting, so they advocate for it. "	"0"		"0"	"Sport would not be about the athletes but about the drug companies if doping is allowed."	""	""	"on"		"on"		"on"	"on"
"356ZPKYPUHTR0OLTBJ6AP9KG6C8YPI"	"3CGY4DPHZSWZ9UZ891XH6KA0YF1ILA"	"[Qualification HIT: Submit only one HIT] Select the incorrect claim of an argument and explain why it is incorrect [~8 mins]"	"This HIT requires creativity and logical thinking. See details in the HIT."	"Argumentation, NLP, natural language processing"	"$1.00"	"Tue Mar 28 15:38:17 CEST 2017"	"9"	"0"	"0"	"9"	"Reviewable"	"NotReviewed"	"mthit-00000.html"	"1200"	"604800"	"Fri Mar 31 15:38:17 CEST 2017"	"https://requester.mturk.com/mturk/manageHIT?HITId=356ZPKYPUHTR0OLTBJ6AP9KG6C8YPI"	"3CN4LGXD5Y08XFW331JOAV55UPD4Y3"	"A27SMEOPKV84VI"	"Approved"	"Tue Apr 04 16:32:42 CEST 2017"	"Tue Mar 28 16:13:08 CEST 2017"	"Tue Mar 28 16:32:42 CEST 2017"	"Wed Mar 29 10:13:01 CEST 2017"	""	""	""	""	""	"0"	"Cursive is still being used by many and students will need to learn it in order to read it."	"0"	"Refugees coming into Europe are actually just looking to better their own lives rather than inflicting terror on others."	"1"	"By having online classes, this allows students to focus on their studies comfortably at their own rate and truly study for their futures."	"0"	"Declawing a cat is cruel and inhumane."	"0"		"0"	"Everyone pays school taxes, even those without children, so it would be unfair to only give tax breaks to those who homeschool."	"1"	"Since nobody is excited about the Olympics, there is no point in postponing due to other crises."	"0"	"Extreme Parenting now instills good behavior and respect for a child to have life skills when he/she is independent."	"0"	"Rock Hall of Fame gives an outlet to someone who needs a fun topic to focus on and move past hard times."	"0"	"Doping would be done by everybody and it would become a matter of who scored the best drugs."	""	""		"The justice has freedom of speech rights just like the rest of the citizens of the United States."				
"356ZPKYPUHTR0OLTBJ6AP9KG6C8YPI"	"3CGY4DPHZSWZ9UZ891XH6KA0YF1ILA"	"[Qualification HIT: Submit only one HIT] Select the incorrect claim of an argument and explain why it is incorrect [~8 mins]"	"This HIT requires creativity and logical thinking. See details in the HIT."	"Argumentation, NLP, natural language processing"	"$1.00"	"Tue Mar 28 15:38:17 CEST 2017"	"9"	"0"	"0"	"9"	"Reviewable"	"NotReviewed"	"mthit-00000.html"	"1200"	"604800"	"Fri Mar 31 15:38:17 CEST 2017"	"https://requester.mturk.com/mturk/manageHIT?HITId=356ZPKYPUHTR0OLTBJ6AP9KG6C8YPI"	"3X3OR7WPZ0CPGHC6WPKBXZJENW5L8Z"	"A3FPXLLF0B8CIC"	"Approved"	"Tue Apr 04 16:33:09 CEST 2017"	"Tue Mar 28 16:17:55 CEST 2017"	"Tue Mar 28 16:33:09 CEST 2017"	"Wed Mar 29 10:13:01 CEST 2017"	""	""	""	""	""	"1"	"cursive is required for signatures and should briefly be taught for that reason"	"0"	"one bad refugee does not mean all are bad"	"0"	"how the class is taught has nothing to do with the passing rate"	"0"	"there is no explanation to why declawing a cat should be unacceptable or illegal"	"0"		"1"	"it is most fair for everyone to pay scool taxes"	"0"	"the person giving the argument does not know how many people caer about the olympics"	"0"	"the person never said what parenting method improved their daughter's life"	"1"	"the rock hall of fame showcases the all-time greats in rock, and rock fans should learn about them"	"1"	"placing an emphasis on drugs takes away from the focus of athleticsim and sportsmanship"	""	""		"a justice's job is to interpret laws regardless of who gets elected"				
"356ZPKYPUHTR0OLTBJ6AP9KG6C8YPI"	"3CGY4DPHZSWZ9UZ891XH6KA0YF1ILA"	"[Qualification HIT: Submit only one HIT] Select the incorrect claim of an argument and explain why it is incorrect [~8 mins]"	"This HIT requires creativity and logical thinking. See details in the HIT."	"Argumentation, NLP, natural language processing"	"$1.00"	"Tue Mar 28 15:38:17 CEST 2017"	"9"	"0"	"0"	"9"	"Reviewable"	"NotReviewed"	"mthit-00000.html"	"1200"	"604800"	"Fri Mar 31 15:38:17 CEST 2017"	"https://requester.mturk.com/mturk/manageHIT?HITId=356ZPKYPUHTR0OLTBJ6AP9KG6C8YPI"	"3PEIJLRY6U5V6CPD8B35M9HNCCJWXC"	"A1CPNA5L0J834N"	"Approved"	"Tue Apr 04 17:05:16 CEST 2017"	"Tue Mar 28 16:53:43 CEST 2017"	"Tue Mar 28 17:05:16 CEST 2017"	"Wed Mar 29 10:13:01 CEST 2017"	""	""	""	""	""	"0"		"0"	"because it was nothing to do with it"	"0"		"0"	"because it is not acceptable to declaw a cat"	"0"	"on"	"1"	"because everyone has to pay the taxes including people without children"	"1"	"because no one cares about the olympics anyway"	"1"	"it doesn't really explain either way how they feel "	"0"	"because it does matter it helps heal and gain knowledge"	"0"	"because it would be a drug competition instead"	"this was a little bit confusing in how it was worded and also with the short timer was hard to get through everything; I felt like I was rushing because of the timer.. "	""					"on"		"on"
"3BKZLF990ZBC00M8BWLZPEAQB8UYQ9"	"3CGY4DPHZSWZ9UZ891XH6KA0YF1ILA"	"[Qualification HIT: Submit only one HIT] Select the incorrect claim of an argument and explain why it is incorrect [~8 mins]"	"This HIT requires creativity and logical thinking. See details in the HIT."	"Argumentation, NLP, natural language processing"	"$1.00"	"Tue Mar 28 15:38:17 CEST 2017"	"9"	"0"	"0"	"9"	"Reviewable"	"NotReviewed"	"mthit-00001.html"	"1200"	"604800"	"Fri Mar 31 15:38:17 CEST 2017"	"https://requester.mturk.com/mturk/manageHIT?HITId=3BKZLF990ZBC00M8BWLZPEAQB8UYQ9"	"36H9ULYP636S06YT1IE4RCN86BDJFC"	"A1Y55YV1WA1TTD"	"Approved"	"Tue Apr 04 15:48:12 CEST 2017"	"Tue Mar 28 15:38:52 CEST 2017"	"Tue Mar 28 15:48:12 CEST 2017"	"Wed Mar 29 10:13:01 CEST 2017"	""	""	""	""	""																					"cool hit"	""								"0"	"because the person is stating they wouldnt have met their friends if they were living in an apartment, that is presumably off-campus."	"0"	"Because Rock and Roll is entertainment, and entertainment matters, it can be inferred that the Rock and ROll Hall of Fame matters."	"0"	"on"	"0"	"Legislation provides rights and the argument states that obese people should have rights so the claim that obese should not be protected is the incorrect claim."	"0"	"The reason states a disparity between high and low income needs and therefore infers a need for regulation.  The fees are necessary claim is invalid in this question."	"1"	"Stating that leaving teens to their devices is a gamble is stating that it is of concern.  Not being a concern is the exact opposite of the argument."	"0"	"She has a right to speak her mind as stated and therefore the no it cant denounce claim is incorrect."	"0"	"The argument is leaning towards the fact that it wouldn't be a big loss to drop sports programs due to the low participation rates.  The claim to not drop is incorrect in this case."	"0"	"Pretty clear cut here about the companies cheating within the argument.  Companies being trusted is incorrect claim here."	"1"	"Claiming that a nation needs protected borders infers that there is a problem with immigration and therefore the claim that immigration is not really a problem is invalid and incorrect."
"3BKZLF990ZBC00M8BWLZPEAQB8UYQ9"	"3CGY4DPHZSWZ9UZ891XH6KA0YF1ILA"	"[Qualification HIT: Submit only one HIT] Select the incorrect claim of an argument and explain why it is incorrect [~8 mins]"	"This HIT requires creativity and logical thinking. See details in the HIT."	"Argumentation, NLP, natural language processing"	"$1.00"	"Tue Mar 28 15:38:17 CEST 2017"	"9"	"0"	"0"	"9"	"Reviewable"	"NotReviewed"	"mthit-00001.html"	"1200"	"604800"	"Fri Mar 31 15:38:17 CEST 2017"	"https://requester.mturk.com/mturk/manageHIT?HITId=3BKZLF990ZBC00M8BWLZPEAQB8UYQ9"	"3PZDLQMM0UXLRYGB3VIBKPGO7NZ2CX"	"A1F9KLZGHE9DTA"	"Approved"	"Tue Apr 04 15:55:06 CEST 2017"	"Tue Mar 28 15:38:46 CEST 2017"	"Tue Mar 28 15:55:06 CEST 2017"	"Wed Mar 29 10:13:03 CEST 2017"	""	""	""	""	""																					"Thanks for the HIT!  I did my best and hope the data is useful!  This is my first time doing on of these tasks so please don't judge too harshly."	""								"0"	"The reason given indicates that the person lived on campus and therefore does not support the notion that students should live off campus."	"0"	"The reason suggests that the Rock Hall of Fame matters because it is implied that it falls under the umbrella of entertainment (which does matter)."	"0"	"on"	"0"	"The claim is incorrect because it is stated that obese people have rights and thus should not be discriminated against."	"0"	"The reason implies that lower income people are not being taken care of in a just way and so banks need to be more closely regulated."	"1"	"The reason implies that kids cannot be completely go without being monitored and this Internet addiction is a concern."	"0"	"The logic set forth by this reason is that ""what's good for one is good for the others"" so if one judge can speak their mind (in regards to candidate preference) so should they all be able to."	"1"	"The reason suggests that, since only a relative few college students participate in sports, such programs have no need to be dropped."	"0"	"The reason implies that regulations are already lenient enough...and so the claim that companies can be trusted is incorrect."	"1"	"The reason states that a nation does need borders which implies that immigration is indeed a problem."
"3BKZLF990ZBC00M8BWLZPEAQB8UYQ9"	"3CGY4DPHZSWZ9UZ891XH6KA0YF1ILA"	"[Qualification HIT: Submit only one HIT] Select the incorrect claim of an argument and explain why it is incorrect [~8 mins]"	"This HIT requires creativity and logical thinking. See details in the HIT."	"Argumentation, NLP, natural language processing"	"$1.00"	"Tue Mar 28 15:38:17 CEST 2017"	"9"	"0"	"0"	"9"	"Reviewable"	"NotReviewed"	"mthit-00001.html"	"1200"	"604800"	"Fri Mar 31 15:38:17 CEST 2017"	"https://requester.mturk.com/mturk/manageHIT?HITId=3BKZLF990ZBC00M8BWLZPEAQB8UYQ9"	"3U5JL4WY5LLJXA6TY5XMRHYWSJJ4XX"	"A3L0DCUXI7X3A9"	"Approved"	"Tue Apr 04 15:57:23 CEST 2017"	"Tue Mar 28 15:44:58 CEST 2017"	"Tue Mar 28 15:57:23 CEST 2017"	"Wed Mar 29 10:13:03 CEST 2017"	""	""	""	""	""																					"no problems"	""								"0"	"Living off campus would not have allowed for the experience to occur."	"0"	"It matters to the individual making the claim."	"0"		"0"	"All minority groups need the protection of the law by the government."	"0"	"All of the institutions customers should receive financial assistance no matter their income level."	"1"	"Kids need to be taught moderation in all things."	"0"	"All people have the right in this country to voice their opinions."	"0"	"There are not enough people taking part to justify the additional costs."	"0"	"Companies will attempt to get around any regulations."	"1"	"Immigration might allow in people who would cause a problem in the U.S."	"All learning institutions need to meet a minimum standard."
"3BKZLF990ZBC00M8BWLZPEAQB8UYQ9"	"3CGY4DPHZSWZ9UZ891XH6KA0YF1ILA"	"[Qualification HIT: Submit only one HIT] Select the incorrect claim of an argument and explain why it is incorrect [~8 mins]"	"This HIT requires creativity and logical thinking. See details in the HIT."	"Argumentation, NLP, natural language processing"	"$1.00"	"Tue Mar 28 15:38:17 CEST 2017"	"9"	"0"	"0"	"9"	"Reviewable"	"NotReviewed"	"mthit-00001.html"	"1200"	"604800"	"Fri Mar 31 15:38:17 CEST 2017"	"https://requester.mturk.com/mturk/manageHIT?HITId=3BKZLF990ZBC00M8BWLZPEAQB8UYQ9"	"3JRJSWSMQIXP9EW83M2BTNLJYDDE3E"	"A2P065E9CYMYJL"	"Approved"	"Tue Apr 04 16:00:28 CEST 2017"	"Tue Mar 28 15:52:05 CEST 2017"	"Tue Mar 28 16:00:28 CEST 2017"	"Wed Mar 29 10:13:03 CEST 2017"	""	""	""	""	""																					""	""								"0"		"0"	"It matters because entertainment is important to people."	"0"		"0"		"1"	"People with high income are getting a better deal"	"1"	"Leaving them alone too long can have bad reactions."	"0"		"1"	"Few people are part of the teams so it's not needed."	"1"		"1"	"A country needs it's borders protected."	"They should not grade colleges because teachers will be effected."	"on"	"on"	"on"	"on"
"3BKZLF990ZBC00M8BWLZPEAQB8UYQ9"	"3CGY4DPHZSWZ9UZ891XH6KA0YF1ILA"	"[Qualification HIT: Submit only one HIT] Select the incorrect claim of an argument and explain why it is incorrect [~8 mins]"	"This HIT requires creativity and logical thinking. See details in the HIT."	"Argumentation, NLP, natural language processing"	"$1.00"	"Tue Mar 28 15:38:17 CEST 2017"	"9"	"0"	"0"	"9"	"Reviewable"	"NotReviewed"	"mthit-00001.html"	"1200"	"604800"	"Fri Mar 31 15:38:17 CEST 2017"	"https://requester.mturk.com/mturk/manageHIT?HITId=3BKZLF990ZBC00M8BWLZPEAQB8UYQ9"	"3OVR4I9USQVZOD5HCR2UX923VGW4Q0"	"A20X14OMRL0YPZ"	"Approved"	"Tue Apr 04 16:03:28 CEST 2017"	"Tue Mar 28 15:50:07 CEST 2017"	"Tue Mar 28 16:03:28 CEST 2017"	"Wed Mar 29 10:13:03 CEST 2017"	""	""	""	""	""																					"This was more difficult than I thought."	""								"0"	"On campus living provides unique opportunities for making friends"	"0"	"People care about the entertainment they receive and who is recognized for it"	"0"	"on"	"0"	"Businesses should treat everyone equally"	"0"	"Low income customers are not recieving the same benefits as high income customers but low income customers pay a significantly higher percentage of their money in fees."	"0"	"Every teenager is different and you don't know what is an addiction or not for each in a world so full of technology."	"0"	"A Justice is still a person and it is her job to not let politics color her decision"	"1"	"Not many students are actually going to benefit from dropping sports"	"0"	"Companies are going to cheat or do these things without regulations but should be punished"	"0"	"Protected borders aren't effective in slowing undocumented immigration."					
"3BKZLF990ZBC00M8BWLZPEAQB8UYQ9"	"3CGY4DPHZSWZ9UZ891XH6KA0YF1ILA"	"[Qualification HIT: Submit only one HIT] Select the incorrect claim of an argument and explain why it is incorrect [~8 mins]"	"This HIT requires creativity and logical thinking. See details in the HIT."	"Argumentation, NLP, natural language processing"	"$1.00"	"Tue Mar 28 15:38:17 CEST 2017"	"9"	"0"	"0"	"9"	"Reviewable"	"NotReviewed"	"mthit-00001.html"	"1200"	"604800"	"Fri Mar 31 15:38:17 CEST 2017"	"https://requester.mturk.com/mturk/manageHIT?HITId=3BKZLF990ZBC00M8BWLZPEAQB8UYQ9"	"320DUZ38G8YYE6UOC2KM9XNK7QDJGB"	"A33QUS4NRVVMTN"	"Approved"	"Tue Apr 04 16:08:04 CEST 2017"	"Tue Mar 28 15:55:25 CEST 2017"	"Tue Mar 28 16:08:04 CEST 2017"	"Wed Mar 29 10:13:03 CEST 2017"	""	""	""	""	""																					""	""								"0"	"If they live off campus, they couldn't socialize with their peers. "	"0"	"Rock Hall of Fame is entertainment. "	"0"		"0"	"Everyone has rights even if they are obese. "	"0"	"Customers do not always benefit from fees. "	"1"		"0"	"The Supreme Court must be unbiased. "	"1"	"Students still participate in sports. "	"0"	"They cheat on regulations. "	"1"	"Immigration impacts border control. "	"If the government grades colleges, teachers lose jobs. "					"on"
"3BKZLF990ZBC00M8BWLZPEAQB8UYQ9"	"3CGY4DPHZSWZ9UZ891XH6KA0YF1ILA"	"[Qualification HIT: Submit only one HIT] Select the incorrect claim of an argument and explain why it is incorrect [~8 mins]"	"This HIT requires creativity and logical thinking. See details in the HIT."	"Argumentation, NLP, natural language processing"	"$1.00"	"Tue Mar 28 15:38:17 CEST 2017"	"9"	"0"	"0"	"9"	"Reviewable"	"NotReviewed"	"mthit-00001.html"	"1200"	"604800"	"Fri Mar 31 15:38:17 CEST 2017"	"https://requester.mturk.com/mturk/manageHIT?HITId=3BKZLF990ZBC00M8BWLZPEAQB8UYQ9"	"3NVC2EB65RBNFJDZ3NE50QDZGPIY3D"	"A3AIX82WZQZB5A"	"Approved"	"Tue Apr 04 16:10:14 CEST 2017"	"Tue Mar 28 16:04:18 CEST 2017"	"Tue Mar 28 16:10:14 CEST 2017"	"Wed Mar 29 10:13:03 CEST 2017"	""	""	""	""	""																					""	""								"1"	"you would still be able to make friends while taking classes on campus "	"0"	"it states that entertainment matters "	"1"		"0"	"everyone sould have rights no matter what their weight is "	"1"	"It has to do with fees not financing "	"0"	"not all kid will become addicted "	"1"	"it does not state what Ginsberg is speaking about "	"1"	"There are quie a few students who participate in sports although all might not be competitive "	"1"	"regulations do not cause the companies to cheat "	"0"	"doesn't necessary mean that all immigration is coming from Soverign "	"It is not aways the teacher who is held resposible "					
"3BKZLF990ZBC00M8BWLZPEAQB8UYQ9"	"3CGY4DPHZSWZ9UZ891XH6KA0YF1ILA"	"[Qualification HIT: Submit only one HIT] Select the incorrect claim of an argument and explain why it is incorrect [~8 mins]"	"This HIT requires creativity and logical thinking. See details in the HIT."	"Argumentation, NLP, natural language processing"	"$1.00"	"Tue Mar 28 15:38:17 CEST 2017"	"9"	"0"	"0"	"9"	"Reviewable"	"NotReviewed"	"mthit-00001.html"	"1200"	"604800"	"Fri Mar 31 15:38:17 CEST 2017"	"https://requester.mturk.com/mturk/manageHIT?HITId=3BKZLF990ZBC00M8BWLZPEAQB8UYQ9"	"3X4MXAO0BH0B9G31ZCXDXRVZBVYRWB"	"ABX5OQLR6UNBC"	"Approved"	"Tue Apr 04 16:10:31 CEST 2017"	"Tue Mar 28 15:59:11 CEST 2017"	"Tue Mar 28 16:10:31 CEST 2017"	"Wed Mar 29 10:13:03 CEST 2017"	""	""	""	""	""																					""	""								"0"	"Dorm living makes it easier to connect with peers."	"0"	"It's part of the entertainment experience."	"1"		"0"	"All citizens have rights, as protected in our constitution."	"1"	"Fees allow banks to discriminate, giving better service only to those who can afford it."	"0"	"Too much screen time increases the danger to kids."	"0"	"Justices have, in the past, with discretion and compelling reason."	"1"	"The sports programs benefit only a few. Those resources could be better used elsewhere."	"0"	"Companies do cheat us, as many have proven when they were finally caught by current regulations."	"0"	"A nation weakens its claims to be one if it doesn't regulate its borders."	"We've seen government ratings in action in other school systems, and they tend not to truly help."					
"3BKZLF990ZBC00M8BWLZPEAQB8UYQ9"	"3CGY4DPHZSWZ9UZ891XH6KA0YF1ILA"	"[Qualification HIT: Submit only one HIT] Select the incorrect claim of an argument and explain why it is incorrect [~8 mins]"	"This HIT requires creativity and logical thinking. See details in the HIT."	"Argumentation, NLP, natural language processing"	"$1.00"	"Tue Mar 28 15:38:17 CEST 2017"	"9"	"0"	"0"	"9"	"Reviewable"	"NotReviewed"	"mthit-00001.html"	"1200"	"604800"	"Fri Mar 31 15:38:17 CEST 2017"	"https://requester.mturk.com/mturk/manageHIT?HITId=3BKZLF990ZBC00M8BWLZPEAQB8UYQ9"	"3M23Y66PO3JPGGO8NJKEP71I9VP6SE"	"AJWES6SFIP3AT"	"Approved"	"Tue Apr 04 16:40:02 CEST 2017"	"Tue Mar 28 16:20:44 CEST 2017"	"Tue Mar 28 16:40:02 CEST 2017"	"Wed Mar 29 10:13:03 CEST 2017"	""	""	""	""	""																					""	""								"0"		"0"	"Entertainment is a cornerstone of our society."	"0"		"0"		"1"	"The rates banks use inherently preys upon the poor."	"1"	"Children lack the discipline needed to moderate their habits."	"0"		"1"	"Scholarship shouldn't require athleticism."	"0"	"Companies need regulation before wrongdoing can occur."	"1"		"Government fails when regulating beyond the administrative level."	"on"		"on"	"on"		"on"
"37ZQELHEQ0AR3MK2C157RPSEXNTNML"	"3CGY4DPHZSWZ9UZ891XH6KA0YF1ILA"	"[Qualification HIT: Submit only one HIT] Select the incorrect claim of an argument and explain why it is incorrect [~8 mins]"	"This HIT requires creativity and logical thinking. See details in the HIT."	"Argumentation, NLP, natural language processing"	"$1.00"	"Tue Mar 28 15:38:17 CEST 2017"	"9"	"0"	"0"	"9"	"Reviewable"	"NotReviewed"	"mthit-00002.html"	"1200"	"604800"	"Fri Mar 31 15:38:17 CEST 2017"	"https://requester.mturk.com/mturk/manageHIT?HITId=37ZQELHEQ0AR3MK2C157RPSEXNTNML"	"336YQZE83WQQZHBPY3ENLSOCLBUM50"	"A3C9VI7QCLEVGT"	"Approved"	"Tue Apr 04 15:51:18 CEST 2017"	"Tue Mar 28 15:38:50 CEST 2017"	"Tue Mar 28 15:51:18 CEST 2017"	"Wed Mar 29 10:13:03 CEST 2017"	""	""	""	""	""																					""	""																																			"labor cost is cheaper than production so why go to illegal labor"	"without out cubicles there is no control of the office. It's saying uncontrolled isn't helpful so you wouldn't want an open office space"	"if banks are always going to be successful then obviously nothing is controlling them"	"0"	"1"	"if students are learning from those experiences then its not useless"	"nuclear power can have a strong effect on the environment and its helping climate change not us against it"	"on"	"0"	"0"	"0"	"People change they should eventually be able to vote"	"a tax break for homeschoolers is like funding for public schools"	"0"	"1"	"0"	"on"	"on"	"1"	"0"
"37ZQELHEQ0AR3MK2C157RPSEXNTNML"	"3CGY4DPHZSWZ9UZ891XH6KA0YF1ILA"	"[Qualification HIT: Submit only one HIT] Select the incorrect claim of an argument and explain why it is incorrect [~8 mins]"	"This HIT requires creativity and logical thinking. See details in the HIT."	"Argumentation, NLP, natural language processing"	"$1.00"	"Tue Mar 28 15:38:17 CEST 2017"	"9"	"0"	"0"	"9"	"Reviewable"	"NotReviewed"	"mthit-00002.html"	"1200"	"604800"	"Fri Mar 31 15:38:17 CEST 2017"	"https://requester.mturk.com/mturk/manageHIT?HITId=37ZQELHEQ0AR3MK2C157RPSEXNTNML"	"3JMSRU9HQJ69LNYRNW8HCID2PX5EVA"	"A2VRDE2FHCBMF8"	"Approved"	"Tue Apr 04 15:57:39 CEST 2017"	"Tue Mar 28 15:39:41 CEST 2017"	"Tue Mar 28 15:57:39 CEST 2017"	"Wed Mar 29 10:13:03 CEST 2017"	""	""	""	""	""																					"Maybe it would be useful to give slightly more time to complete the HIT to not make us rush through the claims and think carefully"	""																																			"Since the labor cost is very small compared to the production of the food farms could definitely survive without illegal labor"	"Since the cubicles would give less control on workers they shouldn't be brought back"	"It's not possible to manage properly banks because they became too big."	"0"	"1"		"There are too many risks tied to the nuclear power and it shouldn't be used anymore."	"on"	"0"	"0"	"0"		"The economical burden of teaching children should be shared by everyone and families that have children studying home should be helped economically"	"0"	"1"	"0"	"on"	"on"	"1"	"0"	"on"	"on"
"37ZQELHEQ0AR3MK2C157RPSEXNTNML"	"3CGY4DPHZSWZ9UZ891XH6KA0YF1ILA"	"[Qualification HIT: Submit only one HIT] Select the incorrect claim of an argument and explain why it is incorrect [~8 mins]"	"This HIT requires creativity and logical thinking. See details in the HIT."	"Argumentation, NLP, natural language processing"	"$1.00"	"Tue Mar 28 15:38:17 CEST 2017"	"9"	"0"	"0"	"9"	"Reviewable"	"NotReviewed"	"mthit-00002.html"	"1200"	"604800"	"Fri Mar 31 15:38:17 CEST 2017"	"https://requester.mturk.com/mturk/manageHIT?HITId=37ZQELHEQ0AR3MK2C157RPSEXNTNML"	"3ON104KXQL848A13O010PYKPJHD4W4"	"A2GB0RI43KU4Z"	"Approved"	"Tue Apr 04 16:01:09 CEST 2017"	"Tue Mar 28 15:43:00 CEST 2017"	"Tue Mar 28 16:01:09 CEST 2017"	"Wed Mar 29 10:13:04 CEST 2017"	""	""	""	""	""																					"Timer is way too short. Also, the ambiguity in some of the claims was troublesome. Without more information, the claim could go either way."	""																																			"That labor is only a portion of the cost of food production suggests that getting rid of illegal labor wouldn't lead to farm disaster."	"One would imagine an open office layout would lead to more 'uncontrolled collaboration.'"	"If banks were indeed out of control, they wouldn't be able to always end up successful.  (honestly, this reason could be taken either way)"	"0"	"1"	"The skills developed by completing research papers are useful."	"If a reactor accident is destroying an entire ocean, that form of power must not be the answer."	"on"	"0"	"1"	"0"	"Just as everyone has made mistakes, so too have felons, and being forever unable to vote even after serving their sentence is akin to practices of a dictatorship like North Korea."	"That education is a civic responsibility of all suggests that everyone should support it via taxation."	"0"	"1"	"0"	"on"	"on"	"0"	"0"		
"37ZQELHEQ0AR3MK2C157RPSEXNTNML"	"3CGY4DPHZSWZ9UZ891XH6KA0YF1ILA"	"[Qualification HIT: Submit only one HIT] Select the incorrect claim of an argument and explain why it is incorrect [~8 mins]"	"This HIT requires creativity and logical thinking. See details in the HIT."	"Argumentation, NLP, natural language processing"	"$1.00"	"Tue Mar 28 15:38:17 CEST 2017"	"9"	"0"	"0"	"9"	"Reviewable"	"NotReviewed"	"mthit-00002.html"	"1200"	"604800"	"Fri Mar 31 15:38:17 CEST 2017"	"https://requester.mturk.com/mturk/manageHIT?HITId=37ZQELHEQ0AR3MK2C157RPSEXNTNML"	"3XC1O3LBOTY8E14UZNV6OVF119QLTO"	"A2GTL8ODM5JYA2"	"Approved"	"Tue Apr 04 16:03:01 CEST 2017"	"Tue Mar 28 15:48:08 CEST 2017"	"Tue Mar 28 16:03:01 CEST 2017"	"Wed Mar 29 10:13:04 CEST 2017"	""	""	""	""	""																					""	""																																			"There are other factors that can make up for the cost of labor."	"Open office layout is effective in sharing creative ideas."	"Big banks will always find a way to manage their issues."	"0"	"1"	"Research papers allow students to study a topic and give forth their own points of view on a topic."	"Nuclear Power is not easy to control."		"0"	"0"	"0"	"If felons pay taxes, just like other people, then they should be able to vote like the people in North Korea."	"Tax breaks should be given to those who take the initiative to educate the children of this country. "	"0"	"1"	"0"			"1"	"0"			"There have been no additional actions in San Bernardino."	"Tenure does not cover the teachers who don't have the interests of students as a top priority."	"Children should not be represented by a team they do not learn from."
"37ZQELHEQ0AR3MK2C157RPSEXNTNML"	"3CGY4DPHZSWZ9UZ891XH6KA0YF1ILA"	"[Qualification HIT: Submit only one HIT] Select the incorrect claim of an argument and explain why it is incorrect [~8 mins]"	"This HIT requires creativity and logical thinking. See details in the HIT."	"Argumentation, NLP, natural language processing"	"$1.00"	"Tue Mar 28 15:38:17 CEST 2017"	"9"	"0"	"0"	"9"	"Reviewable"	"NotReviewed"	"mthit-00002.html"	"1200"	"604800"	"Fri Mar 31 15:38:17 CEST 2017"	"https://requester.mturk.com/mturk/manageHIT?HITId=37ZQELHEQ0AR3MK2C157RPSEXNTNML"	"3IAS3U3I0GS2HTO5PVMG95A6P20B20"	"A8RDXT4ZILHQT"	"Approved"	"Tue Apr 04 16:09:10 CEST 2017"	"Tue Mar 28 15:50:15 CEST 2017"	"Tue Mar 28 16:09:10 CEST 2017"	"Wed Mar 29 10:13:04 CEST 2017"	""	""	""	""	""																					"The marijuana example reads strangely. Is the first claim, that marijuana is a gateway drug, supposed to be the unsupported claim? The reasoning doesn't make sense with the second."	""																																			"Farm labor is only a small cost. "	"Open offices lead to uncontrolled collaboration. "	"Banks successful enough to afford a fine are not too big. "	"0"	"1"	"Research papers teach valuable skills. "	"Nuclear reactors can hurt more than they help."	"on"	"0"	"1"	"0"	"It is unethical to revoke felon's voting rights. "	"All adults educate so home schoolers are not deserving of something special."	"0"	"1"	"0"			"0"	"0"			"At least one fear is not justifiable. "		"It is unethical to selectively use a school's resources. "
"37ZQELHEQ0AR3MK2C157RPSEXNTNML"	"3CGY4DPHZSWZ9UZ891XH6KA0YF1ILA"	"[Qualification HIT: Submit only one HIT] Select the incorrect claim of an argument and explain why it is incorrect [~8 mins]"	"This HIT requires creativity and logical thinking. See details in the HIT."	"Argumentation, NLP, natural language processing"	"$1.00"	"Tue Mar 28 15:38:17 CEST 2017"	"9"	"0"	"0"	"9"	"Reviewable"	"NotReviewed"	"mthit-00002.html"	"1200"	"604800"	"Fri Mar 31 15:38:17 CEST 2017"	"https://requester.mturk.com/mturk/manageHIT?HITId=37ZQELHEQ0AR3MK2C157RPSEXNTNML"	"3SPJ033422FY0XFO686SGXUOCM4YJP"	"AFUX7IUQOE0NA"	"Approved"	"Tue Apr 04 16:23:41 CEST 2017"	"Tue Mar 28 16:09:31 CEST 2017"	"Tue Mar 28 16:23:41 CEST 2017"	"Wed Mar 29 10:13:04 CEST 2017"	""	""	""	""	""																					"I hope I did this right, it was tricky."	""																																			"Because labor only costs a portion, it follows that an increase in labor cost could be bared by the market."	"The reason indicates that collaborating at all times isn't the best, therefore open office layout isn't always the best."	"How can they be out of control if they always end up successful."	"0"	"0"	"The reason gives very specific reasons why research papers are still necessary and useful."	"How can it be the answer if it's destroying an entire ocean."	"on"	"0"	"1"	"0"	"If felons are just like everybody else, then not allowing them to vote doesn't follow."	"If all adults bare a civic responsibility, then home schoolers deserve a tax break."	"0"	"1"	"0"	"on"		"1"	"0"					"If you don't attend a school because of academics, why play for their team?"
"37ZQELHEQ0AR3MK2C157RPSEXNTNML"	"3CGY4DPHZSWZ9UZ891XH6KA0YF1ILA"	"[Qualification HIT: Submit only one HIT] Select the incorrect claim of an argument and explain why it is incorrect [~8 mins]"	"This HIT requires creativity and logical thinking. See details in the HIT."	"Argumentation, NLP, natural language processing"	"$1.00"	"Tue Mar 28 15:38:17 CEST 2017"	"9"	"0"	"0"	"9"	"Reviewable"	"NotReviewed"	"mthit-00002.html"	"1200"	"604800"	"Fri Mar 31 15:38:17 CEST 2017"	"https://requester.mturk.com/mturk/manageHIT?HITId=37ZQELHEQ0AR3MK2C157RPSEXNTNML"	"3KOPY89HM9EXKUI0HND2Q3YB3L9J34"	"A3AJJHOAV7WIUQ"	"Approved"	"Tue Apr 04 16:39:30 CEST 2017"	"Tue Mar 28 16:28:15 CEST 2017"	"Tue Mar 28 16:39:30 CEST 2017"	"Wed Mar 29 10:13:04 CEST 2017"	""	""	""	""	""																					""	""																																			"Illegal labor is a small part of the cost of food production."	"Collaboration in an open office is not helpful."	"Banks are successful even when out of control."	"0"	"1"	"Research papers are good teaching tools."	"Nuclear power is destroying the environment."	"on"	"0"	"1"	"0"	"Felons should have similar rights to others."	"Home schoolers offer a civic responsibility."	"0"	"0"	"0"			"1"	"0"			"Fear is not justifiable."		"They do not want to play."
"37ZQELHEQ0AR3MK2C157RPSEXNTNML"	"3CGY4DPHZSWZ9UZ891XH6KA0YF1ILA"	"[Qualification HIT: Submit only one HIT] Select the incorrect claim of an argument and explain why it is incorrect [~8 mins]"	"This HIT requires creativity and logical thinking. See details in the HIT."	"Argumentation, NLP, natural language processing"	"$1.00"	"Tue Mar 28 15:38:17 CEST 2017"	"9"	"0"	"0"	"9"	"Reviewable"	"NotReviewed"	"mthit-00002.html"	"1200"	"604800"	"Fri Mar 31 15:38:17 CEST 2017"	"https://requester.mturk.com/mturk/manageHIT?HITId=37ZQELHEQ0AR3MK2C157RPSEXNTNML"	"34MAJL3QP5Z7HCZFEGQYK19SLOK34Y"	"AVQGY7FCU80XP"	"Approved"	"Tue Apr 04 16:54:05 CEST 2017"	"Tue Mar 28 16:35:37 CEST 2017"	"Tue Mar 28 16:54:05 CEST 2017"	"Wed Mar 29 10:13:04 CEST 2017"	""	""	""	""	""																					"no comments"	""																																			"labor is not a significant cost of food production"	"an employee should be able to choose when to collaboration with their coworkers."	"Bank are vital part of the economy and affect by supply and demand which encourages good business practices"	"0"	"0"	"research papers are useful exercises for students to develop skills"	"there are significant drawbacks to the large scale nuclear power generation."		"1"	"1"	"0"	"Felons should be considered equally to citizens when their debt to society is paid."	"all educations of children deserve a tax break whether they are home schooled or not"	"0"	"1"	"0"			"1"	"0"			"terrorism attacks are rare when considered in the proper context."	"tenure should not be more important than merit when evaluating teachers"	"home school kids should attend a high school if they want to play for a high school"
"37ZQELHEQ0AR3MK2C157RPSEXNTNML"	"3CGY4DPHZSWZ9UZ891XH6KA0YF1ILA"	"[Qualification HIT: Submit only one HIT] Select the incorrect claim of an argument and explain why it is incorrect [~8 mins]"	"This HIT requires creativity and logical thinking. See details in the HIT."	"Argumentation, NLP, natural language processing"	"$1.00"	"Tue Mar 28 15:38:17 CEST 2017"	"9"	"0"	"0"	"9"	"Reviewable"	"NotReviewed"	"mthit-00002.html"	"1200"	"604800"	"Fri Mar 31 15:38:17 CEST 2017"	"https://requester.mturk.com/mturk/manageHIT?HITId=37ZQELHEQ0AR3MK2C157RPSEXNTNML"	"3SEPORI8WOBN4UMP8OVY1507STOZAB"	"A3HESOWHVBQOEI"	"Approved"	"Tue Apr 04 18:50:12 CEST 2017"	"Tue Mar 28 18:33:27 CEST 2017"	"Tue Mar 28 18:50:12 CEST 2017"	"Wed Mar 29 10:13:04 CEST 2017"	""	""	""	""	""																					""	""																																				"The open office layout promotes uncontrolled collaboration."	"If banks were out of control, they could not be managed successfully."	"0"	"0"		"If a nuclear power plant is destroying the Pacific Ocean, it's not the answer to climate change."	"on"	"0"	"1"	"0"	"The United States is not North Korea, and not allowing felons to vote doesn't treat them like people."	"If education is a civic responsibility, all education deserves a tax break."	"0"	"1"	"0"			"1"	"0"		"on"	"If America's fears are not justifiable, they are not legitimate."		"Home schoolers shouldn't be allowed to play where they don't study."	"on"
"35F6NGNVM8V6DWIZ5RPUH61GRGKT7H"	"3CGY4DPHZSWZ9UZ891XH6KA0YF1ILA"	"[Qualification HIT: Submit only one HIT] Select the incorrect claim of an argument and explain why it is incorrect [~8 mins]"	"This HIT requires creativity and logical thinking. See details in the HIT."	"Argumentation, NLP, natural language processing"	"$1.00"	"Tue Mar 28 15:38:17 CEST 2017"	"9"	"0"	"0"	"9"	"Reviewable"	"NotReviewed"	"mthit-00003.html"	"1200"	"604800"	"Fri Mar 31 15:38:17 CEST 2017"	"https://requester.mturk.com/mturk/manageHIT?HITId=35F6NGNVM8V6DWIZ5RPUH61GRGKT7H"	"32XVDSJFP09Y0KS2GKCPNLL0113M2Z"	"AX06ZUCRNSGB3"	"Approved"	"Tue Apr 04 15:53:13 CEST 2017"	"Tue Mar 28 15:38:44 CEST 2017"	"Tue Mar 28 15:53:13 CEST 2017"	"Wed Mar 29 10:13:04 CEST 2017"	""	""	""	""	""																					""	""																																																													"0"	"Addicts already have resources available"	"0"	"Majority of Americans cannot afford the costs of college"	"1"	"Briefs are important and could have bad results if the entire record isn't known"	"0"	"A child's safety is more important than boundaries "	"1"	"A tip is a review to some which should be communicated to a waitress instead of paid to them "	"1"	"It is okay as long as it is the truth"	"0"	"There are only so many resources available to the human race"	"0"	"There is not enough food to feed the hungry children of the world"	"0"	"Drones kill innocent people"	"0"	"Everyone shouldn't be viewed the same because men and women have different needs"
"35F6NGNVM8V6DWIZ5RPUH61GRGKT7H"	"3CGY4DPHZSWZ9UZ891XH6KA0YF1ILA"	"[Qualification HIT: Submit only one HIT] Select the incorrect claim of an argument and explain why it is incorrect [~8 mins]"	"This HIT requires creativity and logical thinking. See details in the HIT."	"Argumentation, NLP, natural language processing"	"$1.00"	"Tue Mar 28 15:38:17 CEST 2017"	"9"	"0"	"0"	"9"	"Reviewable"	"NotReviewed"	"mthit-00003.html"	"1200"	"604800"	"Fri Mar 31 15:38:17 CEST 2017"	"https://requester.mturk.com/mturk/manageHIT?HITId=35F6NGNVM8V6DWIZ5RPUH61GRGKT7H"	"33FBRBDW6PBWDDI0JCRCUGTRTNRC8A"	"A1VW8Y7XCV3DRW"	"Approved"	"Tue Apr 04 15:57:22 CEST 2017"	"Tue Mar 28 15:38:51 CEST 2017"	"Tue Mar 28 15:57:22 CEST 2017"	"Wed Mar 29 10:13:04 CEST 2017"	""	""	""	""	""																					"I did the best I could with what I had. The examples are a little confusing and so are the directions. "	""																																																													"1"	"Courts force addicts into treatment, no law needed. "	"0"	"The cost is already high without having to pay housing. "	"0"	"Stenographers are needed for citation in briefs. "	"1"	"Privacy is not a concern when safety is the case. "	"0"	"Performance reviews and customer opinions are more stable than tipping. "	"0"	"You can denounce if it's the truth. "	"0"		"0"	"Overcrowding causes food shortages and wars. "	"1"		"1"		"on"	"on"	"on"
"35F6NGNVM8V6DWIZ5RPUH61GRGKT7H"	"3CGY4DPHZSWZ9UZ891XH6KA0YF1ILA"	"[Qualification HIT: Submit only one HIT] Select the incorrect claim of an argument and explain why it is incorrect [~8 mins]"	"This HIT requires creativity and logical thinking. See details in the HIT."	"Argumentation, NLP, natural language processing"	"$1.00"	"Tue Mar 28 15:38:17 CEST 2017"	"9"	"0"	"0"	"9"	"Reviewable"	"NotReviewed"	"mthit-00003.html"	"1200"	"604800"	"Fri Mar 31 15:38:17 CEST 2017"	"https://requester.mturk.com/mturk/manageHIT?HITId=35F6NGNVM8V6DWIZ5RPUH61GRGKT7H"	"3RJSC4XJ116TW34I9YRPNVHZI8T508"	"A360G7Q6RO5XRL"	"Approved"	"Tue Apr 04 15:58:42 CEST 2017"	"Tue Mar 28 15:39:14 CEST 2017"	"Tue Mar 28 15:58:42 CEST 2017"	"Wed Mar 29 10:13:04 CEST 2017"	""	""	""	""	""																					"A longer hit timer please"	""																																																													"0"	"There are already effective ways for the courts to deal with drug addicts."	"0"	"It's not worth spending the extra money."	"0"	"Stenographers fill a need in legal proceedings."	"0"	"Monitoring your children is worth the loss of privacy for protection it offers."	"0"	"A compilation of reviews would lead to more accurate and fair tipping."	"0"	"Every person is entitled to have an opinion."	"0"	"Natural resources are being depleted by over-population."	"0"	"Lack of resources causes conflict between those that need them."	"0"	"Drone strikes are not precise and can lead to friendly fire."	"0"	"Combining groups can homogenize them, leading to less diversity."			
"35F6NGNVM8V6DWIZ5RPUH61GRGKT7H"	"3CGY4DPHZSWZ9UZ891XH6KA0YF1ILA"	"[Qualification HIT: Submit only one HIT] Select the incorrect claim of an argument and explain why it is incorrect [~8 mins]"	"This HIT requires creativity and logical thinking. See details in the HIT."	"Argumentation, NLP, natural language processing"	"$1.00"	"Tue Mar 28 15:38:17 CEST 2017"	"9"	"0"	"0"	"9"	"Reviewable"	"NotReviewed"	"mthit-00003.html"	"1200"	"604800"	"Fri Mar 31 15:38:17 CEST 2017"	"https://requester.mturk.com/mturk/manageHIT?HITId=35F6NGNVM8V6DWIZ5RPUH61GRGKT7H"	"3QBD8R3Z22VW31S1XEAQ8473GFE4OS"	"A19UBZFVUWL1ES"	"Approved"	"Tue Apr 04 16:11:49 CEST 2017"	"Tue Mar 28 16:00:40 CEST 2017"	"Tue Mar 28 16:11:49 CEST 2017"	"Wed Mar 29 10:13:05 CEST 2017"	""	""	""	""	""																					""	""																																																													"1"	"There are tools in place for courts to force addicts into treatment when appropriate."	"0"	"Housing is an additional financial burden on families who could have children live at home and commute to college."	"0"	"Stenographers are needed to create a written transcript which can be cited."	"1"	"It is an important tool for parents to use to keep children safe."	"0"	"Providing reviews to management who can control compensation should be used in lieu of tipping."	"0"	"Speaking the truth is protected speech."	"0"	"The world and its resources are not infinite and can't support infinite population."	"0"	"overcrowding causes hunger and war."	"0"	"Drones cause harm by killing innocent bystanders and rescuers which outweighs the good drones do."	"0"	"It is not a good idea to make everyone the same because we need individuality and uniqueness."			
"35F6NGNVM8V6DWIZ5RPUH61GRGKT7H"	"3CGY4DPHZSWZ9UZ891XH6KA0YF1ILA"	"[Qualification HIT: Submit only one HIT] Select the incorrect claim of an argument and explain why it is incorrect [~8 mins]"	"This HIT requires creativity and logical thinking. See details in the HIT."	"Argumentation, NLP, natural language processing"	"$1.00"	"Tue Mar 28 15:38:17 CEST 2017"	"9"	"0"	"0"	"9"	"Reviewable"	"NotReviewed"	"mthit-00003.html"	"1200"	"604800"	"Fri Mar 31 15:38:17 CEST 2017"	"https://requester.mturk.com/mturk/manageHIT?HITId=35F6NGNVM8V6DWIZ5RPUH61GRGKT7H"	"3BF51CHDTWM5CWODA0SYCSKPNHM0HM"	"A17MFEPFEPG9U8"	"Approved"	"Tue Apr 04 16:16:18 CEST 2017"	"Tue Mar 28 16:00:16 CEST 2017"	"Tue Mar 28 16:16:18 CEST 2017"	"Wed Mar 29 10:13:05 CEST 2017"	""	""	""	""	""																					"This was pretty difficult, but I hope I did well!"	""																																																													"0"	"The court system already has ways of determining whether or not addicts should be put into treatment, hospitals do not need that power"	"0"	"It is more expensive for kids to live on campus"	"0"	"Even if we record the proceeding, it's still necessary to have someone go over it and transcribe it"	"1"	"Even if tracking keeps your children safe, it still violates their privacy, although it is debatable at what age do children develop a sense of ""privacy"""	"0"	"Waiters should be rated directly with management, rather than getting tips. This way, management is truly aware of their performance, and can reward or terminate staff accordingly."	"0"	"There is no law stating that a court justice can't give their opinion"	"0"	"Our world has a certain amount of space and resources, and this limit can be reached"	"0"	"Even today, many people are going hungry in places where resources are scarce. If this happens on a small scale, it can certainly happen on a large one"	"0"	"Drones are unreliable, and kill both innocent civilians and neautral rescuers"	"0"	"Frats and sororities tend to be exclusive, only wanting people of the same group, generally gender. There are also benefits to single gender groups."			
"35F6NGNVM8V6DWIZ5RPUH61GRGKT7H"	"3CGY4DPHZSWZ9UZ891XH6KA0YF1ILA"	"[Qualification HIT: Submit only one HIT] Select the incorrect claim of an argument and explain why it is incorrect [~8 mins]"	"This HIT requires creativity and logical thinking. See details in the HIT."	"Argumentation, NLP, natural language processing"	"$1.00"	"Tue Mar 28 15:38:17 CEST 2017"	"9"	"0"	"0"	"9"	"Reviewable"	"NotReviewed"	"mthit-00003.html"	"1200"	"604800"	"Fri Mar 31 15:38:17 CEST 2017"	"https://requester.mturk.com/mturk/manageHIT?HITId=35F6NGNVM8V6DWIZ5RPUH61GRGKT7H"	"35K3O9HUACPKPQC1NH3DUWAG13JEFO"	"A1X5IZPCRLL0Z7"	"Approved"	"Tue Apr 04 16:16:24 CEST 2017"	"Tue Mar 28 16:03:55 CEST 2017"	"Tue Mar 28 16:16:24 CEST 2017"	"Wed Mar 29 10:13:05 CEST 2017"	""	""	""	""	""																					"Had to think about these! Thanks!"	""																																																													"1"	"This claim follows the law presented already, thus not against the claim."	"1"	"It follows the argument, and supports it, thus is not an argument."	"0"		"0"	"This one follows the reason in the argument, opposing the argument."	"0"		"0"	"This one does not support the style of the claim."	"0"		"0"		"0"	"The argument seems to be focused on drones being bad, not good."	"0"		"on"	"on"		"on"	"on"	"on"
"35F6NGNVM8V6DWIZ5RPUH61GRGKT7H"	"3CGY4DPHZSWZ9UZ891XH6KA0YF1ILA"	"[Qualification HIT: Submit only one HIT] Select the incorrect claim of an argument and explain why it is incorrect [~8 mins]"	"This HIT requires creativity and logical thinking. See details in the HIT."	"Argumentation, NLP, natural language processing"	"$1.00"	"Tue Mar 28 15:38:17 CEST 2017"	"9"	"0"	"0"	"9"	"Reviewable"	"NotReviewed"	"mthit-00003.html"	"1200"	"604800"	"Fri Mar 31 15:38:17 CEST 2017"	"https://requester.mturk.com/mturk/manageHIT?HITId=35F6NGNVM8V6DWIZ5RPUH61GRGKT7H"	"3G5W44VEU8UTPQ06UNKYACNXMFFKGD"	"A3HMDGRGC5JB7E"	"Approved"	"Tue Apr 04 16:19:27 CEST 2017"	"Tue Mar 28 16:06:40 CEST 2017"	"Tue Mar 28 16:19:27 CEST 2017"	"Wed Mar 29 10:13:05 CEST 2017"	""	""	""	""	""																					"This is a great hit, I loved the critical thinking and debate and would love to have some feedback if I did not do a correct job.  Thanks!"	""																																																													"0"	"It would be a waste of money and resources to force someone into treatment that they aren't ready to accept."	"0"	"This is a matter of preference and choice.  There is no right answer, but forcing someone to do something they don't want to do is not productive."	"0"	"It is important to have a written record of court happenings for later reference."	"0"	"Raise your children to know how to navigate the world we live in, if you do it right they will be fine."	"1"	"Service workers work for small wage, tip should be consistent with level of service given."	"1"	"Judges are to interpret the law without political bias, speaking of candidates implies bias."	"1"	"The world has technological capabilities to solve problems due to higher population."	"1"	"Solving the problem of war is the larger threat."	"1"	"Drones allow us to watch and attack enemies without putting soldiers lives in danger."	"1"	"The importance of these groups are their traditions, if you take them away they have no meaning."						
"35F6NGNVM8V6DWIZ5RPUH61GRGKT7H"	"3CGY4DPHZSWZ9UZ891XH6KA0YF1ILA"	"[Qualification HIT: Submit only one HIT] Select the incorrect claim of an argument and explain why it is incorrect [~8 mins]"	"This HIT requires creativity and logical thinking. See details in the HIT."	"Argumentation, NLP, natural language processing"	"$1.00"	"Tue Mar 28 15:38:17 CEST 2017"	"9"	"0"	"0"	"9"	"Reviewable"	"NotReviewed"	"mthit-00003.html"	"1200"	"604800"	"Fri Mar 31 15:38:17 CEST 2017"	"https://requester.mturk.com/mturk/manageHIT?HITId=35F6NGNVM8V6DWIZ5RPUH61GRGKT7H"	"3TMSXRD2X7CNGB4K1IIYR0DM7X51WQ"	"A3GEHH49HNJM57"	"Approved"	"Tue Apr 04 16:20:38 CEST 2017"	"Tue Mar 28 16:04:37 CEST 2017"	"Tue Mar 28 16:20:38 CEST 2017"	"Wed Mar 29 10:13:05 CEST 2017"	""	""	""	""	""																					""	""																																																													"0"	"Because one cannot force another into treatment. The addict must agree to admit himself into treatment."	"0"	"Because students can obtain financial aid."	"1"	"Because recordings don't always pick up on correct speech."			"1"	"Tipping should be done away with and employers should pay livable wages."			"1"	"One does not know fully know the capacity of the planet."			"0"	"Drones seek out danger that some humans cannot access."	"1"			"on"				"on"	"on"	"on"
"35F6NGNVM8V6DWIZ5RPUH61GRGKT7H"	"3CGY4DPHZSWZ9UZ891XH6KA0YF1ILA"	"[Qualification HIT: Submit only one HIT] Select the incorrect claim of an argument and explain why it is incorrect [~8 mins]"	"This HIT requires creativity and logical thinking. See details in the HIT."	"Argumentation, NLP, natural language processing"	"$1.00"	"Tue Mar 28 15:38:17 CEST 2017"	"9"	"0"	"0"	"9"	"Reviewable"	"NotReviewed"	"mthit-00003.html"	"1200"	"604800"	"Fri Mar 31 15:38:17 CEST 2017"	"https://requester.mturk.com/mturk/manageHIT?HITId=35F6NGNVM8V6DWIZ5RPUH61GRGKT7H"	"3P1L2B7AD21S19ZM3697UL9E21AOL6"	"AXJ1PE87PD0KK"	"Approved"	"Tue Apr 04 16:28:09 CEST 2017"	"Tue Mar 28 16:10:50 CEST 2017"	"Tue Mar 28 16:28:09 CEST 2017"	"Wed Mar 29 10:13:05 CEST 2017"	""	""	""	""	""																					""	""																																																													"0"	"There are already means for courts to place addicts into treatment, thus another law is unnecessary. Current laws allow the addict due process and legal representation rather than being forced against their will into treatment. "	"0"	"College is currently very expensive. However, middle class families could benefit from having their children live off campus to save money."	"0"		"0"	"Privacy of children should be sacrificed if it means keeping our children safe and out of harms way. Thus, we should continue tracking our kids."	"0"	"Tipping would not be necessary if restaurants paid their waitstaff fairy based on performance reviews. Costumers could submit their opinions for performance reviews to ensure that services is still high quality."	"0"	"Supreme court justices should be able to speak out about candidates as long as they are stating fair and truthful claims."	"0"	"Overcrowding is a legitimate threat because there are definite limits on the resources we have on Earth and we cannot replenish these resources."	"0"	"Overcrowding is a legitimate concern. There is evidence of what can go wrong when resources are limited. For example, in deserts with finite resources, children often go hungry and wars break out over limited resources. "	"0"	"Drones do more harm than good because they often kill innocent and good people such as rescuers."	"0"	"Fraternities and sororities should not be coed because it will limit diversity and make all the groups the same."				"on"				
"3N3WJQXELS2B8IDOQ668ZOARMNCL2Q"	"3CGY4DPHZSWZ9UZ891XH6KA0YF1ILA"	"[Qualification HIT: Submit only one HIT] Select the incorrect claim of an argument and explain why it is incorrect [~8 mins]"	"This HIT requires creativity and logical thinking. See details in the HIT."	"Argumentation, NLP, natural language processing"	"$1.00"	"Tue Mar 28 15:38:17 CEST 2017"	"9"	"0"	"0"	"9"	"Reviewable"	"NotReviewed"	"mthit-00004.html"	"1200"	"604800"	"Fri Mar 31 15:38:17 CEST 2017"	"https://requester.mturk.com/mturk/manageHIT?HITId=3N3WJQXELS2B8IDOQ668ZOARMNCL2Q"	"333U7HK6IARV2MKXACJE3CKNUYXJD1"	"A15V8K8M4TXT9Y"	"Approved"	"Tue Apr 04 15:50:06 CEST 2017"	"Tue Mar 28 15:38:47 CEST 2017"	"Tue Mar 28 15:50:06 CEST 2017"	"Wed Mar 29 10:13:05 CEST 2017"	""	""	""	""	""																					""	""																																																																																									"on"	"on"	"0"	"0"	"Too many entrants into law school are not passing the bar."	"0"	"Supporting Israel damages the credibility of the United States in the Middle East."	"on"	"0"	"0"	"Casinos have huge socioeconomic costs."	"on"	"on"	"0"	"0"	"0"	"0"	"Individuals can change their lives for the better with free education."	"0"	"The hijab is a symbol of oppression against women"
"3N3WJQXELS2B8IDOQ668ZOARMNCL2Q"	"3CGY4DPHZSWZ9UZ891XH6KA0YF1ILA"	"[Qualification HIT: Submit only one HIT] Select the incorrect claim of an argument and explain why it is incorrect [~8 mins]"	"This HIT requires creativity and logical thinking. See details in the HIT."	"Argumentation, NLP, natural language processing"	"$1.00"	"Tue Mar 28 15:38:17 CEST 2017"	"9"	"0"	"0"	"9"	"Reviewable"	"NotReviewed"	"mthit-00004.html"	"1200"	"604800"	"Fri Mar 31 15:38:17 CEST 2017"	"https://requester.mturk.com/mturk/manageHIT?HITId=3N3WJQXELS2B8IDOQ668ZOARMNCL2Q"	"38YMOXR4MVBINX5H7OUFMW43F8J6WR"	"ATOV0H5KQHI29"	"Approved"	"Tue Apr 04 15:53:35 CEST 2017"	"Tue Mar 28 15:38:55 CEST 2017"	"Tue Mar 28 15:53:35 CEST 2017"	"Wed Mar 29 10:13:05 CEST 2017"	""	""	""	""	""																					""	""																																																																																												"1"	"I think the scruples of some lawyers are going downhill. Some are in it just for the money and not justice. Making it harder nay weed this type of person out."	"0"	"God tells us those who bless Israel are blessed and thoses who curse Isreal are cursed. For the safety of this country we should always support Isreal."		"1"	"1"	"Even though they may be prosperous, the harm it is doing to society and families make it too big a risk."			"1"	"0"	"0"	"1"	"If colleges were free the poorer students would have a chance of an extended education."	"1"	"They are living in this country and no longer under that rule. They should feel free to dress like they want. By nion muslim wearing them they are supporting the supression of the muslim woman."	"Greece needs to be it's own country, hence coming up with their own currency. It needs to prove it's independence and this is one step in doing so."	"They bought and paid for that property so they can have their privacy. It would be wrong to make them open them to the public. There are too many public beaches for that."	"I think home schoolers should have the same tax break as any parent of a child that goes to public school. They have the expense of their child's education just as the public school parent has."	"If it went mandatory people who did not want to vote would just pick anyone not caring who they are voting for. This would ruin the election."	"Even though we have the internet, students still need to learn to ferret out facts and know how to write a proper paper for their work in the future."
"3N3WJQXELS2B8IDOQ668ZOARMNCL2Q"	"3CGY4DPHZSWZ9UZ891XH6KA0YF1ILA"	"[Qualification HIT: Submit only one HIT] Select the incorrect claim of an argument and explain why it is incorrect [~8 mins]"	"This HIT requires creativity and logical thinking. See details in the HIT."	"Argumentation, NLP, natural language processing"	"$1.00"	"Tue Mar 28 15:38:17 CEST 2017"	"9"	"0"	"0"	"9"	"Reviewable"	"NotReviewed"	"mthit-00004.html"	"1200"	"604800"	"Fri Mar 31 15:38:17 CEST 2017"	"https://requester.mturk.com/mturk/manageHIT?HITId=3N3WJQXELS2B8IDOQ668ZOARMNCL2Q"	"3L4D84MIL04CE2PZW824UXZLMQQJHA"	"A1PLD2IWQLX4M5"	"Approved"	"Tue Apr 04 15:54:58 CEST 2017"	"Tue Mar 28 15:40:59 CEST 2017"	"Tue Mar 28 15:54:58 CEST 2017"	"Wed Mar 29 10:13:05 CEST 2017"	""	""	""	""	""																					"I hope I did this right! Thank you for allowing me to try my best!"	""																																																																																											"0"	"0"	"The bar is too low because it is passing students who are not capable of being hired. To state the bar is not too low is only to encourage the issue that law students are facing after graduation."	"0"	"To support Israel is to encourage them to not listen to U.S. suggestions so to state to support them would be counterproductive to the U.S."		"0"	"0"	"Casinos are being used by those who do not have easy access to disposable income. Stating it is not too much of a gamble is avoiding the damage it could do to the elderly."			"0"	"0"	"0"	"0"	"Without a proper education, people can not contribute to society as an active member. To continue with college not being free would prohibit people from reaching their full potential."	"0"	"Wearing a hijab supports an extreme belief so it would not help to have non-Muslim women wear it."	"Greece would be happier without the Euro so the claim that it should not abandon it is wrong."	"It should be open to the public so excluding it would be incorrect."	"Home schooling is a private education that should not receive any tax breaks so the incorrect statement is to say that they should get one."	"To make voting not mandatory would be to make things worse so the incorrect claim is to make it mandatory."	"Research papers are necessary for new development of ideas. They may be boring but are very detrimental to learning and growth."
"3N3WJQXELS2B8IDOQ668ZOARMNCL2Q"	"3CGY4DPHZSWZ9UZ891XH6KA0YF1ILA"	"[Qualification HIT: Submit only one HIT] Select the incorrect claim of an argument and explain why it is incorrect [~8 mins]"	"This HIT requires creativity and logical thinking. See details in the HIT."	"Argumentation, NLP, natural language processing"	"$1.00"	"Tue Mar 28 15:38:17 CEST 2017"	"9"	"0"	"0"	"9"	"Reviewable"	"NotReviewed"	"mthit-00004.html"	"1200"	"604800"	"Fri Mar 31 15:38:17 CEST 2017"	"https://requester.mturk.com/mturk/manageHIT?HITId=3N3WJQXELS2B8IDOQ668ZOARMNCL2Q"	"3YGXWBAF71TVUCVY791ZD4DMR1VC43"	"A2AMQX0BQZXG9N"	"Approved"	"Tue Apr 04 15:57:41 CEST 2017"	"Tue Mar 28 15:38:50 CEST 2017"	"Tue Mar 28 15:57:41 CEST 2017"	"Wed Mar 29 10:13:05 CEST 2017"	""	""	""	""	""																					"This hit needs a longer timer - it takes more than 8 minutes to do some thinking about these situations."	""																																																																																											"0"	"0"	"The claim implies the situation is fine, but the reason takes issue with the situation."	"0"	"US credibility would not be helped by Israel's ignoring US suggestions."	"on"	"0"	"0"	"The reason raises a concern, but the claim waves it away, it does not support it."	"on"		"0"	"0"	"0"	"0"	"the reason supports free college, the claim does not."	"0"			"The reason advocates for free access.  The claim is for restricted access."	"Home schooling is private schooling."	"It does not make sense to make something mandatory that would worsen things."		"on"
"3N3WJQXELS2B8IDOQ668ZOARMNCL2Q"	"3CGY4DPHZSWZ9UZ891XH6KA0YF1ILA"	"[Qualification HIT: Submit only one HIT] Select the incorrect claim of an argument and explain why it is incorrect [~8 mins]"	"This HIT requires creativity and logical thinking. See details in the HIT."	"Argumentation, NLP, natural language processing"	"$1.00"	"Tue Mar 28 15:38:17 CEST 2017"	"9"	"0"	"0"	"9"	"Reviewable"	"NotReviewed"	"mthit-00004.html"	"1200"	"604800"	"Fri Mar 31 15:38:17 CEST 2017"	"https://requester.mturk.com/mturk/manageHIT?HITId=3N3WJQXELS2B8IDOQ668ZOARMNCL2Q"	"382M9COHEIR9889RI6YCGWBJBQWEUL"	"AROEBUDI2L9G9"	"Approved"	"Tue Apr 04 15:59:49 CEST 2017"	"Tue Mar 28 15:39:54 CEST 2017"	"Tue Mar 28 15:59:49 CEST 2017"	"Wed Mar 29 10:13:07 CEST 2017"	""	""	""	""	""																					""	""																																																																																											"0"	"1"	"There needs to be a prerequisites for who enters law school if we want skilled lawyers."	"0"	"Supporting Israel has shown America's weakness and allows other countries to feel we are not as strong as thought previously."		"0"	"0"	"Casinos may be profitable to the state, but socially it gives false hope to people who most likely do not have enough money to begin with."			"0"	"0"	"0"	"0"	"Paying for college helps weed out the people that belong there and the people who do not."	"0"	"Non Muslim women who wear a hijab are showing support for sexist beliefs, not support for Muslim women.."	"Greece should free itself from the Euro and its restrictions, so it can move forward economically. "	"Homeowners own the land and should not be forced to allow others on it."	"If a family chooses to home school, the government is not liable for their costs and thus should not receive a tax break."	"If you forced people to vote you would have a lot of uninformed voters and that could be dangerous for our government."	"Even with all the information on the internet, research papers still teach students important skills that are needed."	
"3N3WJQXELS2B8IDOQ668ZOARMNCL2Q"	"3CGY4DPHZSWZ9UZ891XH6KA0YF1ILA"	"[Qualification HIT: Submit only one HIT] Select the incorrect claim of an argument and explain why it is incorrect [~8 mins]"	"This HIT requires creativity and logical thinking. See details in the HIT."	"Argumentation, NLP, natural language processing"	"$1.00"	"Tue Mar 28 15:38:17 CEST 2017"	"9"	"0"	"0"	"9"	"Reviewable"	"NotReviewed"	"mthit-00004.html"	"1200"	"604800"	"Fri Mar 31 15:38:17 CEST 2017"	"https://requester.mturk.com/mturk/manageHIT?HITId=3N3WJQXELS2B8IDOQ668ZOARMNCL2Q"	"35LDD5557BGTH0WS5QITNH7UI1PKMJ"	"A1Z6F664MYBMVI"	"Approved"	"Tue Apr 04 16:01:48 CEST 2017"	"Tue Mar 28 15:42:48 CEST 2017"	"Tue Mar 28 16:01:48 CEST 2017"	"Wed Mar 29 10:13:07 CEST 2017"	""	""	""	""	""																					""	""																																																																																									"on"		"0"	"0"	"Students are going through the education but are unable to pass"	"1"	"Supporting Israel gives them an unrealistic feeling of being superior."		"1"	"1"	"Poor people are gambling away their money."			"0"	"0"	"0"	"0"	"It helps more students earn an education."	"0"	"Non-muslims wearing hijabs show solidarity with women who are at times mistreated."	"Greece is in an economical crisis already. They need the support."	"They own that land and should be able to decide access."		"Too many people voting."	"Research papers make students gain further knowledge on topics."	
"3N3WJQXELS2B8IDOQ668ZOARMNCL2Q"	"3CGY4DPHZSWZ9UZ891XH6KA0YF1ILA"	"[Qualification HIT: Submit only one HIT] Select the incorrect claim of an argument and explain why it is incorrect [~8 mins]"	"This HIT requires creativity and logical thinking. See details in the HIT."	"Argumentation, NLP, natural language processing"	"$1.00"	"Tue Mar 28 15:38:17 CEST 2017"	"9"	"0"	"0"	"9"	"Reviewable"	"NotReviewed"	"mthit-00004.html"	"1200"	"604800"	"Fri Mar 31 15:38:17 CEST 2017"	"https://requester.mturk.com/mturk/manageHIT?HITId=3N3WJQXELS2B8IDOQ668ZOARMNCL2Q"	"34T446B1C1QEVODXO8EX11N9APHC0P"	"A15YUZ5RUNA6FI"	"Approved"	"Tue Apr 04 16:21:32 CEST 2017"	"Tue Mar 28 16:04:43 CEST 2017"	"Tue Mar 28 16:21:32 CEST 2017"	"Wed Mar 29 10:13:07 CEST 2017"	""	""	""	""	""																					"Good."	""																																																																																									"on"	"on"	"1"	"0"		"1"		"on"	"1"	"1"		"on"	"on"	"0"	"1"	"0"	"0"		"0"							"on"	"on"	"on"	"on"	"on"
"3N3WJQXELS2B8IDOQ668ZOARMNCL2Q"	"3CGY4DPHZSWZ9UZ891XH6KA0YF1ILA"	"[Qualification HIT: Submit only one HIT] Select the incorrect claim of an argument and explain why it is incorrect [~8 mins]"	"This HIT requires creativity and logical thinking. See details in the HIT."	"Argumentation, NLP, natural language processing"	"$1.00"	"Tue Mar 28 15:38:17 CEST 2017"	"9"	"0"	"0"	"9"	"Reviewable"	"NotReviewed"	"mthit-00004.html"	"1200"	"604800"	"Fri Mar 31 15:38:17 CEST 2017"	"https://requester.mturk.com/mturk/manageHIT?HITId=3N3WJQXELS2B8IDOQ668ZOARMNCL2Q"	"3S4AW7T80CUOXGP4KMUYGN39LAB4LD"	"A10LVHTF26QHQC"	"Approved"	"Tue Apr 04 16:24:26 CEST 2017"	"Tue Mar 28 16:04:36 CEST 2017"	"Tue Mar 28 16:24:26 CEST 2017"	"Wed Mar 29 10:13:07 CEST 2017"	""	""	""	""	""																					""	""																																																																																											"0"	"0"	"Unqualified people are graduating from law school."	"0"	"Israel takes US support for granted."		"0"	"0"	"People who are living beyond their means waste money at casinos."			"0"	"0"	"1"	"0"	"We need educated people to progress our society."	"0"	"It inadvertently supports the idea of woman as sexual objects. "	"The Euro causes problems for Greece."	"Waterways should be accessible to everyone."	"Free educations are available to everyone."	"Disinterested parties might not make sound choices."	"Research papers teach students how to make supported arguments."					
"3N3WJQXELS2B8IDOQ668ZOARMNCL2Q"	"3CGY4DPHZSWZ9UZ891XH6KA0YF1ILA"	"[Qualification HIT: Submit only one HIT] Select the incorrect claim of an argument and explain why it is incorrect [~8 mins]"	"This HIT requires creativity and logical thinking. See details in the HIT."	"Argumentation, NLP, natural language processing"	"$1.00"	"Tue Mar 28 15:38:17 CEST 2017"	"9"	"0"	"0"	"9"	"Reviewable"	"NotReviewed"	"mthit-00004.html"	"1200"	"604800"	"Fri Mar 31 15:38:17 CEST 2017"	"https://requester.mturk.com/mturk/manageHIT?HITId=3N3WJQXELS2B8IDOQ668ZOARMNCL2Q"	"3EG49X351VOXCXA7HTQ1OFIAOAP6XK"	"A33LYSCQQU1YDJ"	"Approved"	"Tue Apr 04 16:47:15 CEST 2017"	"Tue Mar 28 16:30:53 CEST 2017"	"Tue Mar 28 16:47:15 CEST 2017"	"Wed Mar 29 10:13:07 CEST 2017"	""	""	""	""	""																					""	""																																																																																											"0"	"0"	"Law schools have become more concerned with raising revenue through tuition then turning out good candidates for the bar exam."	"0"	"The belief that the U.S will always support them encourages Israel to ignore U.S. suggestions."		"0"	"0"	"Casinos tend to draw in people who can least afford to loose their money with the unlikely chance to win more."			"0"	"0"	"0"	"0"	"Free college allows many people who would other wise waste their lives become productive members of society."	"0"	"Women wearing a hijab mean well but are actually supporting the oppression of women. "	"Greece would be better off and more economically stable with out the Euro. "	"The public should have access to beaches even if it means taking the land from current owners."	"Many people who do not have children pay school taxes choosing to home school your children should not exempt you from school taxes."	"Forcing people to vote would only make things more complicated and crowded at polling places."	"Just because information is readily available online does not mean students know how to compile it or interperate it in a meaningful way."					
"3HA5ODM5KA479M6GYPNKDFLXBFDVSM"	"3CGY4DPHZSWZ9UZ891XH6KA0YF1ILA"	"[Qualification HIT: Submit only one HIT] Select the incorrect claim of an argument and explain why it is incorrect [~8 mins]"	"This HIT requires creativity and logical thinking. See details in the HIT."	"Argumentation, NLP, natural language processing"	"$1.00"	"Tue Mar 28 15:38:17 CEST 2017"	"9"	"0"	"0"	"9"	"Reviewable"	"NotReviewed"	"mthit-00005.html"	"1200"	"604800"	"Fri Mar 31 15:38:17 CEST 2017"	"https://requester.mturk.com/mturk/manageHIT?HITId=3HA5ODM5KA479M6GYPNKDFLXBFDVSM"	"3WS1NTTKEZOLY0X7FA4Y978C727F01"	"A2QBFXY9UQMJTT"	"Approved"	"Tue Apr 04 15:55:38 CEST 2017"	"Tue Mar 28 15:38:54 CEST 2017"	"Tue Mar 28 15:55:38 CEST 2017"	"Wed Mar 29 10:13:07 CEST 2017"	""	""	""	""	""																					""	""																																																																																																																							"1"	"Political acumen could be argued to be activism, and several activists have become successful politicians, however it does require knowledge of subjects outside the focused area of their activism to be successful."	"1"	"The concept of necessity is what defeats the presented argument in favor of the rails. To say something is ""needed"" implies that it is critical for continued operation, however this is not true in this case. A human needs air, but California would at most benefit significantly from high-speed rail (regardless of the cost)."	"1"	"This argument is also defeated by superlative language, but in addition to that, I believe it is well reasoned that the better way to *teach* is via classroom contact. However, neither of these arguments truly address the topic which is not about teaching, rather about learning. Learning is the receiving part of the equation, and the claims present are about the giving part."	"0"	"The argument is not sufficient because it is vague. It offers that some symptoms are similar to other diseases, however it implicitly concedes that these symptoms are not related to the cited diseases, therefore the reason casts doubt on the argument by not providing a completely factual account of the side effects."	"0"	"The candidate is running for office, the spouse is a part of the candidate's life, and it may be nice to hear from them, however, I wouldn't consider it a requirement based on the reason."	"1"	"The reason presented indicates that emergencies happen in both locations, and indeed they do, however a hospital is equipped to deal with an emergency quickly."	"1"	"The argument presented is effective in presenting reality shows are low budget programs which maintain stereotypes."	"0"	"The reason of offering a scratching post offers a solution to those that do not wish to declaw, however it does not address the legal argument in anyway."	"0"	"This is an illogical argument, simply because tax money from everyone (including teachers) goes to a program has no bearing on the effectiveness of the program."	"1"	"The reason provided is a simply stated fact. Based on this fact that is not obscure, the argument is successful."
"3HA5ODM5KA479M6GYPNKDFLXBFDVSM"	"3CGY4DPHZSWZ9UZ891XH6KA0YF1ILA"	"[Qualification HIT: Submit only one HIT] Select the incorrect claim of an argument and explain why it is incorrect [~8 mins]"	"This HIT requires creativity and logical thinking. See details in the HIT."	"Argumentation, NLP, natural language processing"	"$1.00"	"Tue Mar 28 15:38:17 CEST 2017"	"9"	"0"	"0"	"9"	"Reviewable"	"NotReviewed"	"mthit-00005.html"	"1200"	"604800"	"Fri Mar 31 15:38:17 CEST 2017"	"https://requester.mturk.com/mturk/manageHIT?HITId=3HA5ODM5KA479M6GYPNKDFLXBFDVSM"	"3X1FV8S5JY3751UITRY5CLYE2DKGVT"	"AEI5USUUPBU2G"	"Approved"	"Tue Apr 04 15:59:56 CEST 2017"	"Tue Mar 28 15:40:02 CEST 2017"	"Tue Mar 28 15:59:56 CEST 2017"	"Wed Mar 29 10:13:07 CEST 2017"	""	""	""	""	""																					"Great HIt. Would love the qual. Very interesting and different from other turking!"	""																																																																																																																							"1"	"Politicians require a broad grasp of policies and issues facing society. Activists who become politicians won't be able to focus on anything but the issue that was the focus of their activism. Therefore it is incorrect to assume that activists can be politicians."	"1"	"This reasoning figures that the cost of the amount of resources is too high. The reason does not lead to the conclusion that high speed rail is not needed. Clearly the project has been well-considered (because it is needed) and that's how we know that too many resources are required."	"0"	"Some students may do fine, but this reason suggests that online classes won't be enough to teach students. Individual attention is important for teachers to understand where kids are struggling and where they are fully understanding topics. Children will get left behind without focused attention from teachers."	"0"	"Judging solely from this reason, the conclusion would be that vaccinations should not be required. If the adverse affects are more significant than benefits than vaccinations cannot be deemed mandatory."	"0"	"In order to get a full picture of a candidate, it is important for voters to hear from the spouse. It can humanize them and show something more than policy positions. The spouse should not just stay quite or voters fill out a ballot with incomplete information."	"0"	"Hospitals are equipped to deal with medical emergencies, which makes it the safer option no matter what. Women should not be encouraged to give birth at home. It can threaten their lives and the life of their baby"	"0"	"Reality shows use and reinforce stereotypes. They are a lower form of entertainment that deceives viewers. "	"0"	"It is an inhumane practice and there are other more effective ways to keep cat claws under control."	"1"	"TFA has made teaching a more desirable profession while other industries have been left behind. The advantages have led to more people pursing teaching."	"1"	"Lower capital gains taxes helps to increase growth and is good for the economy. We should cut them to improve the economy."
"3HA5ODM5KA479M6GYPNKDFLXBFDVSM"	"3CGY4DPHZSWZ9UZ891XH6KA0YF1ILA"	"[Qualification HIT: Submit only one HIT] Select the incorrect claim of an argument and explain why it is incorrect [~8 mins]"	"This HIT requires creativity and logical thinking. See details in the HIT."	"Argumentation, NLP, natural language processing"	"$1.00"	"Tue Mar 28 15:38:17 CEST 2017"	"9"	"0"	"0"	"9"	"Reviewable"	"NotReviewed"	"mthit-00005.html"	"1200"	"604800"	"Fri Mar 31 15:38:17 CEST 2017"	"https://requester.mturk.com/mturk/manageHIT?HITId=3HA5ODM5KA479M6GYPNKDFLXBFDVSM"	"3CP1TO84PUD0SD7WOLV36JAEF6D52S"	"A3E3OELJKHW58C"	"Approved"	"Tue Apr 04 16:02:52 CEST 2017"	"Tue Mar 28 15:43:16 CEST 2017"	"Tue Mar 28 16:02:52 CEST 2017"	"Wed Mar 29 10:13:07 CEST 2017"	""	""	""	""	""																					"The explanations given are VERY confusing. This is a task I would enjoy completing, and one I'd be good at with my English degree, but I can't even tell if I was doing what is asked."	""																																																																																																																							"0"	"We want politicians to be focused on core issues."	"0"	"""Too many resources"" implies that we can't spare them all."	"0"	"Online classes, by definition, do not have a live teacher."	"0"		"0"	"We can get a better idea about a candidate after hearing from his/her spouse."	"1"	"A woman is no more likely to have complications during a home birth."	"0"	"Reality shows are filled with opinions."	"0"	"There are ways to counteract damage from cat claws."	"0"		"0"		"on"	"on"	"on"
"3HA5ODM5KA479M6GYPNKDFLXBFDVSM"	"3CGY4DPHZSWZ9UZ891XH6KA0YF1ILA"	"[Qualification HIT: Submit only one HIT] Select the incorrect claim of an argument and explain why it is incorrect [~8 mins]"	"This HIT requires creativity and logical thinking. See details in the HIT."	"Argumentation, NLP, natural language processing"	"$1.00"	"Tue Mar 28 15:38:17 CEST 2017"	"9"	"0"	"0"	"9"	"Reviewable"	"NotReviewed"	"mthit-00005.html"	"1200"	"604800"	"Fri Mar 31 15:38:17 CEST 2017"	"https://requester.mturk.com/mturk/manageHIT?HITId=3HA5ODM5KA479M6GYPNKDFLXBFDVSM"	"3570Y55XZQVO9VPNY2LPJK28KUMGY2"	"A13NXSZ9D5NTHN"	"Approved"	"Tue Apr 04 16:05:47 CEST 2017"	"Tue Mar 28 15:48:21 CEST 2017"	"Tue Mar 28 16:05:47 CEST 2017"	"Wed Mar 29 10:13:07 CEST 2017"	""	""	""	""	""																					""	""																																																																																																																							"1"	"Activists are focused on single issues instead of overall issues that affect the voters."	"1"	"California needs the line and the bigger revenue it will provide."	"1"	"Online classes can provide time with teachers individually."	"0"	"Vaccines have a host of problems associated with them."	"0"	"We can learn a lot about a candidate from their spouse"	"1"	"Giving birth at home is just as safe as giving birth in a hospital."	"0"	"Reality shows tend to be focused more on stereotypes and sensationalism."	"1"	"There are ways to help cats maintain their claws, naturally."	"1"	"Giving money to TFA doesn't help those teachers who may truly need it."	"1"	"There is higher growth in the economy when the capital gains tax is lower."			
"3HA5ODM5KA479M6GYPNKDFLXBFDVSM"	"3CGY4DPHZSWZ9UZ891XH6KA0YF1ILA"	"[Qualification HIT: Submit only one HIT] Select the incorrect claim of an argument and explain why it is incorrect [~8 mins]"	"This HIT requires creativity and logical thinking. See details in the HIT."	"Argumentation, NLP, natural language processing"	"$1.00"	"Tue Mar 28 15:38:17 CEST 2017"	"9"	"0"	"0"	"9"	"Reviewable"	"NotReviewed"	"mthit-00005.html"	"1200"	"604800"	"Fri Mar 31 15:38:17 CEST 2017"	"https://requester.mturk.com/mturk/manageHIT?HITId=3HA5ODM5KA479M6GYPNKDFLXBFDVSM"	"3IRIK4HM3BW99ZZCQXUEA2X0NS1C6O"	"AC5UD8N187QD6"	"Approved"	"Tue Apr 04 16:08:34 CEST 2017"	"Tue Mar 28 15:50:29 CEST 2017"	"Tue Mar 28 16:08:34 CEST 2017"	"Wed Mar 29 10:13:07 CEST 2017"	""	""	""	""	""																					""	""																																																																																																																							"0"	"Their connection to issues of great concern make them relevant to voters and in policy discussions. "	"0"	"The state has other needs, water management and resourcing for instance, that should take priority."	"0"	"Online classes are pitched to thousands or tens of thousands of students at a time; the student has no individualized help."	"0"		"0"	"Spouses are, whether they know and like it or not, public figures. "	"1"	"There is no special risk attached to home births that isn't also present in hospital births."	"0"	"The haste with which reality shows are made makes them worse than other tv. "	"1"	"Cats need their claws, and there are ways to maintain claws without declawing. "	"1"	"Money spent on TFA would be better spent investing in public education. "	"1"	"Economic evidence suggests that a lower capital gains tax is good for the economy. "		"on"	
"3HA5ODM5KA479M6GYPNKDFLXBFDVSM"	"3CGY4DPHZSWZ9UZ891XH6KA0YF1ILA"	"[Qualification HIT: Submit only one HIT] Select the incorrect claim of an argument and explain why it is incorrect [~8 mins]"	"This HIT requires creativity and logical thinking. See details in the HIT."	"Argumentation, NLP, natural language processing"	"$1.00"	"Tue Mar 28 15:38:17 CEST 2017"	"9"	"0"	"0"	"9"	"Reviewable"	"NotReviewed"	"mthit-00005.html"	"1200"	"604800"	"Fri Mar 31 15:38:17 CEST 2017"	"https://requester.mturk.com/mturk/manageHIT?HITId=3HA5ODM5KA479M6GYPNKDFLXBFDVSM"	"3EKVH9QMEZGVWQMP3RDM4VY6SNCD29"	"A25YG9M911WA3T"	"Approved"	"Tue Apr 04 16:14:27 CEST 2017"	"Tue Mar 28 15:58:10 CEST 2017"	"Tue Mar 28 16:14:27 CEST 2017"	"Wed Mar 29 10:13:08 CEST 2017"	""	""	""	""	""																					""	""																																																																																																																							"1"	"This is  a variable between individuals and cannot be applied across a broad spectrum of people."	"0"	"This is a statement against the rail"	"1"	"A teacher is not necessary to facilitate learning"	"1"	"There is no proof for this claim"	"0"	"We are not voting for a spouse and their speeches are all fluff"	"0"	"Because life threatening emergencies do happen"	"1"	"This is a blanket statement with no supporting evidence"	"1"	"Claw maintenance is not the issue"	"1"	"Paying your own way through school does not address the issue of higher status"	"1"	"Spelling.  An absolutely false statement as the opposite is true."			
"3HA5ODM5KA479M6GYPNKDFLXBFDVSM"	"3CGY4DPHZSWZ9UZ891XH6KA0YF1ILA"	"[Qualification HIT: Submit only one HIT] Select the incorrect claim of an argument and explain why it is incorrect [~8 mins]"	"This HIT requires creativity and logical thinking. See details in the HIT."	"Argumentation, NLP, natural language processing"	"$1.00"	"Tue Mar 28 15:38:17 CEST 2017"	"9"	"0"	"0"	"9"	"Reviewable"	"NotReviewed"	"mthit-00005.html"	"1200"	"604800"	"Fri Mar 31 15:38:17 CEST 2017"	"https://requester.mturk.com/mturk/manageHIT?HITId=3HA5ODM5KA479M6GYPNKDFLXBFDVSM"	"39GHHAVOMG3I2Q14H1IL08QHHL5J4P"	"A2CJFO19NY4T5R"	"Approved"	"Tue Apr 04 16:31:16 CEST 2017"	"Tue Mar 28 16:21:48 CEST 2017"	"Tue Mar 28 16:31:16 CEST 2017"	"Wed Mar 29 10:13:08 CEST 2017"	""	""	""	""	""																					""	""																																																																																																																							"0"	"Activists make good politicians because they are more likely to focus on important issues"	"0"	"High-Speed rail is too expensive to pursue."	"0"	"Students need individual attention from a teacher to learn."	"0"		"0"	"Voters should hear a spouse's unique perspective on the candidate"	"1"	"Dangerous emergencies are as likely to happen at home."	"1"	"Damaging stereotypes are portrayed in reality TV and can negatively impact vulnerable viewers."	"1"	"Declawing cats isn't necessary because cats maintain them themsevles"	"0"	"TFA puts others at a disadvantage"	"1"	"Taxing capital gains is associated with faster growth"		"on"	
"3HA5ODM5KA479M6GYPNKDFLXBFDVSM"	"3CGY4DPHZSWZ9UZ891XH6KA0YF1ILA"	"[Qualification HIT: Submit only one HIT] Select the incorrect claim of an argument and explain why it is incorrect [~8 mins]"	"This HIT requires creativity and logical thinking. See details in the HIT."	"Argumentation, NLP, natural language processing"	"$1.00"	"Tue Mar 28 15:38:17 CEST 2017"	"9"	"0"	"0"	"9"	"Reviewable"	"NotReviewed"	"mthit-00005.html"	"1200"	"604800"	"Fri Mar 31 15:38:17 CEST 2017"	"https://requester.mturk.com/mturk/manageHIT?HITId=3HA5ODM5KA479M6GYPNKDFLXBFDVSM"	"30IQTZXKALI2YMOSF4AKFE8JB73X0A"	"A1M3VJEHKWDP8I"	"Approved"	"Tue Apr 04 17:00:47 CEST 2017"	"Tue Mar 28 16:43:59 CEST 2017"	"Tue Mar 28 17:00:47 CEST 2017"	"Wed Mar 29 10:13:08 CEST 2017"	""	""	""	""	""																					""	""																																																																																																																							"0"	"Politicians can have whatever stance they want on any matter"	"1"	"Since so many resources have already been used, might as well not stop now. That would be a waste of money."	"0"	"Online classes do not allow the students to actually learn the way they should be learning."	"0"	"The symptoms that vaccines create are worse than what they help against"	"0"	"The information spouses give allows us to know more about the candidate"	"1"	"If women have kids at home, life threatening emergencies cannot be handled easily as they can at a hospital."	"0"	"When people are in their natural habitat they will say whatever comes to mind, and people should not learn from that."	"0"	"More states should follow about removing cat claws, and people can help by letting the cat claw on other things."	"0"	"TFA has given an unfair advantage to those people, while others struggle."	"1"	"not having a capital gains tax would create less growth, which is not good for the US"			
"3HA5ODM5KA479M6GYPNKDFLXBFDVSM"	"3CGY4DPHZSWZ9UZ891XH6KA0YF1ILA"	"[Qualification HIT: Submit only one HIT] Select the incorrect claim of an argument and explain why it is incorrect [~8 mins]"	"This HIT requires creativity and logical thinking. See details in the HIT."	"Argumentation, NLP, natural language processing"	"$1.00"	"Tue Mar 28 15:38:17 CEST 2017"	"9"	"0"	"0"	"9"	"Reviewable"	"NotReviewed"	"mthit-00005.html"	"1200"	"604800"	"Fri Mar 31 15:38:17 CEST 2017"	"https://requester.mturk.com/mturk/manageHIT?HITId=3HA5ODM5KA479M6GYPNKDFLXBFDVSM"	"3KIBXJ1WD66HH3H4I6X6FLWZD17KO1"	"A1C59M3HPCO503"	"Approved"	"Tue Apr 04 17:09:31 CEST 2017"	"Tue Mar 28 16:52:35 CEST 2017"	"Tue Mar 28 17:09:31 CEST 2017"	"Wed Mar 29 10:13:07 CEST 2017"	""	""	""	""	""																					""	""																																																																																																																							"0"	"Politicians care about core issues."	"0"	"The amount of resources doesn't make the rail worthwhile."	"0"	"Young children thrive best with individual attention."	"0"		"0"	"The more information we have about the candidates the better we can make our decisions."	"0"	"At the hospital, these emergencies can be treated immediately and expertly."	"0"	"Reality shows are low budget programming."	"0"	"With maintained claws, cats pose little threat to us."	"1"	"The tax money that is not given to other people has indirectly lowered their status because of the money going elsewhere."	"0"	"A higher gains tax means more economy growth."		"on"	
