"hitid"	"hittypeid"	"title"	"description"	"keywords"	"reward"	"creationtime"	"assignments"	"numavailable"	"numpending"	"numcomplete"	"hitstatus"	"reviewstatus"	"annotation"	"assignmentduration"	"autoapprovaldelay"	"hitlifetime"	"viewhit"	"assignmentid"	"workerid"	"assignmentstatus"	"autoapprovaltime"	"assignmentaccepttime"	"assignmentsubmittime"	"assignmentapprovaltime"	"assignmentrejecttime"	"deadline"	"feedback"	"reject"	"Answer.12536410_143_AE861G0AY5RGT_impossible_why"	"Answer.feedback"	"Answer.Submit HIT"	"Answer.17293787_376_AB98SGS280TY5_impossible_why"	"Answer.17293787_376_AB98SGS280TY5_fixed_warrant"	"Answer.12536410_143_AE861G0AY5RGT_fixed_warrant"	"Answer.11408115_0_A1DJNUJZN8FE7N_impossible_why"	"Answer.11408115_0_A1DJNUJZN8FE7N_fixed_warrant"	"Answer.11408115_0_A1DJNUJZN8FE7N_fixed_warrant_impossible"	"Answer.17293787_376_AB98SGS280TY5_fixed_warrant_impossible"	"Answer.4367042_282_A1CF6U3GF7DZEJ_impossible_why"	"Answer.18546949_88_A104V8NZIQFN2F_fixed_warrant"	"Answer.16683572_54_A1LZPWVZRTUZD0_fixed_warrant"	"Answer.18546949_88_A104V8NZIQFN2F_impossible_why"	"Answer.16683572_54_A1LZPWVZRTUZD0_impossible_why"	"Answer.4367042_282_A1CF6U3GF7DZEJ_fixed_warrant"	"Answer.5474672_140_A1DJNUJZN8FE7N_fixed_warrant"	"Answer.18301753_0_A34QZDSTKZ3JO9_impossible_why"	"Answer.5474672_140_A1DJNUJZN8FE7N_impossible_why"	"Answer.18244013_335_A34QZDSTKZ3JO9_fixed_warrant"	"Answer.18244013_335_A34QZDSTKZ3JO9_impossible_why"	"Answer.18301753_0_A34QZDSTKZ3JO9_fixed_warrant"	"Answer.18301753_0_A34QZDSTKZ3JO9_fixed_warrant_impossible"	"Answer.18244013_335_A34QZDSTKZ3JO9_fixed_warrant_impossible"	"Answer.10944652_774_A2QVMCGDLTWV9_impossible_why"	"Answer.19137971_451_A1CF6U3GF7DZEJ_fixed_warrant"	"Answer.10944652_774_A2QVMCGDLTWV9_fixed_warrant"	"Answer.19137971_451_A1CF6U3GF7DZEJ_impossible_why"	"Answer.16621084_133_A34QZDSTKZ3JO9_fixed_warrant"	"Answer.16621084_133_A34QZDSTKZ3JO9_impossible_why"	"Answer.16621084_133_A34QZDSTKZ3JO9_fixed_warrant_impossible"	"Answer.10944652_774_A2QVMCGDLTWV9_fixed_warrant_impossible"	"Answer.19137971_451_A1CF6U3GF7DZEJ_fixed_warrant_impossible"	"Answer.3235302_207_A3PILUAB7LZGWQ_impossible_why"	"Answer.3235302_207_A3PILUAB7LZGWQ_fixed_warrant"	"Answer.6896111_56_A104V8NZIQFN2F_fixed_warrant"	"Answer.4845332_217_AE861G0AY5RGT_fixed_warrant"	"Answer.4845332_217_AE861G0AY5RGT_impossible_why"	"Answer.6896111_56_A104V8NZIQFN2F_impossible_why"	"Answer.3235302_207_A3PILUAB7LZGWQ_fixed_warrant_impossible"	"Answer.14384573_137_AE861G0AY5RGT_fixed_warrant"	"Answer.3639835_338_A34QZDSTKZ3JO9_impossible_why"	"Answer.16627411_73_A104V8NZIQFN2F_fixed_warrant"	"Answer.16627411_73_A104V8NZIQFN2F_impossible_why"	"Answer.3639835_338_A34QZDSTKZ3JO9_fixed_warrant"	"Answer.14384573_137_AE861G0AY5RGT_impossible_why"	"Answer.16627411_73_A104V8NZIQFN2F_fixed_warrant_impossible"	"Answer.3639835_338_A34QZDSTKZ3JO9_fixed_warrant_impossible"	"Answer.5477096_432_APW9F8OTJ4KXO_impossible_why"	"Answer.11163402_167_A34QZDSTKZ3JO9_fixed_warrant"	"Answer.11163402_167_A34QZDSTKZ3JO9_impossible_why"	"Answer.4963738_276_A247LJDZOGXJK6_fixed_warrant"	"Answer.5477096_432_APW9F8OTJ4KXO_fixed_warrant"	"Answer.4963738_276_A247LJDZOGXJK6_impossible_why"	"Answer.2852843_141_A1HKYY6XI2OHO1_fixed_warrant"	"Answer.2852843_141_A1HKYY6XI2OHO1_impossible_why"	"Answer.2699711_361_AE861G0AY5RGT_fixed_warrant"	"Answer.2699711_361_AE861G0AY5RGT_impossible_why"	"Answer.9950813_449_A104V8NZIQFN2F_fixed_warrant"	"Answer.9950813_449_A104V8NZIQFN2F_impossible_why"	"Answer.2852843_141_A1HKYY6XI2OHO1_fixed_warrant_impossible"	"Answer.2699711_361_AE861G0AY5RGT_fixed_warrant_impossible"	"Answer.6896111_56_A1CF6U3GF7DZEJ_fixed_warrant"	"Answer.6896111_56_A1CF6U3GF7DZEJ_impossible_why"	"Answer.18246375_210_A3TKD7EJ6BM0M5_fixed_warrant"	"Answer.18246375_210_A3TKD7EJ6BM0M5_impossible_why"	"Answer.7952064_0_A3TKD7EJ6BM0M5_fixed_warrant"	"Answer.7952064_0_A3TKD7EJ6BM0M5_impossible_why"	"Answer.18246375_210_A3TKD7EJ6BM0M5_fixed_warrant_impossible"	"Answer.6896111_56_A1CF6U3GF7DZEJ_fixed_warrant_impossible"	"Answer.7952064_0_A3TKD7EJ6BM0M5_fixed_warrant_impossible"	"Answer.17011720_275_APW9F8OTJ4KXO_impossible_why"	"Answer.17011720_275_APW9F8OTJ4KXO_fixed_warrant"	"Answer.18249925_119_A1DJNUJZN8FE7N_impossible_why"	"Answer.18249925_119_A1DJNUJZN8FE7N_fixed_warrant"	"Answer.11540283_213_A104V8NZIQFN2F_fixed_warrant"	"Answer.11540283_213_A104V8NZIQFN2F_impossible_why"	"Answer.11540283_213_A104V8NZIQFN2F_fixed_warrant_impossible"	"Answer.17011720_275_APW9F8OTJ4KXO_fixed_warrant_impossible"	"Answer.18249925_119_A1DJNUJZN8FE7N_fixed_warrant_impossible"
"3R6RZGK0XFO458IPXVF9V19YSGEYV4"	"3DDOM87YLDZSEDRDHHYR70AB0UOTVQ"	"Correct an explanation to fix the logic of an argument [1-2 mins/HIT on average] (pilot study)"	"This HIT requires logical thinking"	"Argumentation, NLP, natural language processing"	"$0.12"	"Sun Apr 09 22:23:12 CEST 2017"	"5"	"0"	"0"	"5"	"Reviewable"	"NotReviewed"	"mthit-00000.html"	"1200"	"604800"	"Wed Apr 12 22:23:12 CEST 2017"	"https://requester.mturk.com/mturk/manageHIT?HITId=3R6RZGK0XFO458IPXVF9V19YSGEYV4"	"3LS2AMNW5G23S6FZVBH3B788D5KQOH"	"AGHLR9UNHB6ZR"	"Approved"	"Sun Apr 16 23:01:47 CEST 2017"	"Sun Apr 09 22:56:52 CEST 2017"	"Sun Apr 09 23:01:47 CEST 2017"	"Mon Apr 10 06:51:07 CEST 2017"	""	""	""	""	""	""	""	""	"Nuclear weapons are not a threat to distant states."	"there is innovation in 3-d printing and it's sustainable"	""	"vaccines don't contain chemicals many children may be allergic to"
"3R6RZGK0XFO458IPXVF9V19YSGEYV4"	"3DDOM87YLDZSEDRDHHYR70AB0UOTVQ"	"Correct an explanation to fix the logic of an argument [1-2 mins/HIT on average] (pilot study)"	"This HIT requires logical thinking"	"Argumentation, NLP, natural language processing"	"$0.12"	"Sun Apr 09 22:23:12 CEST 2017"	"5"	"0"	"0"	"5"	"Reviewable"	"NotReviewed"	"mthit-00000.html"	"1200"	"604800"	"Wed Apr 12 22:23:12 CEST 2017"	"https://requester.mturk.com/mturk/manageHIT?HITId=3R6RZGK0XFO458IPXVF9V19YSGEYV4"	"3JJVG1YBEC9UGQ7S7EOE7CDIAAIB5P"	"A33LYSCQQU1YDJ"	"Approved"	"Sun Apr 16 23:53:21 CEST 2017"	"Sun Apr 09 23:50:00 CEST 2017"	"Sun Apr 09 23:53:21 CEST 2017"	"Mon Apr 10 06:51:07 CEST 2017"	""	""	""	""	""	""	""	""	"Nuclear weapons are not a threat to states around them."	"there is innovation in 3-d printing and it's sustainable"	""	"vaccines do not contain chemicals many children may be allergic to"
"3R6RZGK0XFO458IPXVF9V19YSGEYV4"	"3DDOM87YLDZSEDRDHHYR70AB0UOTVQ"	"Correct an explanation to fix the logic of an argument [1-2 mins/HIT on average] (pilot study)"	"This HIT requires logical thinking"	"Argumentation, NLP, natural language processing"	"$0.12"	"Sun Apr 09 22:23:12 CEST 2017"	"5"	"0"	"0"	"5"	"Reviewable"	"NotReviewed"	"mthit-00000.html"	"1200"	"604800"	"Wed Apr 12 22:23:12 CEST 2017"	"https://requester.mturk.com/mturk/manageHIT?HITId=3R6RZGK0XFO458IPXVF9V19YSGEYV4"	"3OHYZ19UGDHB5Q8I6FKHL7T39N4OAE"	"AJD3JOWNVDZD1"	"Approved"	"Mon Apr 17 00:39:25 CEST 2017"	"Mon Apr 10 00:36:17 CEST 2017"	"Mon Apr 10 00:39:25 CEST 2017"	"Mon Apr 10 06:51:07 CEST 2017"	""	""	""	""	""	""	""	""	"their Nuclear weapons are no threat to any state around them."	"there is innovation in 3-d printing"	""	"vaccines don't contain chemicals many children may be allergic to"
"3R6RZGK0XFO458IPXVF9V19YSGEYV4"	"3DDOM87YLDZSEDRDHHYR70AB0UOTVQ"	"Correct an explanation to fix the logic of an argument [1-2 mins/HIT on average] (pilot study)"	"This HIT requires logical thinking"	"Argumentation, NLP, natural language processing"	"$0.12"	"Sun Apr 09 22:23:12 CEST 2017"	"5"	"0"	"0"	"5"	"Reviewable"	"NotReviewed"	"mthit-00000.html"	"1200"	"604800"	"Wed Apr 12 22:23:12 CEST 2017"	"https://requester.mturk.com/mturk/manageHIT?HITId=3R6RZGK0XFO458IPXVF9V19YSGEYV4"	"3IKZ72A5B5SOJWPEGG6WKJ4PGTCFN3"	"A23KWI5P9WYEBZ"	"Approved"	"Mon Apr 17 00:43:19 CEST 2017"	"Mon Apr 10 00:32:53 CEST 2017"	"Mon Apr 10 00:43:19 CEST 2017"	"Mon Apr 10 06:51:07 CEST 2017"	""	""	""	""	""	""	""	"They are a threat based on argument"		"there is innovation in 3-d printing"	"shouldn't be mandatory based on underlined"		"on"	"on"
"3R6RZGK0XFO458IPXVF9V19YSGEYV4"	"3DDOM87YLDZSEDRDHHYR70AB0UOTVQ"	"Correct an explanation to fix the logic of an argument [1-2 mins/HIT on average] (pilot study)"	"This HIT requires logical thinking"	"Argumentation, NLP, natural language processing"	"$0.12"	"Sun Apr 09 22:23:12 CEST 2017"	"5"	"0"	"0"	"5"	"Reviewable"	"NotReviewed"	"mthit-00000.html"	"1200"	"604800"	"Wed Apr 12 22:23:12 CEST 2017"	"https://requester.mturk.com/mturk/manageHIT?HITId=3R6RZGK0XFO458IPXVF9V19YSGEYV4"	"37TD41K0AILEWXX9XAXHB7TS6FUSCJ"	"A340UGIDGIF4W6"	"Approved"	"Mon Apr 17 01:12:02 CEST 2017"	"Mon Apr 10 01:08:38 CEST 2017"	"Mon Apr 10 01:12:02 CEST 2017"	"Mon Apr 10 06:51:07 CEST 2017"	""	""	""	""	""	""	""	""	"nuclear weapons are a threat to every state"	"there isn't any innovation in 3-d printing because it's unsustainable"	""	"vaccines contain many chemicals that children may be allergic to"		
"31SIZS5W59R33ZAMX1T5HIHT81KRQ1"	"3DDOM87YLDZSEDRDHHYR70AB0UOTVQ"	"Correct an explanation to fix the logic of an argument [1-2 mins/HIT on average] (pilot study)"	"This HIT requires logical thinking"	"Argumentation, NLP, natural language processing"	"$0.12"	"Sun Apr 09 22:23:12 CEST 2017"	"5"	"0"	"0"	"5"	"Reviewable"	"NotReviewed"	"mthit-00001.html"	"1200"	"604800"	"Wed Apr 12 22:23:12 CEST 2017"	"https://requester.mturk.com/mturk/manageHIT?HITId=31SIZS5W59R33ZAMX1T5HIHT81KRQ1"	"3R6P78PK7LNSS9QTOWYQB3AT6QUTGD"	"A2YE2I9DYV9OKW"	"Approved"	"Sun Apr 16 23:30:14 CEST 2017"	"Sun Apr 09 23:22:47 CEST 2017"	"Sun Apr 09 23:30:14 CEST 2017"	"Mon Apr 10 06:51:07 CEST 2017"	""	""	""	""		"It's hard to tell how much I should be making the arguments seem more natural and how much I should be honoring the ""minimal changes"" instruction. On the ""illegal labor"" one, if I had left in the ""beyond a certain threshold"" it would have been a readable sentence but a somewhat weird thing to say since you'd normally only call attention to thresholds where something changes."	""								""	"everything is too political already"	"the risk is much less if refugees are shunned"	""	""	"they would be willing to pay the extra cost"
"31SIZS5W59R33ZAMX1T5HIHT81KRQ1"	"3DDOM87YLDZSEDRDHHYR70AB0UOTVQ"	"Correct an explanation to fix the logic of an argument [1-2 mins/HIT on average] (pilot study)"	"This HIT requires logical thinking"	"Argumentation, NLP, natural language processing"	"$0.12"	"Sun Apr 09 22:23:12 CEST 2017"	"5"	"0"	"0"	"5"	"Reviewable"	"NotReviewed"	"mthit-00001.html"	"1200"	"604800"	"Wed Apr 12 22:23:12 CEST 2017"	"https://requester.mturk.com/mturk/manageHIT?HITId=31SIZS5W59R33ZAMX1T5HIHT81KRQ1"	"3QY7M81QH8YAWXP51KG44ZA4OAM7KK"	"AJD3JOWNVDZD1"	"Approved"	"Sun Apr 16 23:48:17 CEST 2017"	"Sun Apr 09 23:42:57 CEST 2017"	"Sun Apr 09 23:48:17 CEST 2017"	"Mon Apr 10 06:51:07 CEST 2017"	""	""	""	""		""	""								""	"everything is not political "	"the risk is much lowerr if refugees are shunned"	""	""	"they would  be willing to pay more"
"31SIZS5W59R33ZAMX1T5HIHT81KRQ1"	"3DDOM87YLDZSEDRDHHYR70AB0UOTVQ"	"Correct an explanation to fix the logic of an argument [1-2 mins/HIT on average] (pilot study)"	"This HIT requires logical thinking"	"Argumentation, NLP, natural language processing"	"$0.12"	"Sun Apr 09 22:23:12 CEST 2017"	"5"	"0"	"0"	"5"	"Reviewable"	"NotReviewed"	"mthit-00001.html"	"1200"	"604800"	"Wed Apr 12 22:23:12 CEST 2017"	"https://requester.mturk.com/mturk/manageHIT?HITId=31SIZS5W59R33ZAMX1T5HIHT81KRQ1"	"3QXNC7EIPJ7CXQ6UCO46ZBM152509K"	"A1I4CYG5YDFTYM"	"Approved"	"Mon Apr 17 00:23:13 CEST 2017"	"Mon Apr 10 00:18:56 CEST 2017"	"Mon Apr 10 00:23:13 CEST 2017"	"Mon Apr 10 06:51:07 CEST 2017"	""	""	""	""		"this is a bit challenging. trying to not change many words makes it quite difficult to get the point across. It might be better if we were able to retype the entire sentence into the gist of what was trying to be said"	""								""	"everything is far too political anyway"	"the shunned refugees are more dangerous if they are shunned"	""	""	"they would be willing to paywithin a reasonable increse threshold"
"31SIZS5W59R33ZAMX1T5HIHT81KRQ1"	"3DDOM87YLDZSEDRDHHYR70AB0UOTVQ"	"Correct an explanation to fix the logic of an argument [1-2 mins/HIT on average] (pilot study)"	"This HIT requires logical thinking"	"Argumentation, NLP, natural language processing"	"$0.12"	"Sun Apr 09 22:23:12 CEST 2017"	"5"	"0"	"0"	"5"	"Reviewable"	"NotReviewed"	"mthit-00001.html"	"1200"	"604800"	"Wed Apr 12 22:23:12 CEST 2017"	"https://requester.mturk.com/mturk/manageHIT?HITId=31SIZS5W59R33ZAMX1T5HIHT81KRQ1"	"3GNA64GUZFGHKW9HQWL4218HWAL5QX"	"A23KWI5P9WYEBZ"	"Approved"	"Mon Apr 17 00:51:42 CEST 2017"	"Mon Apr 10 00:32:57 CEST 2017"	"Mon Apr 10 00:51:42 CEST 2017"	"Mon Apr 10 06:51:07 CEST 2017"	""	""	""	""		""	""								""	"everything is political "	"the risk is much greater "	""	""	"they would be willing to pay beyond a certain threshold"
"31SIZS5W59R33ZAMX1T5HIHT81KRQ1"	"3DDOM87YLDZSEDRDHHYR70AB0UOTVQ"	"Correct an explanation to fix the logic of an argument [1-2 mins/HIT on average] (pilot study)"	"This HIT requires logical thinking"	"Argumentation, NLP, natural language processing"	"$0.12"	"Sun Apr 09 22:23:12 CEST 2017"	"5"	"0"	"0"	"5"	"Reviewable"	"NotReviewed"	"mthit-00001.html"	"1200"	"604800"	"Wed Apr 12 22:23:12 CEST 2017"	"https://requester.mturk.com/mturk/manageHIT?HITId=31SIZS5W59R33ZAMX1T5HIHT81KRQ1"	"3W92K5RLWVT9P45YCVFE8O7PD245VV"	"A37YE42KAPNDGU"	"Approved"	"Mon Apr 17 01:32:52 CEST 2017"	"Mon Apr 10 01:28:38 CEST 2017"	"Mon Apr 10 01:32:52 CEST 2017"	"Mon Apr 10 06:51:07 CEST 2017"	""	""	""	""		""	""								""	"not everything is political"	"the risk is much less if refugees are shunned"	""	""	"they would be willing to pay beyond a certain threshold"
"3NKW03WTLMJ8BVR8WV3B4HPA0GZWQ9"	"3DDOM87YLDZSEDRDHHYR70AB0UOTVQ"	"Correct an explanation to fix the logic of an argument [1-2 mins/HIT on average] (pilot study)"	"This HIT requires logical thinking"	"Argumentation, NLP, natural language processing"	"$0.12"	"Sun Apr 09 22:23:12 CEST 2017"	"5"	"0"	"0"	"5"	"Reviewable"	"NotReviewed"	"mthit-00002.html"	"1200"	"604800"	"Wed Apr 12 22:23:12 CEST 2017"	"https://requester.mturk.com/mturk/manageHIT?HITId=3NKW03WTLMJ8BVR8WV3B4HPA0GZWQ9"	"3GNA64GUZFGHKW9HQWL4218HWAHQ5E"	"A2YE2I9DYV9OKW"	"Approved"	"Sun Apr 16 23:35:22 CEST 2017"	"Sun Apr 09 23:31:13 CEST 2017"	"Sun Apr 09 23:35:22 CEST 2017"	"Mon Apr 10 06:51:08 CEST 2017"	""	""	""	""		""	""														"even a few odd ducks must be able to join society"	""	""	"different views complement the main article"	""	"many felons are reformed"
"3NKW03WTLMJ8BVR8WV3B4HPA0GZWQ9"	"3DDOM87YLDZSEDRDHHYR70AB0UOTVQ"	"Correct an explanation to fix the logic of an argument [1-2 mins/HIT on average] (pilot study)"	"This HIT requires logical thinking"	"Argumentation, NLP, natural language processing"	"$0.12"	"Sun Apr 09 22:23:12 CEST 2017"	"5"	"0"	"0"	"5"	"Reviewable"	"NotReviewed"	"mthit-00002.html"	"1200"	"604800"	"Wed Apr 12 22:23:12 CEST 2017"	"https://requester.mturk.com/mturk/manageHIT?HITId=3NKW03WTLMJ8BVR8WV3B4HPA0GZWQ9"	"3WEV0KO0ON4O1P3NX6SSVDBARF3DS1"	"AJD3JOWNVDZD1"	"Approved"	"Mon Apr 17 00:24:57 CEST 2017"	"Mon Apr 10 00:22:21 CEST 2017"	"Mon Apr 10 00:24:57 CEST 2017"	"Mon Apr 10 06:51:08 CEST 2017"	""	""	""	""		""	""														"There shouldn't be any odd ducks in society"	""	""	"different views compliment the main article"	""	"most every felon is reformed"
"3NKW03WTLMJ8BVR8WV3B4HPA0GZWQ9"	"3DDOM87YLDZSEDRDHHYR70AB0UOTVQ"	"Correct an explanation to fix the logic of an argument [1-2 mins/HIT on average] (pilot study)"	"This HIT requires logical thinking"	"Argumentation, NLP, natural language processing"	"$0.12"	"Sun Apr 09 22:23:12 CEST 2017"	"5"	"0"	"0"	"5"	"Reviewable"	"NotReviewed"	"mthit-00002.html"	"1200"	"604800"	"Wed Apr 12 22:23:12 CEST 2017"	"https://requester.mturk.com/mturk/manageHIT?HITId=3NKW03WTLMJ8BVR8WV3B4HPA0GZWQ9"	"3IJXV6UZ1YVT8LJWAVTYW0MRXISRIT"	"AJNQ2PBD07FKE"	"Approved"	"Mon Apr 17 00:29:44 CEST 2017"	"Mon Apr 10 00:26:39 CEST 2017"	"Mon Apr 10 00:29:44 CEST 2017"	"Mon Apr 10 06:51:08 CEST 2017"	""	""	""	""		""	""														"there should be less odd ducks in society"	"it doesn't seem to be wrong"	""		"it doesn't seem to be wrong"		"on"	"on"
"3NKW03WTLMJ8BVR8WV3B4HPA0GZWQ9"	"3DDOM87YLDZSEDRDHHYR70AB0UOTVQ"	"Correct an explanation to fix the logic of an argument [1-2 mins/HIT on average] (pilot study)"	"This HIT requires logical thinking"	"Argumentation, NLP, natural language processing"	"$0.12"	"Sun Apr 09 22:23:12 CEST 2017"	"5"	"0"	"0"	"5"	"Reviewable"	"NotReviewed"	"mthit-00002.html"	"1200"	"604800"	"Wed Apr 12 22:23:12 CEST 2017"	"https://requester.mturk.com/mturk/manageHIT?HITId=3NKW03WTLMJ8BVR8WV3B4HPA0GZWQ9"	"317HQ483I848TNR4HOCHNGHHWL5NI3"	"AP4FDDWBJW47O"	"Approved"	"Mon Apr 17 00:49:29 CEST 2017"	"Mon Apr 10 00:48:06 CEST 2017"	"Mon Apr 10 00:49:29 CEST 2017"	"Mon Apr 10 06:51:08 CEST 2017"	""	""	""	""		""	""														"Remove the explanation completely, it is defamatory."	""	""	"different views detract from the main article"	""	"not every felon is reformed"		
"3NKW03WTLMJ8BVR8WV3B4HPA0GZWQ9"	"3DDOM87YLDZSEDRDHHYR70AB0UOTVQ"	"Correct an explanation to fix the logic of an argument [1-2 mins/HIT on average] (pilot study)"	"This HIT requires logical thinking"	"Argumentation, NLP, natural language processing"	"$0.12"	"Sun Apr 09 22:23:12 CEST 2017"	"5"	"0"	"0"	"5"	"Reviewable"	"NotReviewed"	"mthit-00002.html"	"1200"	"604800"	"Wed Apr 12 22:23:12 CEST 2017"	"https://requester.mturk.com/mturk/manageHIT?HITId=3NKW03WTLMJ8BVR8WV3B4HPA0GZWQ9"	"3570Y55XZQVO9VPNY2LPJK28LSFYGA"	"A23KWI5P9WYEBZ"	"Approved"	"Mon Apr 17 00:50:47 CEST 2017"	"Mon Apr 10 00:32:57 CEST 2017"	"Mon Apr 10 00:50:47 CEST 2017"	"Mon Apr 10 06:51:08 CEST 2017"	""	""	""	""		""	""														"There must be a few in society"	""	""		"true"	"every felon is reformed"		"on"
"3K3IX1W4S63Q46NQVDSUMN2931APA0"	"3DDOM87YLDZSEDRDHHYR70AB0UOTVQ"	"Correct an explanation to fix the logic of an argument [1-2 mins/HIT on average] (pilot study)"	"This HIT requires logical thinking"	"Argumentation, NLP, natural language processing"	"$0.12"	"Sun Apr 09 22:23:12 CEST 2017"	"5"	"0"	"0"	"5"	"Reviewable"	"NotReviewed"	"mthit-00003.html"	"1200"	"604800"	"Wed Apr 12 22:23:12 CEST 2017"	"https://requester.mturk.com/mturk/manageHIT?HITId=3K3IX1W4S63Q46NQVDSUMN2931APA0"	"3IGI0VL648WIP927FJPM7DD38TVNON"	"A33FA1VLSTBM74"	"Approved"	"Sun Apr 16 22:37:40 CEST 2017"	"Sun Apr 09 22:28:54 CEST 2017"	"Sun Apr 09 22:37:40 CEST 2017"	"Mon Apr 10 06:51:08 CEST 2017"	""	""	""	""		"Most of my mental effort was directed towards NOT adding additional information. I appreciate that the reminder is highlight in blue so that it stood out."	""																						""	"she is a member of the highest court, which holds to highest standards"	"Banks can't handle large debt perfectly well."	""	"the companies admitted they were guilty"	""
"3K3IX1W4S63Q46NQVDSUMN2931APA0"	"3DDOM87YLDZSEDRDHHYR70AB0UOTVQ"	"Correct an explanation to fix the logic of an argument [1-2 mins/HIT on average] (pilot study)"	"This HIT requires logical thinking"	"Argumentation, NLP, natural language processing"	"$0.12"	"Sun Apr 09 22:23:12 CEST 2017"	"5"	"0"	"0"	"5"	"Reviewable"	"NotReviewed"	"mthit-00003.html"	"1200"	"604800"	"Wed Apr 12 22:23:12 CEST 2017"	"https://requester.mturk.com/mturk/manageHIT?HITId=3K3IX1W4S63Q46NQVDSUMN2931APA0"	"3SPJ033422FY0XFO686SGXUODKSJYV"	"A2YE2I9DYV9OKW"	"Approved"	"Sun Apr 16 23:19:05 CEST 2017"	"Sun Apr 09 23:10:10 CEST 2017"	"Sun Apr 09 23:19:05 CEST 2017"	"Mon Apr 10 06:51:08 CEST 2017"	""	""	""	""		"I had trouble with the first one because it seemed to me that the argument, while slightly disjointed, wasn't incoherent to me as an argument as the instructions implied it should be. I slightly rephrased it to make it a bit punchier but didn't do things like negate what was being said. (I could make what I think the argument it's making in a more clear way, but would that would require more rewriting)."	""																						""	"she is a member of the highest court, she is known to hew to the highest standards"	"Banks can't handle large debt feeding well."	""	"the company was guilty"	""
"3K3IX1W4S63Q46NQVDSUMN2931APA0"	"3DDOM87YLDZSEDRDHHYR70AB0UOTVQ"	"Correct an explanation to fix the logic of an argument [1-2 mins/HIT on average] (pilot study)"	"This HIT requires logical thinking"	"Argumentation, NLP, natural language processing"	"$0.12"	"Sun Apr 09 22:23:12 CEST 2017"	"5"	"0"	"0"	"5"	"Reviewable"	"NotReviewed"	"mthit-00003.html"	"1200"	"604800"	"Wed Apr 12 22:23:12 CEST 2017"	"https://requester.mturk.com/mturk/manageHIT?HITId=3K3IX1W4S63Q46NQVDSUMN2931APA0"	"3OSWBBLG1F9WX6PMRGYFULS26U5XDT"	"A1I4CYG5YDFTYM"	"Approved"	"Mon Apr 17 00:33:22 CEST 2017"	"Mon Apr 10 00:31:10 CEST 2017"	"Mon Apr 10 00:33:22 CEST 2017"	"Mon Apr 10 06:51:08 CEST 2017"	""	""	""	""		""	""																						""	"she is a member of the highest court, which upholds the very laws and morals that are the fabric of the country"	"Banks have proven they cannot handle large debt feeding properly"	""	"the company admitted to acting in a dishonest and untrustworthy manner"	""
"3K3IX1W4S63Q46NQVDSUMN2931APA0"	"3DDOM87YLDZSEDRDHHYR70AB0UOTVQ"	"Correct an explanation to fix the logic of an argument [1-2 mins/HIT on average] (pilot study)"	"This HIT requires logical thinking"	"Argumentation, NLP, natural language processing"	"$0.12"	"Sun Apr 09 22:23:12 CEST 2017"	"5"	"0"	"0"	"5"	"Reviewable"	"NotReviewed"	"mthit-00003.html"	"1200"	"604800"	"Wed Apr 12 22:23:12 CEST 2017"	"https://requester.mturk.com/mturk/manageHIT?HITId=3K3IX1W4S63Q46NQVDSUMN2931APA0"	"3LEP4MGT3HCPK3MLMK6X5O1ANRIBDZ"	"A23KWI5P9WYEBZ"	"Approved"	"Mon Apr 17 00:44:25 CEST 2017"	"Mon Apr 10 00:32:54 CEST 2017"	"Mon Apr 10 00:44:25 CEST 2017"	"Mon Apr 10 06:51:08 CEST 2017"	""	""	""	""		""	""																						"good argument"			"good argument"		"true"	"on"	"on"	"on"
"3K3IX1W4S63Q46NQVDSUMN2931APA0"	"3DDOM87YLDZSEDRDHHYR70AB0UOTVQ"	"Correct an explanation to fix the logic of an argument [1-2 mins/HIT on average] (pilot study)"	"This HIT requires logical thinking"	"Argumentation, NLP, natural language processing"	"$0.12"	"Sun Apr 09 22:23:12 CEST 2017"	"5"	"0"	"0"	"5"	"Reviewable"	"NotReviewed"	"mthit-00003.html"	"1200"	"604800"	"Wed Apr 12 22:23:12 CEST 2017"	"https://requester.mturk.com/mturk/manageHIT?HITId=3K3IX1W4S63Q46NQVDSUMN2931APA0"	"34QN5IT0T03CJLNK7WYSZFRQLWO804"	"A1506T1PAYRT16"	"Approved"	"Mon Apr 17 00:48:17 CEST 2017"	"Mon Apr 10 00:31:24 CEST 2017"	"Mon Apr 10 00:48:17 CEST 2017"	"Mon Apr 10 06:51:08 CEST 2017"	""	""	""	""		""	""																						""	"she is a member of the highest court, which upholds to highest standards"	"Banks can not handle large debt feeding perfectly well."	""		"Sounds good as is"	"on"		
"3EKZL9T8Y8YMK4M0WEGGJ9Q6HDLHCP"	"3DDOM87YLDZSEDRDHHYR70AB0UOTVQ"	"Correct an explanation to fix the logic of an argument [1-2 mins/HIT on average] (pilot study)"	"This HIT requires logical thinking"	"Argumentation, NLP, natural language processing"	"$0.12"	"Sun Apr 09 22:23:12 CEST 2017"	"5"	"0"	"0"	"5"	"Reviewable"	"NotReviewed"	"mthit-00004.html"	"1200"	"604800"	"Wed Apr 12 22:23:12 CEST 2017"	"https://requester.mturk.com/mturk/manageHIT?HITId=3EKZL9T8Y8YMK4M0WEGGJ9Q6HDLHCP"	"3HUTX6F6VVZM0NDET0R2FPA5XY4O2X"	"AYFOAD75CRBKE"	"Approved"	"Sun Apr 16 22:39:59 CEST 2017"	"Sun Apr 09 22:30:55 CEST 2017"	"Sun Apr 09 22:39:59 CEST 2017"	"Mon Apr 10 06:51:09 CEST 2017"	""	""	""	""		"this one takes a bit more brain twisting compared to other of your batches"	""																															""	"millennials have proven themselves to be abysmal failures in the school of Dr. Spock parenting"	"the market is a failure, a new system must be implemented"	"Australia's voting system is nothing like America's system"	""	""
"3EKZL9T8Y8YMK4M0WEGGJ9Q6HDLHCP"	"3DDOM87YLDZSEDRDHHYR70AB0UOTVQ"	"Correct an explanation to fix the logic of an argument [1-2 mins/HIT on average] (pilot study)"	"This HIT requires logical thinking"	"Argumentation, NLP, natural language processing"	"$0.12"	"Sun Apr 09 22:23:12 CEST 2017"	"5"	"0"	"0"	"5"	"Reviewable"	"NotReviewed"	"mthit-00004.html"	"1200"	"604800"	"Wed Apr 12 22:23:12 CEST 2017"	"https://requester.mturk.com/mturk/manageHIT?HITId=3EKZL9T8Y8YMK4M0WEGGJ9Q6HDLHCP"	"36W0OB37HXQ2EHU3EU5QIRNB6MTHZG"	"A2YE2I9DYV9OKW"	"Approved"	"Sun Apr 16 23:22:35 CEST 2017"	"Sun Apr 09 23:19:13 CEST 2017"	"Sun Apr 09 23:22:35 CEST 2017"	"Mon Apr 10 06:51:09 CEST 2017"	""	""	""	""		""	""																															""	"the millennials have proved themselves to be abysmal failures"	"the market works and the current system must be maintained"	"Australians are much like Americans"	""	""
"3EKZL9T8Y8YMK4M0WEGGJ9Q6HDLHCP"	"3DDOM87YLDZSEDRDHHYR70AB0UOTVQ"	"Correct an explanation to fix the logic of an argument [1-2 mins/HIT on average] (pilot study)"	"This HIT requires logical thinking"	"Argumentation, NLP, natural language processing"	"$0.12"	"Sun Apr 09 22:23:12 CEST 2017"	"5"	"0"	"0"	"5"	"Reviewable"	"NotReviewed"	"mthit-00004.html"	"1200"	"604800"	"Wed Apr 12 22:23:12 CEST 2017"	"https://requester.mturk.com/mturk/manageHIT?HITId=3EKZL9T8Y8YMK4M0WEGGJ9Q6HDLHCP"	"3TY7ZAOG5GWWEMPLGLVVPK0HGWGK0X"	"AJD3JOWNVDZD1"	"Approved"	"Mon Apr 17 00:12:32 CEST 2017"	"Mon Apr 10 00:08:22 CEST 2017"	"Mon Apr 10 00:12:32 CEST 2017"	"Mon Apr 10 06:51:09 CEST 2017"	""	""	""	""		""	""																															""	"the millennials have proven themselves to be abysmal failures in the school of Dr. Spock parenting"	"the market is successful and a new system hasn't been implemented"	"Australians are similar to Americans"	""	""
"3EKZL9T8Y8YMK4M0WEGGJ9Q6HDLHCP"	"3DDOM87YLDZSEDRDHHYR70AB0UOTVQ"	"Correct an explanation to fix the logic of an argument [1-2 mins/HIT on average] (pilot study)"	"This HIT requires logical thinking"	"Argumentation, NLP, natural language processing"	"$0.12"	"Sun Apr 09 22:23:12 CEST 2017"	"5"	"0"	"0"	"5"	"Reviewable"	"NotReviewed"	"mthit-00004.html"	"1200"	"604800"	"Wed Apr 12 22:23:12 CEST 2017"	"https://requester.mturk.com/mturk/manageHIT?HITId=3EKZL9T8Y8YMK4M0WEGGJ9Q6HDLHCP"	"3A9AA95ATXYWKK82QJ6F2WI7REZ5P6"	"A23KWI5P9WYEBZ"	"Approved"	"Mon Apr 17 00:45:54 CEST 2017"	"Mon Apr 10 00:32:55 CEST 2017"	"Mon Apr 10 00:45:54 CEST 2017"	"Mon Apr 10 06:51:09 CEST 2017"	""	""	""	""		""	""																															"true argument"		"the market is a failure "	"Australians are like Americans"	""	""	"on"
"3EKZL9T8Y8YMK4M0WEGGJ9Q6HDLHCP"	"3DDOM87YLDZSEDRDHHYR70AB0UOTVQ"	"Correct an explanation to fix the logic of an argument [1-2 mins/HIT on average] (pilot study)"	"This HIT requires logical thinking"	"Argumentation, NLP, natural language processing"	"$0.12"	"Sun Apr 09 22:23:12 CEST 2017"	"5"	"0"	"0"	"5"	"Reviewable"	"NotReviewed"	"mthit-00004.html"	"1200"	"604800"	"Wed Apr 12 22:23:12 CEST 2017"	"https://requester.mturk.com/mturk/manageHIT?HITId=3EKZL9T8Y8YMK4M0WEGGJ9Q6HDLHCP"	"34YB12FSQZ0OFE09FZXEPPF1CI4MGB"	"A340UGIDGIF4W6"	"Approved"	"Mon Apr 17 01:08:37 CEST 2017"	"Mon Apr 10 01:06:29 CEST 2017"	"Mon Apr 10 01:08:37 CEST 2017"	"Mon Apr 10 06:51:09 CEST 2017"	""	""	""	""		"this is my first one I am doing for you, I hope it is correct :)"	""																															""	"the millennials have proven themselves to be abysmal failures in the school of Dr. Spock parenting"	"the market is a failure and a new system must be implemented,"	"Australians are unlike Americans"	""	""	
"33QQ60S6ASU7VYX4KXUV7NDV2WQU0A"	"3DDOM87YLDZSEDRDHHYR70AB0UOTVQ"	"Correct an explanation to fix the logic of an argument [1-2 mins/HIT on average] (pilot study)"	"This HIT requires logical thinking"	"Argumentation, NLP, natural language processing"	"$0.12"	"Sun Apr 09 22:23:12 CEST 2017"	"5"	"0"	"0"	"5"	"Reviewable"	"NotReviewed"	"mthit-00005.html"	"1200"	"604800"	"Wed Apr 12 22:23:12 CEST 2017"	"https://requester.mturk.com/mturk/manageHIT?HITId=33QQ60S6ASU7VYX4KXUV7NDV2WQU0A"	"3YMTUJH0DTSCGTX9TVWP2EDQGLM4T2"	"A3T1FM3126RW25"	"Approved"	"Sun Apr 16 23:35:27 CEST 2017"	"Sun Apr 09 23:30:42 CEST 2017"	"Sun Apr 09 23:35:27 CEST 2017"	"Mon Apr 10 06:51:09 CEST 2017"	""	""	""	""		"One of my explanations did not need modification; it was already correct.  I corrected the other two.  Additionally, a very minor point for your instructions, in case it's helpful: In idiomatic English, I would say John is ""fictional,"" not ""fictive.""  ""Fictive"" is a word but has a somewhat different meaning and is not ordinarily used in this context."	""																																						"a parent refusing medical care for their child hurts society."	""	"acting in only their own interest is how we can expect them to act"	""	"the private sector seeks only to earn more money"	""
"33QQ60S6ASU7VYX4KXUV7NDV2WQU0A"	"3DDOM87YLDZSEDRDHHYR70AB0UOTVQ"	"Correct an explanation to fix the logic of an argument [1-2 mins/HIT on average] (pilot study)"	"This HIT requires logical thinking"	"Argumentation, NLP, natural language processing"	"$0.12"	"Sun Apr 09 22:23:12 CEST 2017"	"5"	"0"	"0"	"5"	"Reviewable"	"NotReviewed"	"mthit-00005.html"	"1200"	"604800"	"Wed Apr 12 22:23:12 CEST 2017"	"https://requester.mturk.com/mturk/manageHIT?HITId=33QQ60S6ASU7VYX4KXUV7NDV2WQU0A"	"3S4AW7T80CUOXGP4KMUYGN39M81L4H"	"AJD3JOWNVDZD1"	"Approved"	"Sun Apr 16 23:59:42 CEST 2017"	"Sun Apr 09 23:53:48 CEST 2017"	"Sun Apr 09 23:59:42 CEST 2017"	"Mon Apr 10 06:51:09 CEST 2017"	""	""	""	""		""	""																																						"a parent refusing medical care for their child does hurt society."	""	"acting in only their own interest is how we know them to act"	""	"the private sector will charge more money"	""
"33QQ60S6ASU7VYX4KXUV7NDV2WQU0A"	"3DDOM87YLDZSEDRDHHYR70AB0UOTVQ"	"Correct an explanation to fix the logic of an argument [1-2 mins/HIT on average] (pilot study)"	"This HIT requires logical thinking"	"Argumentation, NLP, natural language processing"	"$0.12"	"Sun Apr 09 22:23:12 CEST 2017"	"5"	"0"	"0"	"5"	"Reviewable"	"NotReviewed"	"mthit-00005.html"	"1200"	"604800"	"Wed Apr 12 22:23:12 CEST 2017"	"https://requester.mturk.com/mturk/manageHIT?HITId=33QQ60S6ASU7VYX4KXUV7NDV2WQU0A"	"3Y5140Z9DYS8W83HX3P9R5MCW04IPS"	"A1I4CYG5YDFTYM"	"Approved"	"Mon Apr 17 00:25:27 CEST 2017"	"Mon Apr 10 00:23:15 CEST 2017"	"Mon Apr 10 00:25:27 CEST 2017"	"Mon Apr 10 06:51:09 CEST 2017"	""	""	""	""		"this is a bit of challenge. It is hard to change the phrasing without actually changing the entire phrase. Sure, it is a bit more work to just get the gist of the statement but it would make the sentences make more sense"	""																																						"a parent refusing medical care for their child can pose a threat to society."	""	"acting in a manner that only benefits their own interest and bottom line profit is how we can expect them to act"	""	"the private sector will earn more money leaving everyone else in the dust"	""
"33QQ60S6ASU7VYX4KXUV7NDV2WQU0A"	"3DDOM87YLDZSEDRDHHYR70AB0UOTVQ"	"Correct an explanation to fix the logic of an argument [1-2 mins/HIT on average] (pilot study)"	"This HIT requires logical thinking"	"Argumentation, NLP, natural language processing"	"$0.12"	"Sun Apr 09 22:23:12 CEST 2017"	"5"	"0"	"0"	"5"	"Reviewable"	"NotReviewed"	"mthit-00005.html"	"1200"	"604800"	"Wed Apr 12 22:23:12 CEST 2017"	"https://requester.mturk.com/mturk/manageHIT?HITId=33QQ60S6ASU7VYX4KXUV7NDV2WQU0A"	"3E7TUJ2EGDY6WA7OO0S1EI6KZRFD9R"	"A23KWI5P9WYEBZ"	"Approved"	"Mon Apr 17 00:41:02 CEST 2017"	"Mon Apr 10 00:32:53 CEST 2017"	"Mon Apr 10 00:41:02 CEST 2017"	"Mon Apr 10 06:51:09 CEST 2017"	""	""	""	""		""	""																																						"a parent refusing medical care for their child hurt society."	"sounds logic"		"argument is valid"		""	"on"	"on"
"33QQ60S6ASU7VYX4KXUV7NDV2WQU0A"	"3DDOM87YLDZSEDRDHHYR70AB0UOTVQ"	"Correct an explanation to fix the logic of an argument [1-2 mins/HIT on average] (pilot study)"	"This HIT requires logical thinking"	"Argumentation, NLP, natural language processing"	"$0.12"	"Sun Apr 09 22:23:12 CEST 2017"	"5"	"0"	"0"	"5"	"Reviewable"	"NotReviewed"	"mthit-00005.html"	"1200"	"604800"	"Wed Apr 12 22:23:12 CEST 2017"	"https://requester.mturk.com/mturk/manageHIT?HITId=33QQ60S6ASU7VYX4KXUV7NDV2WQU0A"	"3PQ8K71NHYWM3MEHWWFZKC9YK60AA1"	"A1506T1PAYRT16"	"Approved"	"Mon Apr 17 00:45:55 CEST 2017"	"Mon Apr 10 00:30:57 CEST 2017"	"Mon Apr 10 00:45:55 CEST 2017"	"Mon Apr 10 06:51:09 CEST 2017"	""	""	""	""		""	""																																						"a parent refusing medical care for their child does hurt society."	""		"I think it sounds ok as written."	"the private sector will not earn more money"	""	"on"	
"3I7KR83SNAPBOWG5QF9MUB5Q39MK9F"	"3DDOM87YLDZSEDRDHHYR70AB0UOTVQ"	"Correct an explanation to fix the logic of an argument [1-2 mins/HIT on average] (pilot study)"	"This HIT requires logical thinking"	"Argumentation, NLP, natural language processing"	"$0.12"	"Sun Apr 09 22:23:12 CEST 2017"	"5"	"0"	"0"	"5"	"Reviewable"	"NotReviewed"	"mthit-00006.html"	"1200"	"604800"	"Wed Apr 12 22:23:12 CEST 2017"	"https://requester.mturk.com/mturk/manageHIT?HITId=3I7KR83SNAPBOWG5QF9MUB5Q39MK9F"	"3QIYRE09Y4TXTHV69HRBVH0VFJSN19"	"A1I4CYG5YDFTYM"	"Approved"	"Mon Apr 17 00:31:07 CEST 2017"	"Mon Apr 10 00:28:14 CEST 2017"	"Mon Apr 10 00:31:07 CEST 2017"	"Mon Apr 10 06:51:10 CEST 2017"	""	""	""	""		"it seems to me that there is not always a need to change these sentences but I see no option to say it is fine the way it is. It is still a silly argument but their reasoning aligns with what they say so it makes sense"	""																																														""	"immigrants really don't want to be identified and then deported because they are in the country illegally"	""	"that choice means they loose the choice to decide if people discriminate against them"	"kids who attend a school with a great sports team need to learn, just like everyone else, you cannot always have your way"	""
"3I7KR83SNAPBOWG5QF9MUB5Q39MK9F"	"3DDOM87YLDZSEDRDHHYR70AB0UOTVQ"	"Correct an explanation to fix the logic of an argument [1-2 mins/HIT on average] (pilot study)"	"This HIT requires logical thinking"	"Argumentation, NLP, natural language processing"	"$0.12"	"Sun Apr 09 22:23:12 CEST 2017"	"5"	"0"	"0"	"5"	"Reviewable"	"NotReviewed"	"mthit-00006.html"	"1200"	"604800"	"Wed Apr 12 22:23:12 CEST 2017"	"https://requester.mturk.com/mturk/manageHIT?HITId=3I7KR83SNAPBOWG5QF9MUB5Q39MK9F"	"3KOPY89HM9EXKUI0HND2Q3YB4J23JE"	"AJD3JOWNVDZD1"	"Approved"	"Mon Apr 17 00:35:31 CEST 2017"	"Mon Apr 10 00:31:59 CEST 2017"	"Mon Apr 10 00:35:31 CEST 2017"	"Mon Apr 10 06:51:10 CEST 2017"	""	""	""	""		""	""																																														""	"immigrants really want to be identified"	""	"they  choose to be discriminated against"	"kids who don't have a perfectly fine team available to them need to learn that you can't always get what you want"	""
"3I7KR83SNAPBOWG5QF9MUB5Q39MK9F"	"3DDOM87YLDZSEDRDHHYR70AB0UOTVQ"	"Correct an explanation to fix the logic of an argument [1-2 mins/HIT on average] (pilot study)"	"This HIT requires logical thinking"	"Argumentation, NLP, natural language processing"	"$0.12"	"Sun Apr 09 22:23:12 CEST 2017"	"5"	"0"	"0"	"5"	"Reviewable"	"NotReviewed"	"mthit-00006.html"	"1200"	"604800"	"Wed Apr 12 22:23:12 CEST 2017"	"https://requester.mturk.com/mturk/manageHIT?HITId=3I7KR83SNAPBOWG5QF9MUB5Q39MK9F"	"3RYC5T2D745LP760NQJI5XN3JWNPR3"	"A1506T1PAYRT16"	"Approved"	"Mon Apr 17 00:36:50 CEST 2017"	"Mon Apr 10 00:30:00 CEST 2017"	"Mon Apr 10 00:36:50 CEST 2017"	"Mon Apr 10 06:51:10 CEST 2017"	""	""	""	""		""	""																																														""	"immigrants probably are not already identified,"	""	"they chose to be discriminated against,"	"these kids already have a perfectly fine team available to them, they need to learn that you can't always get what you want"	""
"3I7KR83SNAPBOWG5QF9MUB5Q39MK9F"	"3DDOM87YLDZSEDRDHHYR70AB0UOTVQ"	"Correct an explanation to fix the logic of an argument [1-2 mins/HIT on average] (pilot study)"	"This HIT requires logical thinking"	"Argumentation, NLP, natural language processing"	"$0.12"	"Sun Apr 09 22:23:12 CEST 2017"	"5"	"0"	"0"	"5"	"Reviewable"	"NotReviewed"	"mthit-00006.html"	"1200"	"604800"	"Wed Apr 12 22:23:12 CEST 2017"	"https://requester.mturk.com/mturk/manageHIT?HITId=3I7KR83SNAPBOWG5QF9MUB5Q39MK9F"	"3VAR3R6G1QDXM2F39H03PGN8JZ48OU"	"A23KWI5P9WYEBZ"	"Approved"	"Mon Apr 17 00:37:04 CEST 2017"	"Mon Apr 10 00:32:46 CEST 2017"	"Mon Apr 10 00:37:04 CEST 2017"	"Mon Apr 10 06:51:10 CEST 2017"	""	""	""	""		""	""																																														""	"immigrants don't want to be identified"	""	"they choose to be discriminated against"	"kids who already have a perfectly fine team available to them "	""
"3I7KR83SNAPBOWG5QF9MUB5Q39MK9F"	"3DDOM87YLDZSEDRDHHYR70AB0UOTVQ"	"Correct an explanation to fix the logic of an argument [1-2 mins/HIT on average] (pilot study)"	"This HIT requires logical thinking"	"Argumentation, NLP, natural language processing"	"$0.12"	"Sun Apr 09 22:23:12 CEST 2017"	"5"	"0"	"0"	"5"	"Reviewable"	"NotReviewed"	"mthit-00006.html"	"1200"	"604800"	"Wed Apr 12 22:23:12 CEST 2017"	"https://requester.mturk.com/mturk/manageHIT?HITId=3I7KR83SNAPBOWG5QF9MUB5Q39MK9F"	"3QILPRALQ67F4HFR820QARN3TP0N8V"	"A2YE2I9DYV9OKW"	"Approved"	"Mon Apr 17 00:52:32 CEST 2017"	"Mon Apr 10 00:47:16 CEST 2017"	"Mon Apr 10 00:52:32 CEST 2017"	"Mon Apr 10 06:51:10 CEST 2017"	""	""	""	""		""	""																																														""	"immigrants need to be identified"	""	"they can choose to be in state that would not be discriminated against"	"kids who already have a perfectly fine non-team schooling environment need to learn that you can't always get what you want"	""
"37VE3DA4YUT3AZUUIEKL8PKOZSLHBI"	"3DDOM87YLDZSEDRDHHYR70AB0UOTVQ"	"Correct an explanation to fix the logic of an argument [1-2 mins/HIT on average] (pilot study)"	"This HIT requires logical thinking"	"Argumentation, NLP, natural language processing"	"$0.12"	"Sun Apr 09 22:23:12 CEST 2017"	"5"	"0"	"0"	"5"	"Reviewable"	"NotReviewed"	"mthit-00007.html"	"1200"	"604800"	"Wed Apr 12 22:23:12 CEST 2017"	"https://requester.mturk.com/mturk/manageHIT?HITId=37VE3DA4YUT3AZUUIEKL8PKOZSLHBI"	"3V5Q80FXIY3XEYKSA27ARMCU28F23P"	"AJD3JOWNVDZD1"	"Approved"	"Mon Apr 17 00:19:14 CEST 2017"	"Mon Apr 10 00:13:24 CEST 2017"	"Mon Apr 10 00:19:14 CEST 2017"	"Mon Apr 10 06:51:10 CEST 2017"	""	""	""	""		""	""																																																				"they're probably normal when no one's looking"	""	"non-essential information does not need to be provided to students"	""	"it is much more enjoyable to eat a flavorful but nutritious diet"	""
"37VE3DA4YUT3AZUUIEKL8PKOZSLHBI"	"3DDOM87YLDZSEDRDHHYR70AB0UOTVQ"	"Correct an explanation to fix the logic of an argument [1-2 mins/HIT on average] (pilot study)"	"This HIT requires logical thinking"	"Argumentation, NLP, natural language processing"	"$0.12"	"Sun Apr 09 22:23:12 CEST 2017"	"5"	"0"	"0"	"5"	"Reviewable"	"NotReviewed"	"mthit-00007.html"	"1200"	"604800"	"Wed Apr 12 22:23:12 CEST 2017"	"https://requester.mturk.com/mturk/manageHIT?HITId=37VE3DA4YUT3AZUUIEKL8PKOZSLHBI"	"35BLDD71I797WIPNJJMUXSEKE17ZVR"	"A1506T1PAYRT16"	"Approved"	"Mon Apr 17 00:39:38 CEST 2017"	"Mon Apr 10 00:30:14 CEST 2017"	"Mon Apr 10 00:39:38 CEST 2017"	"Mon Apr 10 06:51:10 CEST 2017"	""	""	""	""		""	""																																																					"I have no idea how to translate ""exceptionally kinky"" in the sentence.  It makes no sense and does not belong."	"non essential information does not need to be provided to students"	""	"it is not pious to eat a bland but nutritious diet"	""	"on"
"37VE3DA4YUT3AZUUIEKL8PKOZSLHBI"	"3DDOM87YLDZSEDRDHHYR70AB0UOTVQ"	"Correct an explanation to fix the logic of an argument [1-2 mins/HIT on average] (pilot study)"	"This HIT requires logical thinking"	"Argumentation, NLP, natural language processing"	"$0.12"	"Sun Apr 09 22:23:12 CEST 2017"	"5"	"0"	"0"	"5"	"Reviewable"	"NotReviewed"	"mthit-00007.html"	"1200"	"604800"	"Wed Apr 12 22:23:12 CEST 2017"	"https://requester.mturk.com/mturk/manageHIT?HITId=37VE3DA4YUT3AZUUIEKL8PKOZSLHBI"	"3DUZQ9U6SN0AV639ORSM1ZHHRM7VSI"	"A23KWI5P9WYEBZ"	"Approved"	"Mon Apr 17 00:47:49 CEST 2017"	"Mon Apr 10 00:32:56 CEST 2017"	"Mon Apr 10 00:47:49 CEST 2017"	"Mon Apr 10 06:51:10 CEST 2017"	""	""	""	""		""	""																																																					"not sure you can change to anything else lol"		"wouldn't make sense still"	"it is much more pious to eat a nutritious diet"	""	"on"	"on"
"37VE3DA4YUT3AZUUIEKL8PKOZSLHBI"	"3DDOM87YLDZSEDRDHHYR70AB0UOTVQ"	"Correct an explanation to fix the logic of an argument [1-2 mins/HIT on average] (pilot study)"	"This HIT requires logical thinking"	"Argumentation, NLP, natural language processing"	"$0.12"	"Sun Apr 09 22:23:12 CEST 2017"	"5"	"0"	"0"	"5"	"Reviewable"	"NotReviewed"	"mthit-00007.html"	"1200"	"604800"	"Wed Apr 12 22:23:12 CEST 2017"	"https://requester.mturk.com/mturk/manageHIT?HITId=37VE3DA4YUT3AZUUIEKL8PKOZSLHBI"	"33LKR6A5KFWVOU0Q6DDN4G6N41GT1I"	"A36MRQBG3LDR7I"	"Approved"	"Mon Apr 17 00:51:56 CEST 2017"	"Mon Apr 10 00:49:04 CEST 2017"	"Mon Apr 10 00:51:56 CEST 2017"	"Mon Apr 10 06:51:10 CEST 2017"	""	""	""	""		""	""																																																				"they appear to have a normal, modern relationship"	""	"teach information that is non-essential"	""	"it is much more pious to eat a flavorful but nutritious diet"	""		
"37VE3DA4YUT3AZUUIEKL8PKOZSLHBI"	"3DDOM87YLDZSEDRDHHYR70AB0UOTVQ"	"Correct an explanation to fix the logic of an argument [1-2 mins/HIT on average] (pilot study)"	"This HIT requires logical thinking"	"Argumentation, NLP, natural language processing"	"$0.12"	"Sun Apr 09 22:23:12 CEST 2017"	"5"	"0"	"0"	"5"	"Reviewable"	"NotReviewed"	"mthit-00007.html"	"1200"	"604800"	"Wed Apr 12 22:23:12 CEST 2017"	"https://requester.mturk.com/mturk/manageHIT?HITId=37VE3DA4YUT3AZUUIEKL8PKOZSLHBI"	"3ZAZR5XV02UBX9JNS2RP70QVTUUZCV"	"A264DM5HSNI3MU"	"Approved"	"Mon Apr 17 01:13:57 CEST 2017"	"Mon Apr 10 01:09:18 CEST 2017"	"Mon Apr 10 01:13:57 CEST 2017"	"Mon Apr 10 06:51:10 CEST 2017"	""	""	""	""		""	""																																																				"they're probably naughty like everyone else behind closed doors"	""	"all information that is essential needs to be provided to students"	""	"taste counts more than being pious"	""		
"3W0KKJIARRLBARXVLN38UFAFJ34K8Q"	"3DDOM87YLDZSEDRDHHYR70AB0UOTVQ"	"Correct an explanation to fix the logic of an argument [1-2 mins/HIT on average] (pilot study)"	"This HIT requires logical thinking"	"Argumentation, NLP, natural language processing"	"$0.12"	"Sun Apr 09 22:23:12 CEST 2017"	"5"	"0"	"0"	"5"	"Reviewable"	"NotReviewed"	"mthit-00008.html"	"1200"	"604800"	"Wed Apr 12 22:23:12 CEST 2017"	"https://requester.mturk.com/mturk/manageHIT?HITId=3W0KKJIARRLBARXVLN38UFAFJ34K8Q"	"3F1567XTNXH0LJBTTMYLEHDJI629QQ"	"AJD3JOWNVDZD1"	"Approved"	"Mon Apr 17 00:05:26 CEST 2017"	"Mon Apr 10 00:01:59 CEST 2017"	"Mon Apr 10 00:05:26 CEST 2017"	"Mon Apr 10 06:51:11 CEST 2017"	""	""	""	""		""	""																																																												"the collapse of the market could possibly lead to worse things"	""	"stories aren't able to stand alone without comment"	""	"escapism should  be encouraged"	""
"3W0KKJIARRLBARXVLN38UFAFJ34K8Q"	"3DDOM87YLDZSEDRDHHYR70AB0UOTVQ"	"Correct an explanation to fix the logic of an argument [1-2 mins/HIT on average] (pilot study)"	"This HIT requires logical thinking"	"Argumentation, NLP, natural language processing"	"$0.12"	"Sun Apr 09 22:23:12 CEST 2017"	"5"	"0"	"0"	"5"	"Reviewable"	"NotReviewed"	"mthit-00008.html"	"1200"	"604800"	"Wed Apr 12 22:23:12 CEST 2017"	"https://requester.mturk.com/mturk/manageHIT?HITId=3W0KKJIARRLBARXVLN38UFAFJ34K8Q"	"3N2BF7Y2VR62FAVKZ5FWAPR2RIEMH7"	"AJNQ2PBD07FKE"	"Approved"	"Mon Apr 17 00:30:57 CEST 2017"	"Mon Apr 10 00:26:42 CEST 2017"	"Mon Apr 10 00:30:57 CEST 2017"	"Mon Apr 10 06:51:11 CEST 2017"	""	""	""	""		""	""																																																												"the collapse of the market could lead to better things"	""	"stories should be able to stand alone"	""	"escapism should not be endorsed"	""
"3W0KKJIARRLBARXVLN38UFAFJ34K8Q"	"3DDOM87YLDZSEDRDHHYR70AB0UOTVQ"	"Correct an explanation to fix the logic of an argument [1-2 mins/HIT on average] (pilot study)"	"This HIT requires logical thinking"	"Argumentation, NLP, natural language processing"	"$0.12"	"Sun Apr 09 22:23:12 CEST 2017"	"5"	"0"	"0"	"5"	"Reviewable"	"NotReviewed"	"mthit-00008.html"	"1200"	"604800"	"Wed Apr 12 22:23:12 CEST 2017"	"https://requester.mturk.com/mturk/manageHIT?HITId=3W0KKJIARRLBARXVLN38UFAFJ34K8Q"	"3RSDURM96BYQPHTWS7V1JHHW8C0YET"	"A23KWI5P9WYEBZ"	"Approved"	"Mon Apr 17 00:39:25 CEST 2017"	"Mon Apr 10 00:32:52 CEST 2017"	"Mon Apr 10 00:39:25 CEST 2017"	"Mon Apr 10 06:51:11 CEST 2017"	""	""	""	""		""	""																																																													"Argument sounds fine"		"Argument sounds great"	"escapism should be encouraged"	""	"on"	"on"
"3W0KKJIARRLBARXVLN38UFAFJ34K8Q"	"3DDOM87YLDZSEDRDHHYR70AB0UOTVQ"	"Correct an explanation to fix the logic of an argument [1-2 mins/HIT on average] (pilot study)"	"This HIT requires logical thinking"	"Argumentation, NLP, natural language processing"	"$0.12"	"Sun Apr 09 22:23:12 CEST 2017"	"5"	"0"	"0"	"5"	"Reviewable"	"NotReviewed"	"mthit-00008.html"	"1200"	"604800"	"Wed Apr 12 22:23:12 CEST 2017"	"https://requester.mturk.com/mturk/manageHIT?HITId=3W0KKJIARRLBARXVLN38UFAFJ34K8Q"	"3TR2532VIQ6WHD5I0PB0X6AVEA36JM"	"A1QYAUV5XSWSIS"	"Approved"	"Mon Apr 17 00:44:23 CEST 2017"	"Mon Apr 10 00:25:36 CEST 2017"	"Mon Apr 10 00:44:23 CEST 2017"	"Mon Apr 10 06:51:11 CEST 2017"	""	""	""	""		"On the hand, the statement ""Do not add additional information"" yields some palpable ambiguity to the task since said statement can easily be conflated with ""Do not add additional word(s), or meaning or context"", hence practically leading to some confusion in the mind of for the learned reader, and thereby creating potential interference into the task of ""minimal"" editing.    "	""																																																													"The statement sounds logical & comprehensivble to me. "		"From a contrarian &/or satirical perspective, this argument's premise sounds logical to my ear. "		"From a contrarian &/or satirical perspective, this argument's premise sounds logical to my ear. "	"on"	"on"	"on"
"3W0KKJIARRLBARXVLN38UFAFJ34K8Q"	"3DDOM87YLDZSEDRDHHYR70AB0UOTVQ"	"Correct an explanation to fix the logic of an argument [1-2 mins/HIT on average] (pilot study)"	"This HIT requires logical thinking"	"Argumentation, NLP, natural language processing"	"$0.12"	"Sun Apr 09 22:23:12 CEST 2017"	"5"	"0"	"0"	"5"	"Reviewable"	"NotReviewed"	"mthit-00008.html"	"1200"	"604800"	"Wed Apr 12 22:23:12 CEST 2017"	"https://requester.mturk.com/mturk/manageHIT?HITId=3W0KKJIARRLBARXVLN38UFAFJ34K8Q"	"3U8YCDAGXQSIPPNGTQFSL6CQF29Q0W"	"A1506T1PAYRT16"	"Approved"	"Mon Apr 17 00:44:26 CEST 2017"	"Mon Apr 10 00:30:42 CEST 2017"	"Mon Apr 10 00:44:26 CEST 2017"	"Mon Apr 10 06:51:11 CEST 2017"	""	""	""	""		""	""																																																												"the collapse of the market could possibly lead to worst things"	""	"stories should not be able to stand alone without comment"	""	"escapism should be encouraged"	""			
"37OPIVELUUFYRPP2C0KPDE0IHA0HAN"	"3DDOM87YLDZSEDRDHHYR70AB0UOTVQ"	"Correct an explanation to fix the logic of an argument [1-2 mins/HIT on average] (pilot study)"	"This HIT requires logical thinking"	"Argumentation, NLP, natural language processing"	"$0.12"	"Sun Apr 09 22:23:12 CEST 2017"	"5"	"0"	"0"	"5"	"Reviewable"	"NotReviewed"	"mthit-00009.html"	"1200"	"604800"	"Wed Apr 12 22:23:12 CEST 2017"	"https://requester.mturk.com/mturk/manageHIT?HITId=37OPIVELUUFYRPP2C0KPDE0IHA0HAN"	"33CID5710553FK60K8PF6IB38843LD"	"A3T1FM3126RW25"	"Approved"	"Sun Apr 16 23:38:04 CEST 2017"	"Sun Apr 09 23:35:28 CEST 2017"	"Sun Apr 09 23:38:04 CEST 2017"	"Mon Apr 10 06:51:11 CEST 2017"	""	""	""	""		"Two of the given arguments this time did not require modification.  I don't say that lightly; I did read over them carefully, and I am very familiar with formal and informal reasoning."	""																																																																					""	"indoor cats face threats and it is up to a person how cruel and inhumane they want to be"	""	"that really embarrasses the publications"	"just like my grandmother's house is filled with ""treasures"""	""
"37OPIVELUUFYRPP2C0KPDE0IHA0HAN"	"3DDOM87YLDZSEDRDHHYR70AB0UOTVQ"	"Correct an explanation to fix the logic of an argument [1-2 mins/HIT on average] (pilot study)"	"This HIT requires logical thinking"	"Argumentation, NLP, natural language processing"	"$0.12"	"Sun Apr 09 22:23:12 CEST 2017"	"5"	"0"	"0"	"5"	"Reviewable"	"NotReviewed"	"mthit-00009.html"	"1200"	"604800"	"Wed Apr 12 22:23:12 CEST 2017"	"https://requester.mturk.com/mturk/manageHIT?HITId=37OPIVELUUFYRPP2C0KPDE0IHA0HAN"	"304SM51WA4GVMS53JA1M0NNAOUPBSQ"	"A2YE2I9DYV9OKW"	"Approved"	"Sun Apr 16 23:43:47 CEST 2017"	"Sun Apr 09 23:35:37 CEST 2017"	"Sun Apr 09 23:43:47 CEST 2017"	"Mon Apr 10 06:51:11 CEST 2017"	""	""	""	""		"The last one was a bit tricky, It didn't seem like just ""flipping"" embarrasses wouldn't be enough without some additional justification."	""																																																																					""	"indoor cats still face threats it is cruel and inhumane"	""	"that shows the publications attracts a prestigious readership"	"just like my grandmother's house is filled with treasures"	""
"37OPIVELUUFYRPP2C0KPDE0IHA0HAN"	"3DDOM87YLDZSEDRDHHYR70AB0UOTVQ"	"Correct an explanation to fix the logic of an argument [1-2 mins/HIT on average] (pilot study)"	"This HIT requires logical thinking"	"Argumentation, NLP, natural language processing"	"$0.12"	"Sun Apr 09 22:23:12 CEST 2017"	"5"	"0"	"0"	"5"	"Reviewable"	"NotReviewed"	"mthit-00009.html"	"1200"	"604800"	"Wed Apr 12 22:23:12 CEST 2017"	"https://requester.mturk.com/mturk/manageHIT?HITId=37OPIVELUUFYRPP2C0KPDE0IHA0HAN"	"33JKGHPFYD6UP6HV23A9F9OYDUMMNF"	"A1QYAUV5XSWSIS"	"Approved"	"Mon Apr 17 00:25:20 CEST 2017"	"Mon Apr 10 00:08:36 CEST 2017"	"Mon Apr 10 00:25:20 CEST 2017"	"Mon Apr 10 06:51:11 CEST 2017"	""	""	""	""		"No further comments. "	""																																																																					"Here as well, refer to my statement on the previous task.  "		"Once gain, in this case, the logic appears to flow rather naturally & intelligibly."			"Well I may be wrong, yet by my lights, in this case, I claim that the logic appears to flow rather naturally & intelligibly."	"on"	"on"	"on"
"37OPIVELUUFYRPP2C0KPDE0IHA0HAN"	"3DDOM87YLDZSEDRDHHYR70AB0UOTVQ"	"Correct an explanation to fix the logic of an argument [1-2 mins/HIT on average] (pilot study)"	"This HIT requires logical thinking"	"Argumentation, NLP, natural language processing"	"$0.12"	"Sun Apr 09 22:23:12 CEST 2017"	"5"	"0"	"0"	"5"	"Reviewable"	"NotReviewed"	"mthit-00009.html"	"1200"	"604800"	"Wed Apr 12 22:23:12 CEST 2017"	"https://requester.mturk.com/mturk/manageHIT?HITId=37OPIVELUUFYRPP2C0KPDE0IHA0HAN"	"3JMSRU9HQJ69LNYRNW8HCID2QVYEV0"	"A1I4CYG5YDFTYM"	"Approved"	"Mon Apr 17 00:28:13 CEST 2017"	"Mon Apr 10 00:25:29 CEST 2017"	"Mon Apr 10 00:28:13 CEST 2017"	"Mon Apr 10 06:51:11 CEST 2017"	""	""	""	""		"maybe i'm changing too many words, I am not sure, but I think I might have gotten the hang of this. It is a challenge since I have worked these hits thorugh each step and I saw them as they were first printed and through all the changes and rewrites we have done, it seems that now some of these arguments have lost their merit"	""																																																																					""	"indoor cats could face threats if their owners don't properly protect them it can be cruel and inhumane"	""	"that can point to the dishonesty and biased of publications"	"just like family heirlooms are considered  ""treasures"""	""			
"37OPIVELUUFYRPP2C0KPDE0IHA0HAN"	"3DDOM87YLDZSEDRDHHYR70AB0UOTVQ"	"Correct an explanation to fix the logic of an argument [1-2 mins/HIT on average] (pilot study)"	"This HIT requires logical thinking"	"Argumentation, NLP, natural language processing"	"$0.12"	"Sun Apr 09 22:23:12 CEST 2017"	"5"	"0"	"0"	"5"	"Reviewable"	"NotReviewed"	"mthit-00009.html"	"1200"	"604800"	"Wed Apr 12 22:23:12 CEST 2017"	"https://requester.mturk.com/mturk/manageHIT?HITId=37OPIVELUUFYRPP2C0KPDE0IHA0HAN"	"369J354OFEMMQBFHSJQX0TIFMIP6GL"	"AMA4SXSYNC35I"	"Approved"	"Mon Apr 17 01:02:01 CEST 2017"	"Mon Apr 10 00:57:14 CEST 2017"	"Mon Apr 10 01:02:01 CEST 2017"	"Mon Apr 10 06:51:11 CEST 2017"	""	""	""	""		""	""																																																																					""	"indoor cats face no threat it is up to a person how cruel and inhumane they want to be"	"It makes sense what he is arguing."		"my grandmother's house is filled with ""treasures"""	""			"on"
