"hitid"	"hittypeid"	"title"	"description"	"keywords"	"reward"	"creationtime"	"assignments"	"numavailable"	"numpending"	"numcomplete"	"hitstatus"	"reviewstatus"	"annotation"	"assignmentduration"	"autoapprovaldelay"	"hitlifetime"	"viewhit"	"assignmentid"	"workerid"	"assignmentstatus"	"autoapprovaltime"	"assignmentaccepttime"	"assignmentsubmittime"	"assignmentapprovaltime"	"assignmentrejecttime"	"deadline"	"feedback"	"reject"	"Answer.collectedAnnotationResults"	"Answer.arg675724_stance_group"	"Answer.arg675724_implicitStance"	"Answer.arg453635_stance_group"	"Answer.arg188135_stance_group"	"Answer.arg49796_stance_group"	"Answer.feedback"	"Answer.Submit HIT"	"Answer.arg49796_implicitStance"	"Answer.arg188135_implicitStance"	"Answer.arg33141_stance_group"	"Answer.arg761963_stance_group"	"Answer.arg38418_stance_group"	"Answer.arg4742_stance_group"	"Answer.arg4742_implicitStance"	"Answer.arg33141_implicitStance"	"Answer.arg761963_implicitStance"	"Answer.arg38418_nonsense"	"Answer.arg4742_nonsense"	"Answer.arg761963_nonsense"	"Answer.arg38418_implicitStance"	"Answer.arg103318_stance_group"	"Answer.arg569714_stance_group"	"Answer.arg82283_stance_group"	"Answer.arg256316_stance_group"	"Answer.arg103318_implicitStance"	"Answer.arg569714_implicitStance"	"Answer.arg82283_nonsense"	"Answer.arg256316_implicitStance"	"Answer.arg82283_implicitStance"	"Answer.arg88824_stance_group"	"Answer.arg23297_stance_group"	"Answer.arg522806_stance_group"	"Answer.arg711324_stance_group"	"Answer.arg711324_implicitStance"	"Answer.arg88824_implicitStance"	"Answer.arg522806_implicitStance"	"Answer.arg155130_stance_group"	"Answer.arg191059_stance_group"	"Answer.arg5248_stance_group"	"Answer.arg5248_implicitStance"	"Answer.arg488618_stance_group"	"Answer.arg155130_implicitStance"	"Answer.arg155130_nonsense"	"Answer.arg208395_stance_group"	"Answer.arg323457_stance_group"	"Answer.arg513277_stance_group"	"Answer.arg379777_stance_group"	"Answer.arg323457_implicitStance"	"Answer.arg208395_implicitStance"	"Answer.arg281105_stance_group"	"Answer.arg18301_stance_group"	"Answer.arg18301_implicitStance"	"Answer.arg245304_stance_group"	"Answer.arg60992_stance_group"	"Answer.arg281105_implicitStance"	"Answer.arg18301_nonsense"	"Answer.arg245304_nonsense"	"Answer.arg60992_implicitStance"	"Answer.arg245304_implicitStance"	"Answer.arg425174_stance_group"	"Answer.arg346355_stance_group"	"Answer.arg193667_stance_group"	"Answer.arg677261_stance_group"	"Answer.arg425174_implicitStance"	"Answer.arg425174_nonsense"	"Answer.arg114682_stance_group"	"Answer.arg107492_stance_group"	"Answer.arg35688_stance_group"	"Answer.arg33312_stance_group"	"Answer.arg33312_implicitStance"	"Answer.arg114682_implicitStance"	"Answer.arg107492_implicitStance"	"Answer.arg35688_implicitStance"	"Answer.arg33312_nonsense"	"Answer.arg663007_stance_group"	"Answer.arg273139_stance_group"	"Answer.arg589620_stance_group"	"Answer.arg767285_stance_group"	"Answer.arg663007_implicitStance"	"Answer.arg273139_implicitStance"	"Answer.arg589620_implicitStance"
"3CESM1J3EIFF1D8OHMPDYC8JY5GW6J"	"38TZTS8OLORN2H4JXCIVT14URMTU37"	"Find the main standpoint of an argument (2 mins/HIT on average) [pilot study]"	"Given arguments to various controversies, choose the correct author's standpoint and find it in the text"	"Argumentation, NLP, natural language processing"	"$0.17"	"Tue Jan 03 21:21:19 CET 2017"	"5"	"0"	"0"	"5"	"Reviewable"	"NotReviewed"	"mthit-00000.html"	"600"	"604800"	"Fri Jan 06 21:21:19 CET 2017"	"https://requester.mturk.com/mturk/manageHIT?HITId=3CESM1J3EIFF1D8OHMPDYC8JY5GW6J"	"31JLPPHS2V6BL59XX057YZFXVJTO33"	"A1GUUOCIDL11VX"	"Approved"	"Tue Jan 10 21:24:54 CET 2017"	"Tue Jan 03 21:22:06 CET 2017"	"Tue Jan 03 21:24:54 CET 2017"	"Wed Jan 04 07:47:38 CET 2017"	""	""	""	""	"{""arg675724"":{""stanceValue"":""1"",""implicitClaim"":true,""segments"":[]},""arg453635"":{""stanceValue"":""1"",""implicitClaim"":false,""segments"":[[""arg453635_00""]]},""arg188135"":{""stanceValue"":""1"",""implicitClaim"":false,""segments"":[[""arg188135_05""]]},""arg49796"":{""stanceValue"":""1"",""implicitClaim"":false,""segments"":[[""arg49796_00""]]}}"	"1"	"on"	"1"	"1"	"1"	""	""
"3CESM1J3EIFF1D8OHMPDYC8JY5GW6J"	"38TZTS8OLORN2H4JXCIVT14URMTU37"	"Find the main standpoint of an argument (2 mins/HIT on average) [pilot study]"	"Given arguments to various controversies, choose the correct author's standpoint and find it in the text"	"Argumentation, NLP, natural language processing"	"$0.17"	"Tue Jan 03 21:21:19 CET 2017"	"5"	"0"	"0"	"5"	"Reviewable"	"NotReviewed"	"mthit-00000.html"	"600"	"604800"	"Fri Jan 06 21:21:19 CET 2017"	"https://requester.mturk.com/mturk/manageHIT?HITId=3CESM1J3EIFF1D8OHMPDYC8JY5GW6J"	"3AQF3RZ559UGCBJMHZKFI8I3D966F7"	"A2DVFA1B7NMN0F"	"Approved"	"Tue Jan 10 21:29:04 CET 2017"	"Tue Jan 03 21:28:02 CET 2017"	"Tue Jan 03 21:29:04 CET 2017"	"Wed Jan 04 07:47:38 CET 2017"	""	""	""	""	"{""arg675724"":{""stanceValue"":""1"",""implicitClaim"":false,""segments"":[[""arg675724_00""]]},""arg453635"":{""stanceValue"":""1"",""implicitClaim"":false,""segments"":[[""arg453635_00""]]},""arg188135"":{""stanceValue"":""0"",""implicitClaim"":false,""segments"":[[""arg188135_00""],[""arg188135_01""],[""arg188135_02""],[""arg188135_03""]]},""arg49796"":{""stanceValue"":""1"",""implicitClaim"":false,""segments"":[[""arg49796_00""]]}}"	"1"		"1"	"0"	"1"	""	""
"3CESM1J3EIFF1D8OHMPDYC8JY5GW6J"	"38TZTS8OLORN2H4JXCIVT14URMTU37"	"Find the main standpoint of an argument (2 mins/HIT on average) [pilot study]"	"Given arguments to various controversies, choose the correct author's standpoint and find it in the text"	"Argumentation, NLP, natural language processing"	"$0.17"	"Tue Jan 03 21:21:19 CET 2017"	"5"	"0"	"0"	"5"	"Reviewable"	"NotReviewed"	"mthit-00000.html"	"600"	"604800"	"Fri Jan 06 21:21:19 CET 2017"	"https://requester.mturk.com/mturk/manageHIT?HITId=3CESM1J3EIFF1D8OHMPDYC8JY5GW6J"	"3TVSS0C0E2COPVGT3128X6WHSK6WT5"	"A3BZVFD82AVLT8"	"Approved"	"Tue Jan 10 21:34:52 CET 2017"	"Tue Jan 03 21:31:43 CET 2017"	"Tue Jan 03 21:34:52 CET 2017"	"Wed Jan 04 07:47:38 CET 2017"	""	""	""	""	"{""arg675724"":{""stanceValue"":""1"",""implicitClaim"":false,""segments"":[[""arg675724_00"",""arg675724_01"",""arg675724_02"",""arg675724_03""]]},""arg453635"":{""stanceValue"":""0"",""implicitClaim"":false,""segments"":[[""arg453635_01"",""arg453635_02""],[""arg453635_03"",""arg453635_04""]]},""arg188135"":{""stanceValue"":""1"",""implicitClaim"":false,""segments"":[]},""arg49796"":{""stanceValue"":""1"",""implicitClaim"":true,""segments"":[]}}"	"1"		"0"	"1"	"1"	"It wouldn't allow me to select any text on the final question. "		"on"
"3CESM1J3EIFF1D8OHMPDYC8JY5GW6J"	"38TZTS8OLORN2H4JXCIVT14URMTU37"	"Find the main standpoint of an argument (2 mins/HIT on average) [pilot study]"	"Given arguments to various controversies, choose the correct author's standpoint and find it in the text"	"Argumentation, NLP, natural language processing"	"$0.17"	"Tue Jan 03 21:21:19 CET 2017"	"5"	"0"	"0"	"5"	"Reviewable"	"NotReviewed"	"mthit-00000.html"	"600"	"604800"	"Fri Jan 06 21:21:19 CET 2017"	"https://requester.mturk.com/mturk/manageHIT?HITId=3CESM1J3EIFF1D8OHMPDYC8JY5GW6J"	"3LKC68YZ3BF8C3BL7KG93WQUTCQOWC"	"A224B7BAQ0MZSN"	"Approved"	"Tue Jan 10 21:44:11 CET 2017"	"Tue Jan 03 21:41:18 CET 2017"	"Tue Jan 03 21:44:11 CET 2017"	"Wed Jan 04 07:47:38 CET 2017"	""	""	""	""	"{""arg675724"":{""stanceValue"":""1"",""implicitClaim"":true,""segments"":[]},""arg453635"":{""stanceValue"":""1"",""implicitClaim"":false,""segments"":[[""arg453635_00"",""arg453635_01"",""arg453635_02"",""arg453635_03"",""arg453635_04""]]},""arg188135"":{""stanceValue"":""2"",""implicitClaim"":false,""segments"":[]},""arg49796"":{""stanceValue"":""1"",""implicitClaim"":false,""segments"":[[""arg49796_00""]]}}"	"1"	"on"	"1"	"2"	"1"	"If an argument includes ""Yes!"", is that the entire explicit standpoint, or is the following reason (""Yes!  It causes bad things."") included in the explicit standpoint that I should click on?"	""	
"3CESM1J3EIFF1D8OHMPDYC8JY5GW6J"	"38TZTS8OLORN2H4JXCIVT14URMTU37"	"Find the main standpoint of an argument (2 mins/HIT on average) [pilot study]"	"Given arguments to various controversies, choose the correct author's standpoint and find it in the text"	"Argumentation, NLP, natural language processing"	"$0.17"	"Tue Jan 03 21:21:19 CET 2017"	"5"	"0"	"0"	"5"	"Reviewable"	"NotReviewed"	"mthit-00000.html"	"600"	"604800"	"Fri Jan 06 21:21:19 CET 2017"	"https://requester.mturk.com/mturk/manageHIT?HITId=3CESM1J3EIFF1D8OHMPDYC8JY5GW6J"	"3F6KKYWMNCDRLCBIPAB6WJ14WMGNDO"	"A30R4A7I6TVGQS"	"Approved"	"Tue Jan 10 21:49:58 CET 2017"	"Tue Jan 03 21:47:03 CET 2017"	"Tue Jan 03 21:49:58 CET 2017"	"Wed Jan 04 07:47:38 CET 2017"	""	""	""	""	"{""arg675724"":{""stanceValue"":""1"",""implicitClaim"":true,""segments"":[]},""arg453635"":{""stanceValue"":""1"",""implicitClaim"":false,""segments"":[[""arg453635_00"",""arg453635_01"",""arg453635_02"",""arg453635_03"",""arg453635_04""]]},""arg188135"":{""stanceValue"":""1"",""implicitClaim"":true,""segments"":[]},""arg49796"":{""stanceValue"":""1"",""implicitClaim"":false,""segments"":[[""arg49796_00""]]}}"	"1"	"on"	"1"	"1"	"1"	""	""		"on"
"334ZEL5JX6RCJ2XJXD16INRPDSEOSL"	"38TZTS8OLORN2H4JXCIVT14URMTU37"	"Find the main standpoint of an argument (2 mins/HIT on average) [pilot study]"	"Given arguments to various controversies, choose the correct author's standpoint and find it in the text"	"Argumentation, NLP, natural language processing"	"$0.17"	"Tue Jan 03 21:21:19 CET 2017"	"5"	"0"	"0"	"5"	"Reviewable"	"NotReviewed"	"mthit-00001.html"	"600"	"604800"	"Fri Jan 06 21:21:19 CET 2017"	"https://requester.mturk.com/mturk/manageHIT?HITId=334ZEL5JX6RCJ2XJXD16INRPDSEOSL"	"3AAJC4I4FH4Y5NPT2U8BU43QBKJZJT"	"A2DVFA1B7NMN0F"	"Approved"	"Tue Jan 10 21:31:44 CET 2017"	"Tue Jan 03 21:30:53 CET 2017"	"Tue Jan 03 21:31:44 CET 2017"	"Wed Jan 04 07:47:38 CET 2017"	""	""	""	""	"{""arg33141"":{""stanceValue"":""1"",""implicitClaim"":false,""segments"":[[""arg33141_00""]]},""arg761963"":{""stanceValue"":""0"",""implicitClaim"":false,""segments"":[[""arg761963_00""],[""arg761963_01""]]},""arg38418"":{""stanceValue"":""1"",""implicitClaim"":false,""segments"":[[""arg38418_00""]]},""arg4742"":{""stanceValue"":""2"",""implicitClaim"":false,""segments"":[[""arg4742_05""],[""arg4742_06""]]}}"						""	""			"1"	"0"	"1"	"2"
"334ZEL5JX6RCJ2XJXD16INRPDSEOSL"	"38TZTS8OLORN2H4JXCIVT14URMTU37"	"Find the main standpoint of an argument (2 mins/HIT on average) [pilot study]"	"Given arguments to various controversies, choose the correct author's standpoint and find it in the text"	"Argumentation, NLP, natural language processing"	"$0.17"	"Tue Jan 03 21:21:19 CET 2017"	"5"	"0"	"0"	"5"	"Reviewable"	"NotReviewed"	"mthit-00001.html"	"600"	"604800"	"Fri Jan 06 21:21:19 CET 2017"	"https://requester.mturk.com/mturk/manageHIT?HITId=334ZEL5JX6RCJ2XJXD16INRPDSEOSL"	"3SITXWYCNWL3I9R2DK79ZV42VFDBXO"	"A1GUUOCIDL11VX"	"Approved"	"Tue Jan 10 21:34:58 CET 2017"	"Tue Jan 03 21:30:44 CET 2017"	"Tue Jan 03 21:34:58 CET 2017"	"Wed Jan 04 07:47:38 CET 2017"	""	""	""	""	"{""arg33141"":{""stanceValue"":""1"",""implicitClaim"":false,""segments"":[[""arg33141_00""]]},""arg761963"":{""stanceValue"":""2"",""implicitClaim"":false,""segments"":[]},""arg38418"":{""stanceValue"":""1"",""implicitClaim"":false,""segments"":[[""arg38418_01""]]},""arg4742"":{""stanceValue"":""1"",""implicitClaim"":true,""segments"":[]}}"						""	""			"1"	"2"	"1"	"1"	"on"
"334ZEL5JX6RCJ2XJXD16INRPDSEOSL"	"38TZTS8OLORN2H4JXCIVT14URMTU37"	"Find the main standpoint of an argument (2 mins/HIT on average) [pilot study]"	"Given arguments to various controversies, choose the correct author's standpoint and find it in the text"	"Argumentation, NLP, natural language processing"	"$0.17"	"Tue Jan 03 21:21:19 CET 2017"	"5"	"0"	"0"	"5"	"Reviewable"	"NotReviewed"	"mthit-00001.html"	"600"	"604800"	"Fri Jan 06 21:21:19 CET 2017"	"https://requester.mturk.com/mturk/manageHIT?HITId=334ZEL5JX6RCJ2XJXD16INRPDSEOSL"	"3KAKFY4PGVE1PJYUZ5S2E2JBJAWI34"	"AIMCP4IHLOTF4"	"Approved"	"Tue Jan 10 21:38:20 CET 2017"	"Tue Jan 03 21:36:07 CET 2017"	"Tue Jan 03 21:38:20 CET 2017"	"Wed Jan 04 07:47:38 CET 2017"	""	""	""	""	"{""arg33141"":{""stanceValue"":""0"",""implicitClaim"":false,""segments"":[[""arg33141_05"",""arg33141_06"",""arg33141_07""]]},""arg761963"":{""stanceValue"":""2"",""implicitClaim"":false,""segments"":[]},""arg38418"":{""stanceValue"":""1"",""implicitClaim"":false,""segments"":[[""arg38418_00"",""arg38418_01"",""arg38418_02"",""arg38418_03"",""arg38418_04"",""arg38418_05""]]},""arg4742"":{""stanceValue"":""1"",""implicitClaim"":false,""segments"":[[""arg4742_02"",""arg4742_03"",""arg4742_04"",""arg4742_05"",""arg4742_06""]]}}"						""	""			"0"	"2"	"1"	"1"	
"334ZEL5JX6RCJ2XJXD16INRPDSEOSL"	"38TZTS8OLORN2H4JXCIVT14URMTU37"	"Find the main standpoint of an argument (2 mins/HIT on average) [pilot study]"	"Given arguments to various controversies, choose the correct author's standpoint and find it in the text"	"Argumentation, NLP, natural language processing"	"$0.17"	"Tue Jan 03 21:21:19 CET 2017"	"5"	"0"	"0"	"5"	"Reviewable"	"NotReviewed"	"mthit-00001.html"	"600"	"604800"	"Fri Jan 06 21:21:19 CET 2017"	"https://requester.mturk.com/mturk/manageHIT?HITId=334ZEL5JX6RCJ2XJXD16INRPDSEOSL"	"39ASUFLU6YJ1PC3MNB9Z03ANYCQXEA"	"A2RHJT0OMA09YH"	"Approved"	"Tue Jan 10 21:43:06 CET 2017"	"Tue Jan 03 21:42:45 CET 2017"	"Tue Jan 03 21:43:06 CET 2017"	"Wed Jan 04 07:47:38 CET 2017"	""	""	""	""	"{""arg33141"":{""stanceValue"":""0"",""implicitClaim"":true,""segments"":[]},""arg761963"":{""stanceValue"":""0"",""implicitClaim"":true,""segments"":[]},""arg38418"":{""stanceValue"":""2"",""implicitClaim"":false,""segments"":[]},""arg4742"":{""stanceValue"":""2"",""implicitClaim"":false,""segments"":[]}}"						""	""			"0"	"0"	"2"	"2"		"on"	"on"	"on"	"on"
"334ZEL5JX6RCJ2XJXD16INRPDSEOSL"	"38TZTS8OLORN2H4JXCIVT14URMTU37"	"Find the main standpoint of an argument (2 mins/HIT on average) [pilot study]"	"Given arguments to various controversies, choose the correct author's standpoint and find it in the text"	"Argumentation, NLP, natural language processing"	"$0.17"	"Tue Jan 03 21:21:19 CET 2017"	"5"	"0"	"0"	"5"	"Reviewable"	"NotReviewed"	"mthit-00001.html"	"600"	"604800"	"Fri Jan 06 21:21:19 CET 2017"	"https://requester.mturk.com/mturk/manageHIT?HITId=334ZEL5JX6RCJ2XJXD16INRPDSEOSL"	"33FOTY3KENXE2DYFKRIXF66J8LZC15"	"A2F1JTU06CO6VD"	"Approved"	"Tue Jan 10 21:45:38 CET 2017"	"Tue Jan 03 21:43:08 CET 2017"	"Tue Jan 03 21:45:38 CET 2017"	"Wed Jan 04 07:47:38 CET 2017"	""	""	""	""	"{""arg33141"":{""stanceValue"":""1"",""implicitClaim"":true,""segments"":[]},""arg761963"":{""stanceValue"":""2"",""implicitClaim"":false,""segments"":[]},""arg38418"":{""stanceValue"":""1"",""implicitClaim"":true,""segments"":[]},""arg4742"":{""stanceValue"":""1"",""implicitClaim"":true,""segments"":[]}}"						""	""			"1"	"2"	"1"	"1"	"on"	"on"				"on"	"on"
"338431Z1FLR0INX6IO11SDMTRQVORX"	"38TZTS8OLORN2H4JXCIVT14URMTU37"	"Find the main standpoint of an argument (2 mins/HIT on average) [pilot study]"	"Given arguments to various controversies, choose the correct author's standpoint and find it in the text"	"Argumentation, NLP, natural language processing"	"$0.17"	"Tue Jan 03 21:21:19 CET 2017"	"5"	"0"	"0"	"5"	"Reviewable"	"NotReviewed"	"mthit-00002.html"	"600"	"604800"	"Fri Jan 06 21:21:19 CET 2017"	"https://requester.mturk.com/mturk/manageHIT?HITId=338431Z1FLR0INX6IO11SDMTRQVORX"	"30MVJZJNHNPJZW7GYWECHG1XWHUJ9X"	"A1GUUOCIDL11VX"	"Approved"	"Tue Jan 10 21:27:13 CET 2017"	"Tue Jan 03 21:26:16 CET 2017"	"Tue Jan 03 21:27:13 CET 2017"	"Wed Jan 04 07:47:40 CET 2017"	""	""	""	""	"{""arg103318"":{""stanceValue"":""1"",""implicitClaim"":false,""segments"":[[""arg103318_05""]]},""arg569714"":{""stanceValue"":""1"",""implicitClaim"":false,""segments"":[[""arg569714_00"",""arg569714_01""]]},""arg82283"":{""stanceValue"":""2"",""implicitClaim"":false,""segments"":[]},""arg256316"":{""stanceValue"":""1"",""implicitClaim"":false,""segments"":[[""arg256316_06""]]}}"						""	""														"1"	"1"	"2"	"1"
"338431Z1FLR0INX6IO11SDMTRQVORX"	"38TZTS8OLORN2H4JXCIVT14URMTU37"	"Find the main standpoint of an argument (2 mins/HIT on average) [pilot study]"	"Given arguments to various controversies, choose the correct author's standpoint and find it in the text"	"Argumentation, NLP, natural language processing"	"$0.17"	"Tue Jan 03 21:21:19 CET 2017"	"5"	"0"	"0"	"5"	"Reviewable"	"NotReviewed"	"mthit-00002.html"	"600"	"604800"	"Fri Jan 06 21:21:19 CET 2017"	"https://requester.mturk.com/mturk/manageHIT?HITId=338431Z1FLR0INX6IO11SDMTRQVORX"	"3RKNTXVS3NA71XY0NV5879NYK2N4A7"	"A1VE1CAMPSYRHE"	"Approved"	"Tue Jan 10 21:32:54 CET 2017"	"Tue Jan 03 21:30:09 CET 2017"	"Tue Jan 03 21:32:54 CET 2017"	"Wed Jan 04 07:47:40 CET 2017"	""	""	""	""	"{""arg103318"":{""stanceValue"":""1"",""implicitClaim"":false,""segments"":[[""arg103318_05""]]},""arg569714"":{""stanceValue"":""1"",""implicitClaim"":false,""segments"":[[""arg569714_01"",""arg569714_02"",""arg569714_03"",""arg569714_04"",""arg569714_05"",""arg569714_06""]]},""arg82283"":{""stanceValue"":""1"",""implicitClaim"":false,""segments"":[[""arg82283_04""]]},""arg256316"":{""stanceValue"":""1"",""implicitClaim"":false,""segments"":[[""arg256316_00"",""arg256316_01""]]}}"						""	""														"1"	"1"	"1"	"1"
"338431Z1FLR0INX6IO11SDMTRQVORX"	"38TZTS8OLORN2H4JXCIVT14URMTU37"	"Find the main standpoint of an argument (2 mins/HIT on average) [pilot study]"	"Given arguments to various controversies, choose the correct author's standpoint and find it in the text"	"Argumentation, NLP, natural language processing"	"$0.17"	"Tue Jan 03 21:21:19 CET 2017"	"5"	"0"	"0"	"5"	"Reviewable"	"NotReviewed"	"mthit-00002.html"	"600"	"604800"	"Fri Jan 06 21:21:19 CET 2017"	"https://requester.mturk.com/mturk/manageHIT?HITId=338431Z1FLR0INX6IO11SDMTRQVORX"	"3HSYG7LRBKAYRCWPKE5D84FQM07KKS"	"AJBJBFO61HXE1"	"Approved"	"Tue Jan 10 21:38:14 CET 2017"	"Tue Jan 03 21:35:56 CET 2017"	"Tue Jan 03 21:38:14 CET 2017"	"Wed Jan 04 07:47:40 CET 2017"	""	""	""	""	"{""arg103318"":{""stanceValue"":""1"",""implicitClaim"":true,""segments"":[]},""arg569714"":{""stanceValue"":""0"",""implicitClaim"":true,""segments"":[]},""arg82283"":{""stanceValue"":""2"",""implicitClaim"":false,""segments"":[]},""arg256316"":{""stanceValue"":""1"",""implicitClaim"":true,""segments"":[]}}"						""	""														"1"	"0"	"2"	"1"	"on"	"on"	"on"	"on"
"338431Z1FLR0INX6IO11SDMTRQVORX"	"38TZTS8OLORN2H4JXCIVT14URMTU37"	"Find the main standpoint of an argument (2 mins/HIT on average) [pilot study]"	"Given arguments to various controversies, choose the correct author's standpoint and find it in the text"	"Argumentation, NLP, natural language processing"	"$0.17"	"Tue Jan 03 21:21:19 CET 2017"	"5"	"0"	"0"	"5"	"Reviewable"	"NotReviewed"	"mthit-00002.html"	"600"	"604800"	"Fri Jan 06 21:21:19 CET 2017"	"https://requester.mturk.com/mturk/manageHIT?HITId=338431Z1FLR0INX6IO11SDMTRQVORX"	"3LYA37P8IRZXY9SVE1SK91W0Z6YKB8"	"A2DVFA1B7NMN0F"	"Approved"	"Tue Jan 10 21:40:10 CET 2017"	"Tue Jan 03 21:35:05 CET 2017"	"Tue Jan 03 21:40:10 CET 2017"	"Wed Jan 04 07:47:40 CET 2017"	""	""	""	""	"{""arg103318"":{""stanceValue"":""1"",""implicitClaim"":false,""segments"":[[""arg103318_05""]]},""arg569714"":{""stanceValue"":""1"",""implicitClaim"":false,""segments"":[[""arg569714_05""],[""arg569714_06""]]},""arg82283"":{""stanceValue"":""0"",""implicitClaim"":false,""segments"":[[""arg82283_07""]]},""arg256316"":{""stanceValue"":""1"",""implicitClaim"":false,""segments"":[[""arg256316_00""]]}}"						""	""														"1"	"1"	"0"	"1"				
"338431Z1FLR0INX6IO11SDMTRQVORX"	"38TZTS8OLORN2H4JXCIVT14URMTU37"	"Find the main standpoint of an argument (2 mins/HIT on average) [pilot study]"	"Given arguments to various controversies, choose the correct author's standpoint and find it in the text"	"Argumentation, NLP, natural language processing"	"$0.17"	"Tue Jan 03 21:21:19 CET 2017"	"5"	"0"	"0"	"5"	"Reviewable"	"NotReviewed"	"mthit-00002.html"	"600"	"604800"	"Fri Jan 06 21:21:19 CET 2017"	"https://requester.mturk.com/mturk/manageHIT?HITId=338431Z1FLR0INX6IO11SDMTRQVORX"	"3C2NJ6JBKBT4I2D2SLRP00A0ZVR2NU"	"A224B7BAQ0MZSN"	"Approved"	"Tue Jan 10 21:45:48 CET 2017"	"Tue Jan 03 21:44:14 CET 2017"	"Tue Jan 03 21:45:48 CET 2017"	"Wed Jan 04 07:47:40 CET 2017"	""	""	""	""	"{""arg103318"":{""stanceValue"":""1"",""implicitClaim"":false,""segments"":[[""arg103318_05""]]},""arg569714"":{""stanceValue"":""1"",""implicitClaim"":false,""segments"":[[""arg569714_05"",""arg569714_06""]]},""arg82283"":{""stanceValue"":""1"",""implicitClaim"":true,""segments"":[]},""arg256316"":{""stanceValue"":""1"",""implicitClaim"":false,""segments"":[[""arg256316_05"",""arg256316_06""]]}}"						"I would appreciate a few examples of how clearly in favor of one standpoint an argument has to be, or if a user should just use their best judgment based on implications in most cases."	""														"1"	"1"	"1"	"1"					"on"
"3PKVGQTFIHWCC118OBAZU4KV50UYRI"	"38TZTS8OLORN2H4JXCIVT14URMTU37"	"Find the main standpoint of an argument (2 mins/HIT on average) [pilot study]"	"Given arguments to various controversies, choose the correct author's standpoint and find it in the text"	"Argumentation, NLP, natural language processing"	"$0.17"	"Tue Jan 03 21:21:19 CET 2017"	"5"	"0"	"0"	"5"	"Reviewable"	"NotReviewed"	"mthit-00003.html"	"600"	"604800"	"Fri Jan 06 21:21:19 CET 2017"	"https://requester.mturk.com/mturk/manageHIT?HITId=3PKVGQTFIHWCC118OBAZU4KV50UYRI"	"3EFE17QCRDH5D58PJ2BIMYQ8BDFHS1"	"A1GUUOCIDL11VX"	"Approved"	"Tue Jan 10 21:26:11 CET 2017"	"Tue Jan 03 21:24:57 CET 2017"	"Tue Jan 03 21:26:11 CET 2017"	"Wed Jan 04 07:47:40 CET 2017"	""	""	""	""	"{""arg88824"":{""stanceValue"":""1"",""implicitClaim"":false,""segments"":[[""arg88824_00""]]},""arg23297"":{""stanceValue"":""1"",""implicitClaim"":false,""segments"":[[""arg23297_03"",""arg23297_04""]]},""arg522806"":{""stanceValue"":""1"",""implicitClaim"":false,""segments"":[[""arg522806_00""]]},""arg711324"":{""stanceValue"":""2"",""implicitClaim"":false,""segments"":[]}}"						""	""																							"1"	"1"	"1"	"2"
"3PKVGQTFIHWCC118OBAZU4KV50UYRI"	"38TZTS8OLORN2H4JXCIVT14URMTU37"	"Find the main standpoint of an argument (2 mins/HIT on average) [pilot study]"	"Given arguments to various controversies, choose the correct author's standpoint and find it in the text"	"Argumentation, NLP, natural language processing"	"$0.17"	"Tue Jan 03 21:21:19 CET 2017"	"5"	"0"	"0"	"5"	"Reviewable"	"NotReviewed"	"mthit-00003.html"	"600"	"604800"	"Fri Jan 06 21:21:19 CET 2017"	"https://requester.mturk.com/mturk/manageHIT?HITId=3PKVGQTFIHWCC118OBAZU4KV50UYRI"	"3P4MQ7TPPYOW56O18OFRAYDACCOBBE"	"A2DVFA1B7NMN0F"	"Approved"	"Tue Jan 10 21:26:57 CET 2017"	"Tue Jan 03 21:26:23 CET 2017"	"Tue Jan 03 21:26:57 CET 2017"	"Wed Jan 04 07:47:40 CET 2017"	""	""	""	""	"{""arg88824"":{""stanceValue"":""1"",""implicitClaim"":false,""segments"":[[""arg88824_00""],[""arg88824_01""]]},""arg23297"":{""stanceValue"":""1"",""implicitClaim"":false,""segments"":[[""arg23297_04""]]},""arg522806"":{""stanceValue"":""1"",""implicitClaim"":false,""segments"":[[""arg522806_04""]]},""arg711324"":{""stanceValue"":""1"",""implicitClaim"":false,""segments"":[[""arg711324_01""]]}}"						""	""																							"1"	"1"	"1"	"1"
"3PKVGQTFIHWCC118OBAZU4KV50UYRI"	"38TZTS8OLORN2H4JXCIVT14URMTU37"	"Find the main standpoint of an argument (2 mins/HIT on average) [pilot study]"	"Given arguments to various controversies, choose the correct author's standpoint and find it in the text"	"Argumentation, NLP, natural language processing"	"$0.17"	"Tue Jan 03 21:21:19 CET 2017"	"5"	"0"	"0"	"5"	"Reviewable"	"NotReviewed"	"mthit-00003.html"	"600"	"604800"	"Fri Jan 06 21:21:19 CET 2017"	"https://requester.mturk.com/mturk/manageHIT?HITId=3PKVGQTFIHWCC118OBAZU4KV50UYRI"	"39ASUFLU6YJ1PC3MNB9Z03ANYCOXE8"	"A1VE1CAMPSYRHE"	"Approved"	"Tue Jan 10 21:29:51 CET 2017"	"Tue Jan 03 21:24:42 CET 2017"	"Tue Jan 03 21:29:51 CET 2017"	"Wed Jan 04 07:47:40 CET 2017"	""	""	""	""	"{""arg88824"":{""stanceValue"":""1"",""implicitClaim"":false,""segments"":[[""arg88824_02"",""arg88824_03""]]},""arg23297"":{""stanceValue"":""1"",""implicitClaim"":false,""segments"":[[""arg23297_03"",""arg23297_04""]]},""arg522806"":{""stanceValue"":""1"",""implicitClaim"":false,""segments"":[[""arg522806_00""]]},""arg711324"":{""stanceValue"":""2"",""implicitClaim"":false,""segments"":[]}}"						"Hope I gave you what you were looking for."	""																							"1"	"1"	"1"	"2"
"3PKVGQTFIHWCC118OBAZU4KV50UYRI"	"38TZTS8OLORN2H4JXCIVT14URMTU37"	"Find the main standpoint of an argument (2 mins/HIT on average) [pilot study]"	"Given arguments to various controversies, choose the correct author's standpoint and find it in the text"	"Argumentation, NLP, natural language processing"	"$0.17"	"Tue Jan 03 21:21:19 CET 2017"	"5"	"0"	"0"	"5"	"Reviewable"	"NotReviewed"	"mthit-00003.html"	"600"	"604800"	"Fri Jan 06 21:21:19 CET 2017"	"https://requester.mturk.com/mturk/manageHIT?HITId=3PKVGQTFIHWCC118OBAZU4KV50UYRI"	"32EYX73OY1LYHCEW4CICF3A2JJYURR"	"AP29P16515HLS"	"Approved"	"Tue Jan 10 21:34:51 CET 2017"	"Tue Jan 03 21:33:29 CET 2017"	"Tue Jan 03 21:34:51 CET 2017"	"Wed Jan 04 07:47:40 CET 2017"	""	""	""	""	"{""arg88824"":{""stanceValue"":""1"",""implicitClaim"":false,""segments"":[[""arg88824_02""]]},""arg23297"":{""stanceValue"":""1"",""implicitClaim"":false,""segments"":[[""arg23297_03""]]},""arg522806"":{""stanceValue"":""1"",""implicitClaim"":false,""segments"":[[""arg522806_00""]]},""arg711324"":{""stanceValue"":""1"",""implicitClaim"":true,""segments"":[]}}"						""	""																							"1"	"1"	"1"	"1"	"on"
"3PKVGQTFIHWCC118OBAZU4KV50UYRI"	"38TZTS8OLORN2H4JXCIVT14URMTU37"	"Find the main standpoint of an argument (2 mins/HIT on average) [pilot study]"	"Given arguments to various controversies, choose the correct author's standpoint and find it in the text"	"Argumentation, NLP, natural language processing"	"$0.17"	"Tue Jan 03 21:21:19 CET 2017"	"5"	"0"	"0"	"5"	"Reviewable"	"NotReviewed"	"mthit-00003.html"	"600"	"604800"	"Fri Jan 06 21:21:19 CET 2017"	"https://requester.mturk.com/mturk/manageHIT?HITId=3PKVGQTFIHWCC118OBAZU4KV50UYRI"	"35DR22AR5EWYFENPYRS3HC6Q7N23XR"	"A2F1JTU06CO6VD"	"Approved"	"Tue Jan 10 21:50:56 CET 2017"	"Tue Jan 03 21:49:45 CET 2017"	"Tue Jan 03 21:50:56 CET 2017"	"Wed Jan 04 07:47:40 CET 2017"	""	""	""	""	"{""arg88824"":{""stanceValue"":""1"",""implicitClaim"":true,""segments"":[]},""arg23297"":{""stanceValue"":""1"",""implicitClaim"":false,""segments"":[[""arg23297_03""]]},""arg522806"":{""stanceValue"":""1"",""implicitClaim"":true,""segments"":[]},""arg711324"":{""stanceValue"":""2"",""implicitClaim"":false,""segments"":[]}}"						""	""																							"1"	"1"	"1"	"2"		"on"	"on"
"3ZZAYRN1I63DY2AYMD6WSSNBFBSOTA"	"38TZTS8OLORN2H4JXCIVT14URMTU37"	"Find the main standpoint of an argument (2 mins/HIT on average) [pilot study]"	"Given arguments to various controversies, choose the correct author's standpoint and find it in the text"	"Argumentation, NLP, natural language processing"	"$0.17"	"Tue Jan 03 21:21:19 CET 2017"	"5"	"0"	"0"	"5"	"Reviewable"	"NotReviewed"	"mthit-00004.html"	"600"	"604800"	"Fri Jan 06 21:21:19 CET 2017"	"https://requester.mturk.com/mturk/manageHIT?HITId=3ZZAYRN1I63DY2AYMD6WSSNBFBSOTA"	"37TRT2X24R32NPMDWGS88MWNKHWJB6"	"A1X3N14B1SLNO7"	"Approved"	"Tue Jan 10 21:26:50 CET 2017"	"Tue Jan 03 21:21:49 CET 2017"	"Tue Jan 03 21:26:50 CET 2017"	"Wed Jan 04 07:47:41 CET 2017"	""	""	""	""	"{""arg155130"":{""stanceValue"":""2"",""implicitClaim"":false,""segments"":[]},""arg191059"":{""stanceValue"":""1"",""implicitClaim"":false,""segments"":[[""arg191059_10""]]},""arg5248"":{""stanceValue"":""1"",""implicitClaim"":true,""segments"":[]},""arg488618"":{""stanceValue"":""1"",""implicitClaim"":false,""segments"":[[""arg488618_00""]]}}"						"interesting surveys"	""																														"2"	"1"	"1"	"on"	"1"
"3ZZAYRN1I63DY2AYMD6WSSNBFBSOTA"	"38TZTS8OLORN2H4JXCIVT14URMTU37"	"Find the main standpoint of an argument (2 mins/HIT on average) [pilot study]"	"Given arguments to various controversies, choose the correct author's standpoint and find it in the text"	"Argumentation, NLP, natural language processing"	"$0.17"	"Tue Jan 03 21:21:19 CET 2017"	"5"	"0"	"0"	"5"	"Reviewable"	"NotReviewed"	"mthit-00004.html"	"600"	"604800"	"Fri Jan 06 21:21:19 CET 2017"	"https://requester.mturk.com/mturk/manageHIT?HITId=3ZZAYRN1I63DY2AYMD6WSSNBFBSOTA"	"3QL2OFSM97UHGK54PEGVCDJMBM3CNC"	"AIMCP4IHLOTF4"	"Approved"	"Tue Jan 10 21:36:01 CET 2017"	"Tue Jan 03 21:33:22 CET 2017"	"Tue Jan 03 21:36:01 CET 2017"	"Wed Jan 04 07:47:41 CET 2017"	""	""	""	""	"{""arg155130"":{""stanceValue"":""1"",""implicitClaim"":false,""segments"":[[""arg155130_06"",""arg155130_07""]]},""arg191059"":{""stanceValue"":""2"",""implicitClaim"":false,""segments"":[]},""arg5248"":{""stanceValue"":""1"",""implicitClaim"":false,""segments"":[[""arg5248_12"",""arg5248_13""]]},""arg488618"":{""stanceValue"":""1"",""implicitClaim"":false,""segments"":[[""arg488618_06""]]}}"						""	""																														"1"	"2"	"1"		"1"
"3ZZAYRN1I63DY2AYMD6WSSNBFBSOTA"	"38TZTS8OLORN2H4JXCIVT14URMTU37"	"Find the main standpoint of an argument (2 mins/HIT on average) [pilot study]"	"Given arguments to various controversies, choose the correct author's standpoint and find it in the text"	"Argumentation, NLP, natural language processing"	"$0.17"	"Tue Jan 03 21:21:19 CET 2017"	"5"	"0"	"0"	"5"	"Reviewable"	"NotReviewed"	"mthit-00004.html"	"600"	"604800"	"Fri Jan 06 21:21:19 CET 2017"	"https://requester.mturk.com/mturk/manageHIT?HITId=3ZZAYRN1I63DY2AYMD6WSSNBFBSOTA"	"3OLF68YTNADHZDVP7C1RYDKP9SWAF1"	"A1GUUOCIDL11VX"	"Approved"	"Tue Jan 10 21:40:35 CET 2017"	"Tue Jan 03 21:34:58 CET 2017"	"Tue Jan 03 21:40:35 CET 2017"	"Wed Jan 04 07:47:41 CET 2017"	""	""	""	""	"{""arg155130"":{""stanceValue"":""1"",""implicitClaim"":false,""segments"":[[""arg155130_00"",""arg155130_01"",""arg155130_02"",""arg155130_03"",""arg155130_04"",""arg155130_05"",""arg155130_06"",""arg155130_07""]]},""arg191059"":{""stanceValue"":""2"",""implicitClaim"":false,""segments"":[]},""arg5248"":{""stanceValue"":""1"",""implicitClaim"":false,""segments"":[[""arg5248_00"",""arg5248_01"",""arg5248_02""]]},""arg488618"":{""stanceValue"":""1"",""implicitClaim"":false,""segments"":[[""arg488618_00""]]}}"						""	""																														"1"	"2"	"1"		"1"
"3ZZAYRN1I63DY2AYMD6WSSNBFBSOTA"	"38TZTS8OLORN2H4JXCIVT14URMTU37"	"Find the main standpoint of an argument (2 mins/HIT on average) [pilot study]"	"Given arguments to various controversies, choose the correct author's standpoint and find it in the text"	"Argumentation, NLP, natural language processing"	"$0.17"	"Tue Jan 03 21:21:19 CET 2017"	"5"	"0"	"0"	"5"	"Reviewable"	"NotReviewed"	"mthit-00004.html"	"600"	"604800"	"Fri Jan 06 21:21:19 CET 2017"	"https://requester.mturk.com/mturk/manageHIT?HITId=3ZZAYRN1I63DY2AYMD6WSSNBFBSOTA"	"3Y5140Z9DYS8W83HX3P9R5MCO6OIPG"	"A224B7BAQ0MZSN"	"Approved"	"Tue Jan 10 21:41:16 CET 2017"	"Tue Jan 03 21:37:26 CET 2017"	"Tue Jan 03 21:41:16 CET 2017"	"Wed Jan 04 07:47:41 CET 2017"	""	""	""	""	"{""arg155130"":{""stanceValue"":""1"",""implicitClaim"":true,""segments"":[]},""arg191059"":{""stanceValue"":""1"",""implicitClaim"":false,""segments"":[[""arg191059_09"",""arg191059_10""]]},""arg5248"":{""stanceValue"":""1"",""implicitClaim"":false,""segments"":[[""arg5248_12""]]},""arg488618"":{""stanceValue"":""1"",""implicitClaim"":false,""segments"":[[""arg488618_00""],[""arg488618_06""]]}}"						"The first question seemed to agree with both standpoints, but favor one because the other was a weaker reason.  There is no option for ""both"", but it still seemed to take a stance, so I selected the slightly favored option.  I would appreciate something in the instructions noting what to do if the author favors both, but one more strongly - should I choose ""no stance,"" or the more strongly favored stance?"	""																														"1"	"1"	"1"		"1"	"on"
"3ZZAYRN1I63DY2AYMD6WSSNBFBSOTA"	"38TZTS8OLORN2H4JXCIVT14URMTU37"	"Find the main standpoint of an argument (2 mins/HIT on average) [pilot study]"	"Given arguments to various controversies, choose the correct author's standpoint and find it in the text"	"Argumentation, NLP, natural language processing"	"$0.17"	"Tue Jan 03 21:21:19 CET 2017"	"5"	"0"	"0"	"5"	"Reviewable"	"NotReviewed"	"mthit-00004.html"	"600"	"604800"	"Fri Jan 06 21:21:19 CET 2017"	"https://requester.mturk.com/mturk/manageHIT?HITId=3ZZAYRN1I63DY2AYMD6WSSNBFBSOTA"	"3Z4AIRP3C7P25B9ABNEKTJRT93N1XW"	"APW9F8OTJ4KXO"	"Approved"	"Tue Jan 10 21:46:44 CET 2017"	"Tue Jan 03 21:42:56 CET 2017"	"Tue Jan 03 21:46:44 CET 2017"	"Wed Jan 04 07:47:41 CET 2017"	""	""	""	""	"{""arg155130"":{""stanceValue"":""2"",""implicitClaim"":false,""segments"":[]},""arg191059"":{""stanceValue"":""1"",""implicitClaim"":false,""segments"":[[""arg191059_09""],[""arg191059_10""]]},""arg5248"":{""stanceValue"":""1"",""implicitClaim"":false,""segments"":[[""arg5248_12""]]},""arg488618"":{""stanceValue"":""1"",""implicitClaim"":false,""segments"":[[""arg488618_06""]]}}"						"This is very intersting. "	""																														"2"	"1"	"1"		"1"		"on"
"3XJOUITW8U3GJENE1QY0HXIBUCAQTK"	"38TZTS8OLORN2H4JXCIVT14URMTU37"	"Find the main standpoint of an argument (2 mins/HIT on average) [pilot study]"	"Given arguments to various controversies, choose the correct author's standpoint and find it in the text"	"Argumentation, NLP, natural language processing"	"$0.17"	"Tue Jan 03 21:21:19 CET 2017"	"5"	"0"	"0"	"5"	"Reviewable"	"NotReviewed"	"mthit-00005.html"	"600"	"604800"	"Fri Jan 06 21:21:19 CET 2017"	"https://requester.mturk.com/mturk/manageHIT?HITId=3XJOUITW8U3GJENE1QY0HXIBUCAQTK"	"3P1L2B7AD21S19ZM3697UL9EV5LLOF"	"A2DVFA1B7NMN0F"	"Approved"	"Tue Jan 10 21:27:56 CET 2017"	"Tue Jan 03 21:26:59 CET 2017"	"Tue Jan 03 21:27:56 CET 2017"	"Wed Jan 04 07:47:41 CET 2017"	""	""	""	""	"{""arg208395"":{""stanceValue"":""2"",""implicitClaim"":false,""segments"":[[""arg208395_02""],[""arg208395_03""]]},""arg323457"":{""stanceValue"":""1"",""implicitClaim"":false,""segments"":[[""arg323457_01""]]},""arg513277"":{""stanceValue"":""1"",""implicitClaim"":false,""segments"":[[""arg513277_01""]]},""arg379777"":{""stanceValue"":""1"",""implicitClaim"":false,""segments"":[[""arg379777_00""]]}}"						""	""																																					"2"	"1"	"1"	"1"
"3XJOUITW8U3GJENE1QY0HXIBUCAQTK"	"38TZTS8OLORN2H4JXCIVT14URMTU37"	"Find the main standpoint of an argument (2 mins/HIT on average) [pilot study]"	"Given arguments to various controversies, choose the correct author's standpoint and find it in the text"	"Argumentation, NLP, natural language processing"	"$0.17"	"Tue Jan 03 21:21:19 CET 2017"	"5"	"0"	"0"	"5"	"Reviewable"	"NotReviewed"	"mthit-00005.html"	"600"	"604800"	"Fri Jan 06 21:21:19 CET 2017"	"https://requester.mturk.com/mturk/manageHIT?HITId=3XJOUITW8U3GJENE1QY0HXIBUCAQTK"	"37U1UTWH9WY0JF7J19H7JBSDMS6R88"	"A1GUUOCIDL11VX"	"Approved"	"Tue Jan 10 21:29:35 CET 2017"	"Tue Jan 03 21:28:19 CET 2017"	"Tue Jan 03 21:29:35 CET 2017"	"Wed Jan 04 07:47:41 CET 2017"	""	""	""	""	"{""arg208395"":{""stanceValue"":""2"",""implicitClaim"":false,""segments"":[]},""arg323457"":{""stanceValue"":""1"",""implicitClaim"":false,""segments"":[[""arg323457_04""]]},""arg513277"":{""stanceValue"":""1"",""implicitClaim"":false,""segments"":[[""arg513277_01""]]},""arg379777"":{""stanceValue"":""1"",""implicitClaim"":false,""segments"":[[""arg379777_00""]]}}"						""	""																																					"2"	"1"	"1"	"1"
"3XJOUITW8U3GJENE1QY0HXIBUCAQTK"	"38TZTS8OLORN2H4JXCIVT14URMTU37"	"Find the main standpoint of an argument (2 mins/HIT on average) [pilot study]"	"Given arguments to various controversies, choose the correct author's standpoint and find it in the text"	"Argumentation, NLP, natural language processing"	"$0.17"	"Tue Jan 03 21:21:19 CET 2017"	"5"	"0"	"0"	"5"	"Reviewable"	"NotReviewed"	"mthit-00005.html"	"600"	"604800"	"Fri Jan 06 21:21:19 CET 2017"	"https://requester.mturk.com/mturk/manageHIT?HITId=3XJOUITW8U3GJENE1QY0HXIBUCAQTK"	"386PBUZZXG9E0Y8PNTH2MPSSWBCLJX"	"A2F1JTU06CO6VD"	"Approved"	"Tue Jan 10 21:43:03 CET 2017"	"Tue Jan 03 21:38:28 CET 2017"	"Tue Jan 03 21:43:03 CET 2017"	"Wed Jan 04 07:47:41 CET 2017"	""	""	""	""	"{""arg208395"":{""stanceValue"":""2"",""implicitClaim"":false,""segments"":[]},""arg323457"":{""stanceValue"":""1"",""implicitClaim"":true,""segments"":[]},""arg513277"":{""stanceValue"":""0"",""implicitClaim"":false,""segments"":[[""arg513277_00"",""arg513277_01"",""arg513277_02"",""arg513277_03""]]},""arg379777"":{""stanceValue"":""1"",""implicitClaim"":false,""segments"":[[""arg379777_00"",""arg379777_01""]]}}"						""	""																																					"2"	"1"	"0"	"1"	"on"
"3XJOUITW8U3GJENE1QY0HXIBUCAQTK"	"38TZTS8OLORN2H4JXCIVT14URMTU37"	"Find the main standpoint of an argument (2 mins/HIT on average) [pilot study]"	"Given arguments to various controversies, choose the correct author's standpoint and find it in the text"	"Argumentation, NLP, natural language processing"	"$0.17"	"Tue Jan 03 21:21:19 CET 2017"	"5"	"0"	"0"	"5"	"Reviewable"	"NotReviewed"	"mthit-00005.html"	"600"	"604800"	"Fri Jan 06 21:21:19 CET 2017"	"https://requester.mturk.com/mturk/manageHIT?HITId=3XJOUITW8U3GJENE1QY0HXIBUCAQTK"	"3ND9UOO81LE06I8OUS0HBFM0Y7LLWS"	"A3O1KC3MM9FCW5"	"Approved"	"Tue Jan 10 21:43:29 CET 2017"	"Tue Jan 03 21:39:36 CET 2017"	"Tue Jan 03 21:43:29 CET 2017"	"Wed Jan 04 07:47:41 CET 2017"	""	""	""	""	"{""arg208395"":{""stanceValue"":""2"",""implicitClaim"":false,""segments"":[]},""arg323457"":{""stanceValue"":""1"",""implicitClaim"":true,""segments"":[]},""arg513277"":{""stanceValue"":""1"",""implicitClaim"":false,""segments"":[[""arg513277_00"",""arg513277_01""]]},""arg379777"":{""stanceValue"":""1"",""implicitClaim"":false,""segments"":[[""arg379777_00""]]}}"						""	""																																					"2"	"1"	"1"	"1"	"on"
"3XJOUITW8U3GJENE1QY0HXIBUCAQTK"	"38TZTS8OLORN2H4JXCIVT14URMTU37"	"Find the main standpoint of an argument (2 mins/HIT on average) [pilot study]"	"Given arguments to various controversies, choose the correct author's standpoint and find it in the text"	"Argumentation, NLP, natural language processing"	"$0.17"	"Tue Jan 03 21:21:19 CET 2017"	"5"	"0"	"0"	"5"	"Reviewable"	"NotReviewed"	"mthit-00005.html"	"600"	"604800"	"Fri Jan 06 21:21:19 CET 2017"	"https://requester.mturk.com/mturk/manageHIT?HITId=3XJOUITW8U3GJENE1QY0HXIBUCAQTK"	"3CN4LGXD5Y08XFW331JOAV55NTR4YI"	"A30R4A7I6TVGQS"	"Approved"	"Tue Jan 10 21:46:58 CET 2017"	"Tue Jan 03 21:43:36 CET 2017"	"Tue Jan 03 21:46:58 CET 2017"	"Wed Jan 04 07:47:41 CET 2017"	""	""	""	""	"{""arg208395"":{""stanceValue"":""0"",""implicitClaim"":true,""segments"":[]},""arg323457"":{""stanceValue"":""1"",""implicitClaim"":false,""segments"":[[""arg323457_04"",""arg323457_05"",""arg323457_06""]]},""arg513277"":{""stanceValue"":""1"",""implicitClaim"":false,""segments"":[[""arg513277_00"",""arg513277_01"",""arg513277_02"",""arg513277_03""]]},""arg379777"":{""stanceValue"":""1"",""implicitClaim"":false,""segments"":[[""arg379777_00"",""arg379777_01"",""arg379777_02""]]}}"						""	""																																					"0"	"1"	"1"	"1"		"on"
"3W3RSPVVGS3KSUMQ9QGE575J3KULUH"	"38TZTS8OLORN2H4JXCIVT14URMTU37"	"Find the main standpoint of an argument (2 mins/HIT on average) [pilot study]"	"Given arguments to various controversies, choose the correct author's standpoint and find it in the text"	"Argumentation, NLP, natural language processing"	"$0.17"	"Tue Jan 03 21:21:19 CET 2017"	"5"	"0"	"0"	"5"	"Reviewable"	"NotReviewed"	"mthit-00006.html"	"600"	"604800"	"Fri Jan 06 21:21:19 CET 2017"	"https://requester.mturk.com/mturk/manageHIT?HITId=3W3RSPVVGS3KSUMQ9QGE575J3KULUH"	"3LEP4MGT3HCPK3MLMK6X5O1AFXZBDK"	"A224B7BAQ0MZSN"	"Approved"	"Tue Jan 10 21:28:38 CET 2017"	"Tue Jan 03 21:22:13 CET 2017"	"Tue Jan 03 21:28:38 CET 2017"	"Wed Jan 04 07:47:42 CET 2017"	""	""	""	""	"{""arg281105"":{""stanceValue"":""1"",""implicitClaim"":false,""segments"":[[""arg281105_00"",""arg281105_01"",""arg281105_02""],[""arg281105_15""]]},""arg18301"":{""stanceValue"":""1"",""implicitClaim"":true,""segments"":[]},""arg245304"":{""stanceValue"":""1"",""implicitClaim"":false,""segments"":[[""arg245304_12""]]},""arg60992"":{""stanceValue"":""1"",""implicitClaim"":false,""segments"":[[""arg60992_01""],[""arg60992_16"",""arg60992_17""]]}}"						"I would suggest specifying if there is a limit to how many segments with the explicit standpoint can be selected, i.e. up to # of segments, or if all explicit segments can be selected."	""																																											"1"	"1"	"on"	"1"	"1"
"3W3RSPVVGS3KSUMQ9QGE575J3KULUH"	"38TZTS8OLORN2H4JXCIVT14URMTU37"	"Find the main standpoint of an argument (2 mins/HIT on average) [pilot study]"	"Given arguments to various controversies, choose the correct author's standpoint and find it in the text"	"Argumentation, NLP, natural language processing"	"$0.17"	"Tue Jan 03 21:21:19 CET 2017"	"5"	"0"	"0"	"5"	"Reviewable"	"NotReviewed"	"mthit-00006.html"	"600"	"604800"	"Fri Jan 06 21:21:19 CET 2017"	"https://requester.mturk.com/mturk/manageHIT?HITId=3W3RSPVVGS3KSUMQ9QGE575J3KULUH"	"3E7TUJ2EGDY6WA7OO0S1EI6KRXX9D9"	"A1WZ0Y8Q3MSHB7"	"Approved"	"Tue Jan 10 21:29:33 CET 2017"	"Tue Jan 03 21:24:18 CET 2017"	"Tue Jan 03 21:29:33 CET 2017"	"Wed Jan 04 07:47:42 CET 2017"	""	""	""	""	"{""arg281105"":{""stanceValue"":""1"",""implicitClaim"":true,""segments"":[]},""arg18301"":{""stanceValue"":""2"",""implicitClaim"":false,""segments"":[]},""arg245304"":{""stanceValue"":""2"",""implicitClaim"":false,""segments"":[]},""arg60992"":{""stanceValue"":""1"",""implicitClaim"":true,""segments"":[]}}"						"Too confusing --- directions not clear enough for me."	""																																											"1"	"2"		"2"	"1"	"on"	"on"	"on"	"on"
"3W3RSPVVGS3KSUMQ9QGE575J3KULUH"	"38TZTS8OLORN2H4JXCIVT14URMTU37"	"Find the main standpoint of an argument (2 mins/HIT on average) [pilot study]"	"Given arguments to various controversies, choose the correct author's standpoint and find it in the text"	"Argumentation, NLP, natural language processing"	"$0.17"	"Tue Jan 03 21:21:19 CET 2017"	"5"	"0"	"0"	"5"	"Reviewable"	"NotReviewed"	"mthit-00006.html"	"600"	"604800"	"Fri Jan 06 21:21:19 CET 2017"	"https://requester.mturk.com/mturk/manageHIT?HITId=3W3RSPVVGS3KSUMQ9QGE575J3KULUH"	"35GCEFQ6I60NK9N4Z9GOEXM1FNXZ3H"	"A2DVFA1B7NMN0F"	"Approved"	"Tue Jan 10 21:30:50 CET 2017"	"Tue Jan 03 21:29:57 CET 2017"	"Tue Jan 03 21:30:50 CET 2017"	"Wed Jan 04 07:47:42 CET 2017"	""	""	""	""	"{""arg281105"":{""stanceValue"":""1"",""implicitClaim"":false,""segments"":[[""arg281105_00""],[""arg281105_01""],[""arg281105_02""]]},""arg18301"":{""stanceValue"":""1"",""implicitClaim"":false,""segments"":[[""arg18301_00""]]},""arg245304"":{""stanceValue"":""1"",""implicitClaim"":false,""segments"":[[""arg245304_12""]]},""arg60992"":{""stanceValue"":""1"",""implicitClaim"":false,""segments"":[[""arg60992_16""],[""arg60992_17""]]}}"						""	""																																											"1"	"1"		"1"	"1"				
"3W3RSPVVGS3KSUMQ9QGE575J3KULUH"	"38TZTS8OLORN2H4JXCIVT14URMTU37"	"Find the main standpoint of an argument (2 mins/HIT on average) [pilot study]"	"Given arguments to various controversies, choose the correct author's standpoint and find it in the text"	"Argumentation, NLP, natural language processing"	"$0.17"	"Tue Jan 03 21:21:19 CET 2017"	"5"	"0"	"0"	"5"	"Reviewable"	"NotReviewed"	"mthit-00006.html"	"600"	"604800"	"Fri Jan 06 21:21:19 CET 2017"	"https://requester.mturk.com/mturk/manageHIT?HITId=3W3RSPVVGS3KSUMQ9QGE575J3KULUH"	"3A9AA95ATXYWKK82QJ6F2WI7JKIP5D"	"A2RHJT0OMA09YH"	"Approved"	"Tue Jan 10 21:42:42 CET 2017"	"Tue Jan 03 21:42:11 CET 2017"	"Tue Jan 03 21:42:42 CET 2017"	"Wed Jan 04 07:47:42 CET 2017"	""	""	""	""	"{""arg281105"":{""stanceValue"":""1"",""implicitClaim"":true,""segments"":[]},""arg18301"":{""stanceValue"":""2"",""implicitClaim"":false,""segments"":[]},""arg245304"":{""stanceValue"":""0"",""implicitClaim"":true,""segments"":[]},""arg60992"":{""stanceValue"":""1"",""implicitClaim"":true,""segments"":[]}}"						""	""																																											"1"	"2"		"0"	"1"	"on"	"on"		"on"	"on"
"3W3RSPVVGS3KSUMQ9QGE575J3KULUH"	"38TZTS8OLORN2H4JXCIVT14URMTU37"	"Find the main standpoint of an argument (2 mins/HIT on average) [pilot study]"	"Given arguments to various controversies, choose the correct author's standpoint and find it in the text"	"Argumentation, NLP, natural language processing"	"$0.17"	"Tue Jan 03 21:21:19 CET 2017"	"5"	"0"	"0"	"5"	"Reviewable"	"NotReviewed"	"mthit-00006.html"	"600"	"604800"	"Fri Jan 06 21:21:19 CET 2017"	"https://requester.mturk.com/mturk/manageHIT?HITId=3W3RSPVVGS3KSUMQ9QGE575J3KULUH"	"3EJJQNKU9SHTCQ8C4DBDWOLCPB0HRH"	"A3QG0ZI7X8BQII"	"Approved"	"Tue Jan 10 22:16:48 CET 2017"	"Tue Jan 03 22:11:24 CET 2017"	"Tue Jan 03 22:16:48 CET 2017"	"Wed Jan 04 07:47:42 CET 2017"	""	""	""	""	"{""arg281105"":{""stanceValue"":""1"",""implicitClaim"":false,""segments"":[[""arg281105_05""]]},""arg18301"":{""stanceValue"":""2"",""implicitClaim"":false,""segments"":[]},""arg245304"":{""stanceValue"":""1"",""implicitClaim"":false,""segments"":[[""arg245304_00"",""arg245304_01"",""arg245304_02"",""arg245304_03""]]},""arg60992"":{""stanceValue"":""1"",""implicitClaim"":false,""segments"":[[""arg60992_07"",""arg60992_08"",""arg60992_09"",""arg60992_10"",""arg60992_11"",""arg60992_12""]]}}"						"I don't know if these are real submissions, but the writing is atrocious and kind of hard to read."	""																																											"1"	"2"		"1"	"1"					
"3PGQRAZX02WODG1L30A4KEPRR2DYS6"	"38TZTS8OLORN2H4JXCIVT14URMTU37"	"Find the main standpoint of an argument (2 mins/HIT on average) [pilot study]"	"Given arguments to various controversies, choose the correct author's standpoint and find it in the text"	"Argumentation, NLP, natural language processing"	"$0.17"	"Tue Jan 03 21:21:19 CET 2017"	"5"	"0"	"0"	"5"	"Reviewable"	"NotReviewed"	"mthit-00007.html"	"600"	"604800"	"Fri Jan 06 21:21:19 CET 2017"	"https://requester.mturk.com/mturk/manageHIT?HITId=3PGQRAZX02WODG1L30A4KEPRR2DYS6"	"3HUTX6F6VVZM0NDET0R2FPA5P5U2O7"	"A2DVFA1B7NMN0F"	"Approved"	"Tue Jan 10 21:26:20 CET 2017"	"Tue Jan 03 21:25:24 CET 2017"	"Tue Jan 03 21:26:20 CET 2017"	"Wed Jan 04 07:47:42 CET 2017"	""	""	""	""	"{""arg425174"":{""stanceValue"":""0"",""implicitClaim"":false,""segments"":[[""arg425174_03""]]},""arg346355"":{""stanceValue"":""1"",""implicitClaim"":false,""segments"":[[""arg346355_00""]]},""arg193667"":{""stanceValue"":""1"",""implicitClaim"":false,""segments"":[[""arg193667_00""]]},""arg677261"":{""stanceValue"":""1"",""implicitClaim"":false,""segments"":[[""arg677261_00""]]}}"						""	""																																																					"0"	"1"	"1"	"1"
"3PGQRAZX02WODG1L30A4KEPRR2DYS6"	"38TZTS8OLORN2H4JXCIVT14URMTU37"	"Find the main standpoint of an argument (2 mins/HIT on average) [pilot study]"	"Given arguments to various controversies, choose the correct author's standpoint and find it in the text"	"Argumentation, NLP, natural language processing"	"$0.17"	"Tue Jan 03 21:21:19 CET 2017"	"5"	"0"	"0"	"5"	"Reviewable"	"NotReviewed"	"mthit-00007.html"	"600"	"604800"	"Fri Jan 06 21:21:19 CET 2017"	"https://requester.mturk.com/mturk/manageHIT?HITId=3PGQRAZX02WODG1L30A4KEPRR2DYS6"	"345LHZDEDY46YATUTMHGX57MD5J3UX"	"AIMCP4IHLOTF4"	"Approved"	"Tue Jan 10 21:32:54 CET 2017"	"Tue Jan 03 21:28:44 CET 2017"	"Tue Jan 03 21:32:54 CET 2017"	"Wed Jan 04 07:47:42 CET 2017"	""	""	""	""	"{""arg425174"":{""stanceValue"":""1"",""implicitClaim"":false,""segments"":[[""arg425174_00"",""arg425174_01"",""arg425174_02"",""arg425174_03""]]},""arg346355"":{""stanceValue"":""1"",""implicitClaim"":false,""segments"":[[""arg346355_00"",""arg346355_01"",""arg346355_02"",""arg346355_03"",""arg346355_04"",""arg346355_05"",""arg346355_06"",""arg346355_07"",""arg346355_08""]]},""arg193667"":{""stanceValue"":""1"",""implicitClaim"":false,""segments"":[[""arg193667_01""]]},""arg677261"":{""stanceValue"":""2"",""implicitClaim"":false,""segments"":[]}}"						""	""																																																					"1"	"1"	"1"	"2"
"3PGQRAZX02WODG1L30A4KEPRR2DYS6"	"38TZTS8OLORN2H4JXCIVT14URMTU37"	"Find the main standpoint of an argument (2 mins/HIT on average) [pilot study]"	"Given arguments to various controversies, choose the correct author's standpoint and find it in the text"	"Argumentation, NLP, natural language processing"	"$0.17"	"Tue Jan 03 21:21:19 CET 2017"	"5"	"0"	"0"	"5"	"Reviewable"	"NotReviewed"	"mthit-00007.html"	"600"	"604800"	"Fri Jan 06 21:21:19 CET 2017"	"https://requester.mturk.com/mturk/manageHIT?HITId=3PGQRAZX02WODG1L30A4KEPRR2DYS6"	"3U5JL4WY5LLJXA6TY5XMRHYWLNW4XB"	"AP29P16515HLS"	"Approved"	"Tue Jan 10 21:33:24 CET 2017"	"Tue Jan 03 21:31:44 CET 2017"	"Tue Jan 03 21:33:24 CET 2017"	"Wed Jan 04 07:47:42 CET 2017"	""	""	""	""	"{""arg425174"":{""stanceValue"":""1"",""implicitClaim"":false,""segments"":[[""arg425174_00"",""arg425174_01"",""arg425174_02"",""arg425174_03""]]},""arg346355"":{""stanceValue"":""1"",""implicitClaim"":false,""segments"":[[""arg346355_00""]]},""arg193667"":{""stanceValue"":""1"",""implicitClaim"":false,""segments"":[[""arg193667_00""]]},""arg677261"":{""stanceValue"":""1"",""implicitClaim"":false,""segments"":[[""arg677261_00""]]}}"						""	""																																																					"1"	"1"	"1"	"1"
"3PGQRAZX02WODG1L30A4KEPRR2DYS6"	"38TZTS8OLORN2H4JXCIVT14URMTU37"	"Find the main standpoint of an argument (2 mins/HIT on average) [pilot study]"	"Given arguments to various controversies, choose the correct author's standpoint and find it in the text"	"Argumentation, NLP, natural language processing"	"$0.17"	"Tue Jan 03 21:21:19 CET 2017"	"5"	"0"	"0"	"5"	"Reviewable"	"NotReviewed"	"mthit-00007.html"	"600"	"604800"	"Fri Jan 06 21:21:19 CET 2017"	"https://requester.mturk.com/mturk/manageHIT?HITId=3PGQRAZX02WODG1L30A4KEPRR2DYS6"	"3NXNZ5RS1B9QF16EXNPFEQWO5MV79F"	"A224B7BAQ0MZSN"	"Approved"	"Tue Jan 10 21:35:01 CET 2017"	"Tue Jan 03 21:31:28 CET 2017"	"Tue Jan 03 21:35:01 CET 2017"	"Wed Jan 04 07:47:42 CET 2017"	""	""	""	""	"{""arg425174"":{""stanceValue"":""1"",""implicitClaim"":true,""segments"":[]},""arg346355"":{""stanceValue"":""0"",""implicitClaim"":false,""segments"":[[""arg346355_00""]]},""arg193667"":{""stanceValue"":""1"",""implicitClaim"":false,""segments"":[[""arg193667_00""]]},""arg677261"":{""stanceValue"":""1"",""implicitClaim"":false,""segments"":[[""arg677261_00""]]}}"						"I am unsure of how much an author has to imply his opinion lies one way or another for me to select their standpoint.  I used my best judgment on the first question since it seemed like he favored Apple in his response, but I am not entirely sure he implied it was better heavily enough.  A few examples in the instructions might be good."	""																																																					"1"	"0"	"1"	"1"	"on"
"3PGQRAZX02WODG1L30A4KEPRR2DYS6"	"38TZTS8OLORN2H4JXCIVT14URMTU37"	"Find the main standpoint of an argument (2 mins/HIT on average) [pilot study]"	"Given arguments to various controversies, choose the correct author's standpoint and find it in the text"	"Argumentation, NLP, natural language processing"	"$0.17"	"Tue Jan 03 21:21:19 CET 2017"	"5"	"0"	"0"	"5"	"Reviewable"	"NotReviewed"	"mthit-00007.html"	"600"	"604800"	"Fri Jan 06 21:21:19 CET 2017"	"https://requester.mturk.com/mturk/manageHIT?HITId=3PGQRAZX02WODG1L30A4KEPRR2DYS6"	"374TNBHA8C7FMKJ11YQ1DY6AJL7YQS"	"A34MRQ1OP87XC6"	"Approved"	"Tue Jan 10 21:37:43 CET 2017"	"Tue Jan 03 21:28:40 CET 2017"	"Tue Jan 03 21:37:43 CET 2017"	"Wed Jan 04 07:47:42 CET 2017"	""	""	""	""	"{""arg425174"":{""stanceValue"":""1"",""implicitClaim"":true,""segments"":[]},""arg346355"":{""stanceValue"":""1"",""implicitClaim"":false,""segments"":[[""arg346355_00""]]},""arg193667"":{""stanceValue"":""1"",""implicitClaim"":false,""segments"":[[""arg193667_00""]]},""arg677261"":{""stanceValue"":""1"",""implicitClaim"":false,""segments"":[[""arg677261_00""]]}}"						"it would be a good idea to put on here which argument is who's by labeling them."	""																																																					"1"	"1"	"1"	"1"	"on"	"on"
"382GHPVPHS34VS2MOELWWHD84LG430"	"38TZTS8OLORN2H4JXCIVT14URMTU37"	"Find the main standpoint of an argument (2 mins/HIT on average) [pilot study]"	"Given arguments to various controversies, choose the correct author's standpoint and find it in the text"	"Argumentation, NLP, natural language processing"	"$0.17"	"Tue Jan 03 21:21:19 CET 2017"	"5"	"0"	"0"	"5"	"Reviewable"	"NotReviewed"	"mthit-00008.html"	"600"	"604800"	"Fri Jan 06 21:21:19 CET 2017"	"https://requester.mturk.com/mturk/manageHIT?HITId=382GHPVPHS34VS2MOELWWHD84LG430"	"3T3IWE1XG7ZJ5YK7RS325HEV4JPQTV"	"A1GUUOCIDL11VX"	"Approved"	"Tue Jan 10 21:28:19 CET 2017"	"Tue Jan 03 21:27:14 CET 2017"	"Tue Jan 03 21:28:19 CET 2017"	"Wed Jan 04 07:47:43 CET 2017"	""	""	""	""	"{""arg114682"":{""stanceValue"":""1"",""implicitClaim"":false,""segments"":[[""arg114682_01"",""arg114682_02"",""arg114682_03""]]},""arg107492"":{""stanceValue"":""1"",""implicitClaim"":false,""segments"":[[""arg107492_03""]]},""arg35688"":{""stanceValue"":""1"",""implicitClaim"":false,""segments"":[[""arg35688_00""]]},""arg33312"":{""stanceValue"":""1"",""implicitClaim"":true,""segments"":[]}}"						""	""																																																											"1"	"1"	"1"	"1"	"on"
"382GHPVPHS34VS2MOELWWHD84LG430"	"38TZTS8OLORN2H4JXCIVT14URMTU37"	"Find the main standpoint of an argument (2 mins/HIT on average) [pilot study]"	"Given arguments to various controversies, choose the correct author's standpoint and find it in the text"	"Argumentation, NLP, natural language processing"	"$0.17"	"Tue Jan 03 21:21:19 CET 2017"	"5"	"0"	"0"	"5"	"Reviewable"	"NotReviewed"	"mthit-00008.html"	"600"	"604800"	"Fri Jan 06 21:21:19 CET 2017"	"https://requester.mturk.com/mturk/manageHIT?HITId=382GHPVPHS34VS2MOELWWHD84LG430"	"3NVC2EB65RBNFJDZ3NE50QDZ9TU3YV"	"A2DVFA1B7NMN0F"	"Approved"	"Tue Jan 10 21:29:55 CET 2017"	"Tue Jan 03 21:29:06 CET 2017"	"Tue Jan 03 21:29:55 CET 2017"	"Wed Jan 04 07:47:43 CET 2017"	""	""	""	""	"{""arg114682"":{""stanceValue"":""1"",""implicitClaim"":false,""segments"":[[""arg114682_00""],[""arg114682_01""],[""arg114682_02""],[""arg114682_03""]]},""arg107492"":{""stanceValue"":""1"",""implicitClaim"":false,""segments"":[[""arg107492_03""]]},""arg35688"":{""stanceValue"":""1"",""implicitClaim"":false,""segments"":[[""arg35688_00""]]},""arg33312"":{""stanceValue"":""1"",""implicitClaim"":false,""segments"":[[""arg33312_03""]]}}"						""	""																																																											"1"	"1"	"1"	"1"	
"382GHPVPHS34VS2MOELWWHD84LG430"	"38TZTS8OLORN2H4JXCIVT14URMTU37"	"Find the main standpoint of an argument (2 mins/HIT on average) [pilot study]"	"Given arguments to various controversies, choose the correct author's standpoint and find it in the text"	"Argumentation, NLP, natural language processing"	"$0.17"	"Tue Jan 03 21:21:19 CET 2017"	"5"	"0"	"0"	"5"	"Reviewable"	"NotReviewed"	"mthit-00008.html"	"600"	"604800"	"Fri Jan 06 21:21:19 CET 2017"	"https://requester.mturk.com/mturk/manageHIT?HITId=382GHPVPHS34VS2MOELWWHD84LG430"	"3R5F3LQFV3WC6YGQI70G20KCAETOZ1"	"A224B7BAQ0MZSN"	"Approved"	"Tue Jan 10 21:31:17 CET 2017"	"Tue Jan 03 21:28:43 CET 2017"	"Tue Jan 03 21:31:17 CET 2017"	"Wed Jan 04 07:47:43 CET 2017"	""	""	""	""	"{""arg114682"":{""stanceValue"":""1"",""implicitClaim"":false,""segments"":[[""arg114682_00"",""arg114682_01"",""arg114682_02"",""arg114682_03""]]},""arg107492"":{""stanceValue"":""1"",""implicitClaim"":false,""segments"":[[""arg107492_03""]]},""arg35688"":{""stanceValue"":""1"",""implicitClaim"":false,""segments"":[[""arg35688_00""],[""arg35688_08"",""arg35688_09""]]},""arg33312"":{""stanceValue"":""0"",""implicitClaim"":true,""segments"":[]}}"						"I think this HIT is very well-functioning and understandable.  The instructions could have the option to minimize/expand them to reduce screen clutter."	""																																																											"1"	"1"	"1"	"0"	"on"
"382GHPVPHS34VS2MOELWWHD84LG430"	"38TZTS8OLORN2H4JXCIVT14URMTU37"	"Find the main standpoint of an argument (2 mins/HIT on average) [pilot study]"	"Given arguments to various controversies, choose the correct author's standpoint and find it in the text"	"Argumentation, NLP, natural language processing"	"$0.17"	"Tue Jan 03 21:21:19 CET 2017"	"5"	"0"	"0"	"5"	"Reviewable"	"NotReviewed"	"mthit-00008.html"	"600"	"604800"	"Fri Jan 06 21:21:19 CET 2017"	"https://requester.mturk.com/mturk/manageHIT?HITId=382GHPVPHS34VS2MOELWWHD84LG430"	"3RGU30DZTBKY6GQAN5IHM27HWG1MJZ"	"AP29P16515HLS"	"Approved"	"Tue Jan 10 21:31:39 CET 2017"	"Tue Jan 03 21:29:06 CET 2017"	"Tue Jan 03 21:31:39 CET 2017"	"Wed Jan 04 07:47:43 CET 2017"	""	""	""	""	"{""arg114682"":{""stanceValue"":""1"",""implicitClaim"":false,""segments"":[[""arg114682_01"",""arg114682_02"",""arg114682_03""]]},""arg107492"":{""stanceValue"":""0"",""implicitClaim"":false,""segments"":[[""arg107492_03""]]},""arg35688"":{""stanceValue"":""1"",""implicitClaim"":false,""segments"":[[""arg35688_00""]]},""arg33312"":{""stanceValue"":""1"",""implicitClaim"":true,""segments"":[]}}"						""	""																																																											"1"	"0"	"1"	"1"	"on"
"382GHPVPHS34VS2MOELWWHD84LG430"	"38TZTS8OLORN2H4JXCIVT14URMTU37"	"Find the main standpoint of an argument (2 mins/HIT on average) [pilot study]"	"Given arguments to various controversies, choose the correct author's standpoint and find it in the text"	"Argumentation, NLP, natural language processing"	"$0.17"	"Tue Jan 03 21:21:19 CET 2017"	"5"	"0"	"0"	"5"	"Reviewable"	"NotReviewed"	"mthit-00008.html"	"600"	"604800"	"Fri Jan 06 21:21:19 CET 2017"	"https://requester.mturk.com/mturk/manageHIT?HITId=382GHPVPHS34VS2MOELWWHD84LG430"	"3QY5DC2MXSW1EM9NDHIIYEWJGVNUFW"	"AJBJBFO61HXE1"	"Approved"	"Tue Jan 10 21:35:41 CET 2017"	"Tue Jan 03 21:32:26 CET 2017"	"Tue Jan 03 21:35:41 CET 2017"	"Wed Jan 04 07:47:43 CET 2017"	""	""	""	""	"{""arg114682"":{""stanceValue"":""1"",""implicitClaim"":true,""segments"":[]},""arg107492"":{""stanceValue"":""0"",""implicitClaim"":true,""segments"":[]},""arg35688"":{""stanceValue"":""1"",""implicitClaim"":true,""segments"":[]},""arg33312"":{""stanceValue"":""2"",""implicitClaim"":false,""segments"":[]}}"						""	""																																																											"1"	"0"	"1"	"2"		"on"	"on"	"on"	"on"
"3VGET1QSZ0BY5DMT0WU54Q8FTG0W7I"	"38TZTS8OLORN2H4JXCIVT14URMTU37"	"Find the main standpoint of an argument (2 mins/HIT on average) [pilot study]"	"Given arguments to various controversies, choose the correct author's standpoint and find it in the text"	"Argumentation, NLP, natural language processing"	"$0.17"	"Tue Jan 03 21:21:19 CET 2017"	"5"	"0"	"0"	"5"	"Reviewable"	"NotReviewed"	"mthit-00009.html"	"600"	"604800"	"Fri Jan 06 21:21:19 CET 2017"	"https://requester.mturk.com/mturk/manageHIT?HITId=3VGET1QSZ0BY5DMT0WU54Q8FTG0W7I"	"3A1PQ49WVIT5JL9V6JWYQX3ZLD31H2"	"A1GUUOCIDL11VX"	"Approved"	"Tue Jan 10 21:30:44 CET 2017"	"Tue Jan 03 21:29:35 CET 2017"	"Tue Jan 03 21:30:44 CET 2017"	"Wed Jan 04 07:47:43 CET 2017"	""	""	""	""	"{""arg663007"":{""stanceValue"":""1"",""implicitClaim"":false,""segments"":[[""arg663007_00""]]},""arg273139"":{""stanceValue"":""1"",""implicitClaim"":false,""segments"":[[""arg273139_01""]]},""arg589620"":{""stanceValue"":""1"",""implicitClaim"":false,""segments"":[[""arg589620_15"",""arg589620_16"",""arg589620_17""]]},""arg767285"":{""stanceValue"":""2"",""implicitClaim"":false,""segments"":[]}}"						""	""																																																																				"1"	"1"	"1"	"2"
"3VGET1QSZ0BY5DMT0WU54Q8FTG0W7I"	"38TZTS8OLORN2H4JXCIVT14URMTU37"	"Find the main standpoint of an argument (2 mins/HIT on average) [pilot study]"	"Given arguments to various controversies, choose the correct author's standpoint and find it in the text"	"Argumentation, NLP, natural language processing"	"$0.17"	"Tue Jan 03 21:21:19 CET 2017"	"5"	"0"	"0"	"5"	"Reviewable"	"NotReviewed"	"mthit-00009.html"	"600"	"604800"	"Fri Jan 06 21:21:19 CET 2017"	"https://requester.mturk.com/mturk/manageHIT?HITId=3VGET1QSZ0BY5DMT0WU54Q8FTG0W7I"	"3EKVH9QMEZGVWQMP3RDM4VY6LRO2DB"	"A2DVFA1B7NMN0F"	"Approved"	"Tue Jan 10 21:35:03 CET 2017"	"Tue Jan 03 21:31:46 CET 2017"	"Tue Jan 03 21:35:03 CET 2017"	"Wed Jan 04 07:47:43 CET 2017"	""	""	""	""	"{""arg663007"":{""stanceValue"":""1"",""implicitClaim"":false,""segments"":[[""arg663007_00""]]},""arg273139"":{""stanceValue"":""1"",""implicitClaim"":false,""segments"":[[""arg273139_01""]]},""arg589620"":{""stanceValue"":""1"",""implicitClaim"":false,""segments"":[[""arg589620_00""],[""arg589620_18""]]},""arg767285"":{""stanceValue"":""1"",""implicitClaim"":false,""segments"":[[""arg767285_05""]]}}"						""	""																																																																				"1"	"1"	"1"	"1"
"3VGET1QSZ0BY5DMT0WU54Q8FTG0W7I"	"38TZTS8OLORN2H4JXCIVT14URMTU37"	"Find the main standpoint of an argument (2 mins/HIT on average) [pilot study]"	"Given arguments to various controversies, choose the correct author's standpoint and find it in the text"	"Argumentation, NLP, natural language processing"	"$0.17"	"Tue Jan 03 21:21:19 CET 2017"	"5"	"0"	"0"	"5"	"Reviewable"	"NotReviewed"	"mthit-00009.html"	"600"	"604800"	"Fri Jan 06 21:21:19 CET 2017"	"https://requester.mturk.com/mturk/manageHIT?HITId=3VGET1QSZ0BY5DMT0WU54Q8FTG0W7I"	"3P529IW9KZXYVWMT43QH7R0034VFLO"	"A224B7BAQ0MZSN"	"Approved"	"Tue Jan 10 21:37:23 CET 2017"	"Tue Jan 03 21:35:05 CET 2017"	"Tue Jan 03 21:37:23 CET 2017"	"Wed Jan 04 07:47:43 CET 2017"	""	""	""	""	"{""arg663007"":{""stanceValue"":""1"",""implicitClaim"":true,""segments"":[]},""arg273139"":{""stanceValue"":""1"",""implicitClaim"":false,""segments"":[[""arg273139_00"",""arg273139_01"",""arg273139_02"",""arg273139_03""]]},""arg589620"":{""stanceValue"":""1"",""implicitClaim"":false,""segments"":[[""arg589620_15""]]},""arg767285"":{""stanceValue"":""2"",""implicitClaim"":false,""segments"":[]}}"						"The last question does not seem like the two presented standpoint options are completely related to the debate topic, unless they are borrowing heavily from implications instead of what the topic directly stated, so I was not sure about that one."	""																																																																				"1"	"1"	"1"	"2"	"on"
"3VGET1QSZ0BY5DMT0WU54Q8FTG0W7I"	"38TZTS8OLORN2H4JXCIVT14URMTU37"	"Find the main standpoint of an argument (2 mins/HIT on average) [pilot study]"	"Given arguments to various controversies, choose the correct author's standpoint and find it in the text"	"Argumentation, NLP, natural language processing"	"$0.17"	"Tue Jan 03 21:21:19 CET 2017"	"5"	"0"	"0"	"5"	"Reviewable"	"NotReviewed"	"mthit-00009.html"	"600"	"604800"	"Fri Jan 06 21:21:19 CET 2017"	"https://requester.mturk.com/mturk/manageHIT?HITId=3VGET1QSZ0BY5DMT0WU54Q8FTG0W7I"	"308Q0PEVB9PN4LNAGETC5FMXJ27I9M"	"A2F1JTU06CO6VD"	"Approved"	"Tue Jan 10 21:49:30 CET 2017"	"Tue Jan 03 21:45:43 CET 2017"	"Tue Jan 03 21:49:30 CET 2017"	"Wed Jan 04 07:47:43 CET 2017"	""	""	""	""	"{""arg663007"":{""stanceValue"":""1"",""implicitClaim"":true,""segments"":[]},""arg273139"":{""stanceValue"":""1"",""implicitClaim"":true,""segments"":[]},""arg589620"":{""stanceValue"":""1"",""implicitClaim"":true,""segments"":[]},""arg767285"":{""stanceValue"":""2"",""implicitClaim"":false,""segments"":[]}}"						""	""																																																																				"1"	"1"	"1"	"2"	"on"	"on"	"on"
"3VGET1QSZ0BY5DMT0WU54Q8FTG0W7I"	"38TZTS8OLORN2H4JXCIVT14URMTU37"	"Find the main standpoint of an argument (2 mins/HIT on average) [pilot study]"	"Given arguments to various controversies, choose the correct author's standpoint and find it in the text"	"Argumentation, NLP, natural language processing"	"$0.17"	"Tue Jan 03 21:21:19 CET 2017"	"5"	"0"	"0"	"5"	"Reviewable"	"NotReviewed"	"mthit-00009.html"	"600"	"604800"	"Fri Jan 06 21:21:19 CET 2017"	"https://requester.mturk.com/mturk/manageHIT?HITId=3VGET1QSZ0BY5DMT0WU54Q8FTG0W7I"	"3G0WWMR1UWWLALFNUWHQWI83F17QNY"	"AVXWE0AHJKQ0P"	"Approved"	"Tue Jan 10 22:17:53 CET 2017"	"Tue Jan 03 22:11:32 CET 2017"	"Tue Jan 03 22:17:53 CET 2017"	"Wed Jan 04 07:47:43 CET 2017"	""	""	""	""	"{""arg663007"":{""stanceValue"":""1"",""implicitClaim"":true,""segments"":[]},""arg273139"":{""stanceValue"":""1"",""implicitClaim"":false,""segments"":[[""arg273139_01""]]},""arg589620"":{""stanceValue"":""1"",""implicitClaim"":false,""segments"":[[""arg589620_15"",""arg589620_16"",""arg589620_17""]]},""arg767285"":{""stanceValue"":""2"",""implicitClaim"":false,""segments"":[]}}"						""	""																																																																				"1"	"1"	"1"	"2"	"on"		
