"hitid"	"hittypeid"	"title"	"description"	"keywords"	"reward"	"creationtime"	"assignments"	"numavailable"	"numpending"	"numcomplete"	"hitstatus"	"reviewstatus"	"annotation"	"assignmentduration"	"autoapprovaldelay"	"hitlifetime"	"viewhit"	"assignmentid"	"workerid"	"assignmentstatus"	"autoapprovaltime"	"assignmentaccepttime"	"assignmentsubmittime"	"assignmentapprovaltime"	"assignmentrejecttime"	"deadline"	"feedback"	"reject"	"Answer.collectedAnnotationResults"	"Answer.15332663_familiarGroup"	"Answer.5448788_noReasons"	"Answer.5448788_familiarGroup"	"Answer.18047102_noReasons"	"Answer.18047102_familiarGroup"	"Answer.feedback"	"Answer.Submit HIT"	"Answer.20929330_familiarGroup"	"Answer.18240881_familiarGroup"	"Answer.8062872_familiarGroup"	"Answer.20929330_noReasons"	"Answer.5481449_familiarGroup"	"Answer.6892783_familiarGroup"	"Answer.6540157_familiarGroup"	"Answer.6540157_noReasons"	"Answer.5481449_noReasons"	"Answer.6892783_noReasons"	"Answer.8828552_familiarGroup"	"Answer.18641085_familiarGroup"	"Answer.20644706_familiarGroup"	"Answer.18641085_noReasons"	"Answer.8828552_noReasons"	"Answer.5373430_familiarGroup"	"Answer.6024976_familiarGroup"	"Answer.6038371_noReasons"	"Answer.6038371_familiarGroup"	"Answer.16318175_familiarGroup"	"Answer.17977461_familiarGroup"	"Answer.13085698_familiarGroup"	"Answer.13085698_noReasons"	"Answer.16318175_noReasons"	"Answer.17977461_noReasons"	"Answer.12013232_familiarGroup"	"Answer.11670084_familiarGroup"	"Answer.16628414_familiarGroup"	"Answer.12013232_noReasons"	"Answer.16628414_noReasons"	"Answer.11670084_noReasons"	"Answer.9182092_familiarGroup"	"Answer.20925757_noReasons"	"Answer.20925757_familiarGroup"	"Answer.4595363_familiarGroup"	"Answer.2700850_familiarGroup"	"Answer.19586342_familiarGroup"	"Answer.8834046_familiarGroup"	"Answer.19586342_noReasons"	"Answer.8834046_noReasons"	"Answer.15163742_familiarGroup"	"Answer.16962419_familiarGroup"	"Answer.9841537_noReasons"	"Answer.9841537_familiarGroup"	"Answer.16962419_noReasons"	"Answer.15163742_noReasons"
"3GKAWYFRAP5O2DQ2FNJWCOAFNKUDP8"	"37BTIVOV5A1KKZ1W6J6G3LCLMT8JK5"	"Find reasons given in the argument (2-3 mins/HIT on average) [pilot study]"	"Given arguments to various controversies, find all reasons give by the author"	"Argumentation, NLP, natural language processing"	"$0.21"	"Wed Feb 15 15:51:49 CET 2017"	"7"	"0"	"0"	"7"	"Reviewable"	"NotReviewed"	"mthit-00000.html"	"600"	"604800"	"Mon Feb 20 15:51:49 CET 2017"	"https://requester.mturk.com/mturk/manageHIT?HITId=3GKAWYFRAP5O2DQ2FNJWCOAFNKUDP8"	"3KKG4CDWKJATWEOVVPR8BECEI6P94T"	"A3TQKAOIJSPPRB"	"Approved"	"Wed Feb 22 18:25:59 CET 2017"	"Wed Feb 15 18:24:31 CET 2017"	"Wed Feb 15 18:25:59 CET 2017"	"Thu Feb 16 11:20:15 CET 2017"	""	""	""	""	"{""5448788"":{""familiarSelected"":""yes"",""noReasons"":true,""segments"":[]},""15332663"":{""familiarSelected"":""yes"",""noReasons"":false,""segments"":[[""15332663_03"",""15332663_04"",""15332663_05""]]},""18047102"":{""familiarSelected"":""no"",""noReasons"":true,""segments"":[]}}"	"yes"	"on"	"yes"	"on"	"no"	""	""
"3GKAWYFRAP5O2DQ2FNJWCOAFNKUDP8"	"37BTIVOV5A1KKZ1W6J6G3LCLMT8JK5"	"Find reasons given in the argument (2-3 mins/HIT on average) [pilot study]"	"Given arguments to various controversies, find all reasons give by the author"	"Argumentation, NLP, natural language processing"	"$0.21"	"Wed Feb 15 15:51:49 CET 2017"	"7"	"0"	"0"	"7"	"Reviewable"	"NotReviewed"	"mthit-00000.html"	"600"	"604800"	"Mon Feb 20 15:51:49 CET 2017"	"https://requester.mturk.com/mturk/manageHIT?HITId=3GKAWYFRAP5O2DQ2FNJWCOAFNKUDP8"	"33PPO7FECWRZ7B0RSUYERB5NE9EDI2"	"A12ZW89N0D9E2Y"	"Approved"	"Wed Feb 22 20:51:43 CET 2017"	"Wed Feb 15 20:50:14 CET 2017"	"Wed Feb 15 20:51:43 CET 2017"	"Thu Feb 16 11:20:15 CET 2017"	""	""	""	""	"{""5448788"":{""familiarSelected"":""no"",""noReasons"":false,""segments"":[[""5448788_02""]]},""15332663"":{""familiarSelected"":""no"",""noReasons"":false,""segments"":[[""15332663_05""]]},""18047102"":{""familiarSelected"":""no"",""noReasons"":true,""segments"":[]}}"	"no"		"no"	"on"	"no"	""	""
"3GKAWYFRAP5O2DQ2FNJWCOAFNKUDP8"	"37BTIVOV5A1KKZ1W6J6G3LCLMT8JK5"	"Find reasons given in the argument (2-3 mins/HIT on average) [pilot study]"	"Given arguments to various controversies, find all reasons give by the author"	"Argumentation, NLP, natural language processing"	"$0.21"	"Wed Feb 15 15:51:49 CET 2017"	"7"	"0"	"0"	"7"	"Reviewable"	"NotReviewed"	"mthit-00000.html"	"600"	"604800"	"Mon Feb 20 15:51:49 CET 2017"	"https://requester.mturk.com/mturk/manageHIT?HITId=3GKAWYFRAP5O2DQ2FNJWCOAFNKUDP8"	"3ITXP059PXV14B3F72E3YB6NSSOSJ0"	"AQK9RIOA9FURX"	"Approved"	"Thu Feb 23 04:16:48 CET 2017"	"Thu Feb 16 04:13:30 CET 2017"	"Thu Feb 16 04:16:48 CET 2017"	"Thu Feb 16 11:20:15 CET 2017"	""	""	""	""	"{""5448788"":{""familiarSelected"":""yes"",""noReasons"":false,""segments"":[[""5448788_02""]]},""15332663"":{""familiarSelected"":""yes"",""noReasons"":false,""segments"":[[""15332663_05""]]},""18047102"":{""familiarSelected"":""no"",""noReasons"":true,""segments"":[]}}"	"yes"		"yes"	"on"	"no"	""	""
"3GKAWYFRAP5O2DQ2FNJWCOAFNKUDP8"	"37BTIVOV5A1KKZ1W6J6G3LCLMT8JK5"	"Find reasons given in the argument (2-3 mins/HIT on average) [pilot study]"	"Given arguments to various controversies, find all reasons give by the author"	"Argumentation, NLP, natural language processing"	"$0.21"	"Wed Feb 15 15:51:49 CET 2017"	"7"	"0"	"0"	"7"	"Reviewable"	"NotReviewed"	"mthit-00000.html"	"600"	"604800"	"Mon Feb 20 15:51:49 CET 2017"	"https://requester.mturk.com/mturk/manageHIT?HITId=3GKAWYFRAP5O2DQ2FNJWCOAFNKUDP8"	"33F859I567P6WJRN8GPNW9G8BD5BHM"	"A2U31V169A20GY"	"Approved"	"Thu Feb 23 05:15:26 CET 2017"	"Thu Feb 16 05:12:27 CET 2017"	"Thu Feb 16 05:15:26 CET 2017"	"Thu Feb 16 11:20:15 CET 2017"	""	""	""	""	"{""5448788"":{""familiarSelected"":""yes"",""noReasons"":false,""segments"":[[""5448788_02""]]},""15332663"":{""familiarSelected"":""no"",""noReasons"":false,""segments"":[[""15332663_05"",""15332663_06"",""15332663_07"",""15332663_08""]]},""18047102"":{""familiarSelected"":""no"",""noReasons"":false,""segments"":[[""18047102_01""]]}}"	"no"		"yes"		"no"	""	""
"3GKAWYFRAP5O2DQ2FNJWCOAFNKUDP8"	"37BTIVOV5A1KKZ1W6J6G3LCLMT8JK5"	"Find reasons given in the argument (2-3 mins/HIT on average) [pilot study]"	"Given arguments to various controversies, find all reasons give by the author"	"Argumentation, NLP, natural language processing"	"$0.21"	"Wed Feb 15 15:51:49 CET 2017"	"7"	"0"	"0"	"7"	"Reviewable"	"NotReviewed"	"mthit-00000.html"	"600"	"604800"	"Mon Feb 20 15:51:49 CET 2017"	"https://requester.mturk.com/mturk/manageHIT?HITId=3GKAWYFRAP5O2DQ2FNJWCOAFNKUDP8"	"3WMOAN2SRC9DFTB4GVB0257B0K7NVW"	"A20L30IQAESIO"	"Approved"	"Fri Feb 24 04:57:14 CET 2017"	"Fri Feb 17 04:56:12 CET 2017"	"Fri Feb 17 04:57:14 CET 2017"	"Sun Feb 19 09:47:36 CET 2017"	""	""	""	""	"{""5448788"":{""familiarSelected"":""yes"",""noReasons"":false,""segments"":[]},""15332663"":{""familiarSelected"":""yes"",""noReasons"":false,""segments"":[]},""18047102"":{""familiarSelected"":""yes"",""noReasons"":false,""segments"":[]}}"	"yes"		"yes"		"yes"	"No feedback"	
"3GKAWYFRAP5O2DQ2FNJWCOAFNKUDP8"	"37BTIVOV5A1KKZ1W6J6G3LCLMT8JK5"	"Find reasons given in the argument (2-3 mins/HIT on average) [pilot study]"	"Given arguments to various controversies, find all reasons give by the author"	"Argumentation, NLP, natural language processing"	"$0.21"	"Wed Feb 15 15:51:49 CET 2017"	"7"	"0"	"0"	"7"	"Reviewable"	"NotReviewed"	"mthit-00000.html"	"600"	"604800"	"Mon Feb 20 15:51:49 CET 2017"	"https://requester.mturk.com/mturk/manageHIT?HITId=3GKAWYFRAP5O2DQ2FNJWCOAFNKUDP8"	"3LWJHTCVCDY9MT26W8YDODZUH1GFQX"	"AYWZR2UFKGHVQ"	"Approved"	"Fri Feb 24 07:00:07 CET 2017"	"Fri Feb 17 06:57:31 CET 2017"	"Fri Feb 17 07:00:07 CET 2017"	"Sun Feb 19 09:47:36 CET 2017"	""	""	""	""	"{""5448788"":{""familiarSelected"":""yes"",""noReasons"":false,""segments"":[[""5448788_00"",""5448788_01""],[""5448788_02""]]},""15332663"":{""familiarSelected"":""no"",""noReasons"":false,""segments"":[[""15332663_05"",""15332663_06""],[""15332663_07""],[""15332663_09""]]},""18047102"":{""familiarSelected"":""yes"",""noReasons"":false,""segments"":[[""18047102_00"",""18047102_01""]]}}"	"no"		"yes"		"yes"	""	""
"3GKAWYFRAP5O2DQ2FNJWCOAFNKUDP8"	"37BTIVOV5A1KKZ1W6J6G3LCLMT8JK5"	"Find reasons given in the argument (2-3 mins/HIT on average) [pilot study]"	"Given arguments to various controversies, find all reasons give by the author"	"Argumentation, NLP, natural language processing"	"$0.21"	"Wed Feb 15 15:51:49 CET 2017"	"7"	"0"	"0"	"7"	"Reviewable"	"NotReviewed"	"mthit-00000.html"	"600"	"604800"	"Mon Feb 20 15:51:49 CET 2017"	"https://requester.mturk.com/mturk/manageHIT?HITId=3GKAWYFRAP5O2DQ2FNJWCOAFNKUDP8"	"3FTYUGLFSVXNVN5CLAFK221I9U7D55"	"A30R4A7I6TVGQS"	"Approved"	"Fri Feb 24 20:39:25 CET 2017"	"Fri Feb 17 20:37:39 CET 2017"	"Fri Feb 17 20:39:25 CET 2017"	"Sun Feb 19 09:47:36 CET 2017"	""	""	""	""	"{""5448788"":{""familiarSelected"":""yes"",""noReasons"":false,""segments"":[[""5448788_00"",""5448788_01""],[""5448788_02""]]},""15332663"":{""familiarSelected"":""yes"",""noReasons"":false,""segments"":[[""15332663_05""]]},""18047102"":{""familiarSelected"":""no"",""noReasons"":true,""segments"":[]}}"	"yes"		"yes"	"on"	"no"	""	""
"35A1YQPVFES1HEO5NMBT5FLBOP15IG"	"37BTIVOV5A1KKZ1W6J6G3LCLMT8JK5"	"Find reasons given in the argument (2-3 mins/HIT on average) [pilot study]"	"Given arguments to various controversies, find all reasons give by the author"	"Argumentation, NLP, natural language processing"	"$0.21"	"Wed Feb 15 15:51:49 CET 2017"	"7"	"0"	"0"	"7"	"Reviewable"	"NotReviewed"	"mthit-00001.html"	"600"	"604800"	"Mon Feb 20 15:51:49 CET 2017"	"https://requester.mturk.com/mturk/manageHIT?HITId=35A1YQPVFES1HEO5NMBT5FLBOP15IG"	"33M4IA01QHDQYG8R9HTZZA96HN0XRJ"	"A3TQKAOIJSPPRB"	"Approved"	"Wed Feb 22 18:33:12 CET 2017"	"Wed Feb 15 18:32:04 CET 2017"	"Wed Feb 15 18:33:12 CET 2017"	"Thu Feb 16 11:20:15 CET 2017"	""	""	""	""	"{""8062872"":{""familiarSelected"":""yes"",""noReasons"":false,""segments"":[[""8062872_11"",""8062872_12"",""8062872_13"",""8062872_14"",""8062872_15"",""8062872_16"",""8062872_17""]]},""18240881"":{""familiarSelected"":""yes"",""noReasons"":false,""segments"":[[""18240881_00"",""18240881_01"",""18240881_02""]]},""20929330"":{""familiarSelected"":""yes"",""noReasons"":false,""segments"":[[""20929330_12""]]}}"						""	""	"yes"	"yes"	"yes"
"35A1YQPVFES1HEO5NMBT5FLBOP15IG"	"37BTIVOV5A1KKZ1W6J6G3LCLMT8JK5"	"Find reasons given in the argument (2-3 mins/HIT on average) [pilot study]"	"Given arguments to various controversies, find all reasons give by the author"	"Argumentation, NLP, natural language processing"	"$0.21"	"Wed Feb 15 15:51:49 CET 2017"	"7"	"0"	"0"	"7"	"Reviewable"	"NotReviewed"	"mthit-00001.html"	"600"	"604800"	"Mon Feb 20 15:51:49 CET 2017"	"https://requester.mturk.com/mturk/manageHIT?HITId=35A1YQPVFES1HEO5NMBT5FLBOP15IG"	"3MAOD8E57RM5JIGZGACIQQ4WGS4NXI"	"A2U31V169A20GY"	"Approved"	"Thu Feb 23 05:30:18 CET 2017"	"Thu Feb 16 05:27:45 CET 2017"	"Thu Feb 16 05:30:18 CET 2017"	"Thu Feb 16 11:20:15 CET 2017"	""	""	""	""	"{""8062872"":{""familiarSelected"":""no"",""noReasons"":false,""segments"":[[""8062872_04"",""8062872_05"",""8062872_06""],[""8062872_09""],[""8062872_10""],[""8062872_12""],[""8062872_13""],[""8062872_14"",""8062872_15""],[""8062872_17""]]},""18240881"":{""familiarSelected"":""no"",""noReasons"":false,""segments"":[[""18240881_00""],[""18240881_01""],[""18240881_02""],[""18240881_03""],[""18240881_04""],[""18240881_06""]]},""20929330"":{""familiarSelected"":""no"",""noReasons"":false,""segments"":[[""20929330_12""]]}}"						""	""	"no"	"no"	"no"
"35A1YQPVFES1HEO5NMBT5FLBOP15IG"	"37BTIVOV5A1KKZ1W6J6G3LCLMT8JK5"	"Find reasons given in the argument (2-3 mins/HIT on average) [pilot study]"	"Given arguments to various controversies, find all reasons give by the author"	"Argumentation, NLP, natural language processing"	"$0.21"	"Wed Feb 15 15:51:49 CET 2017"	"7"	"0"	"0"	"7"	"Reviewable"	"NotReviewed"	"mthit-00001.html"	"600"	"604800"	"Mon Feb 20 15:51:49 CET 2017"	"https://requester.mturk.com/mturk/manageHIT?HITId=35A1YQPVFES1HEO5NMBT5FLBOP15IG"	"3QJOXOW4XK3QV04I947QPMUPVXKMEB"	"A2B1YSMEHN1G2K"	"Approved"	"Thu Feb 23 12:15:44 CET 2017"	"Thu Feb 16 12:13:46 CET 2017"	"Thu Feb 16 12:15:44 CET 2017"	"Sun Feb 19 09:47:36 CET 2017"	""	""	""	""	"{""8062872"":{""familiarSelected"":""yes"",""noReasons"":false,""segments"":[[""8062872_11""],[""8062872_12"",""8062872_13""],[""8062872_14"",""8062872_15""]]},""18240881"":{""familiarSelected"":""yes"",""noReasons"":false,""segments"":[[""18240881_00"",""18240881_01"",""18240881_02"",""18240881_03""]]},""20929330"":{""familiarSelected"":""yes"",""noReasons"":true,""segments"":[]}}"						"This hit worked fine"	""	"yes"	"yes"	"yes"	"on"
"35A1YQPVFES1HEO5NMBT5FLBOP15IG"	"37BTIVOV5A1KKZ1W6J6G3LCLMT8JK5"	"Find reasons given in the argument (2-3 mins/HIT on average) [pilot study]"	"Given arguments to various controversies, find all reasons give by the author"	"Argumentation, NLP, natural language processing"	"$0.21"	"Wed Feb 15 15:51:49 CET 2017"	"7"	"0"	"0"	"7"	"Reviewable"	"NotReviewed"	"mthit-00001.html"	"600"	"604800"	"Mon Feb 20 15:51:49 CET 2017"	"https://requester.mturk.com/mturk/manageHIT?HITId=35A1YQPVFES1HEO5NMBT5FLBOP15IG"	"3IAEQB9FMFWH86KWHB2TS2EVTPHDWO"	"AYWZR2UFKGHVQ"	"Approved"	"Fri Feb 24 07:01:59 CET 2017"	"Fri Feb 17 07:00:15 CET 2017"	"Fri Feb 17 07:01:59 CET 2017"	"Sun Feb 19 09:47:36 CET 2017"	""	""	""	""	"{""8062872"":{""familiarSelected"":""yes"",""noReasons"":false,""segments"":[[""8062872_11"",""8062872_12""],[""8062872_13"",""8062872_14"",""8062872_15""]]},""18240881"":{""familiarSelected"":""no"",""noReasons"":false,""segments"":[[""18240881_03"",""18240881_04""],[""18240881_05"",""18240881_06""]]},""20929330"":{""familiarSelected"":""yes"",""noReasons"":true,""segments"":[]}}"						""	""	"yes"	"no"	"yes"	"on"
"35A1YQPVFES1HEO5NMBT5FLBOP15IG"	"37BTIVOV5A1KKZ1W6J6G3LCLMT8JK5"	"Find reasons given in the argument (2-3 mins/HIT on average) [pilot study]"	"Given arguments to various controversies, find all reasons give by the author"	"Argumentation, NLP, natural language processing"	"$0.21"	"Wed Feb 15 15:51:49 CET 2017"	"7"	"0"	"0"	"7"	"Reviewable"	"NotReviewed"	"mthit-00001.html"	"600"	"604800"	"Mon Feb 20 15:51:49 CET 2017"	"https://requester.mturk.com/mturk/manageHIT?HITId=35A1YQPVFES1HEO5NMBT5FLBOP15IG"	"3SEPORI8WOBN4UMP8OVY1507PQIZAW"	"A30R4A7I6TVGQS"	"Approved"	"Fri Feb 24 20:46:24 CET 2017"	"Fri Feb 17 20:44:40 CET 2017"	"Fri Feb 17 20:46:24 CET 2017"	"Sun Feb 19 09:47:36 CET 2017"	""	""	""	""	"{""8062872"":{""familiarSelected"":""yes"",""noReasons"":false,""segments"":[[""8062872_11"",""8062872_12"",""8062872_13"",""8062872_14"",""8062872_15""]]},""18240881"":{""familiarSelected"":""yes"",""noReasons"":false,""segments"":[[""18240881_00"",""18240881_01"",""18240881_02""],[""18240881_03"",""18240881_04"",""18240881_05"",""18240881_06""]]},""20929330"":{""familiarSelected"":""yes"",""noReasons"":false,""segments"":[[""20929330_12""]]}}"						""	""	"yes"	"yes"	"yes"	
"35A1YQPVFES1HEO5NMBT5FLBOP15IG"	"37BTIVOV5A1KKZ1W6J6G3LCLMT8JK5"	"Find reasons given in the argument (2-3 mins/HIT on average) [pilot study]"	"Given arguments to various controversies, find all reasons give by the author"	"Argumentation, NLP, natural language processing"	"$0.21"	"Wed Feb 15 15:51:49 CET 2017"	"7"	"0"	"0"	"7"	"Reviewable"	"NotReviewed"	"mthit-00001.html"	"600"	"604800"	"Mon Feb 20 15:51:49 CET 2017"	"https://requester.mturk.com/mturk/manageHIT?HITId=35A1YQPVFES1HEO5NMBT5FLBOP15IG"	"3DY4FPOOA20YUR3W92SHBPCL1L8VRC"	"A19CSTRCH1NAJ7"	"Approved"	"Sat Feb 25 17:48:32 CET 2017"	"Sat Feb 18 17:44:40 CET 2017"	"Sat Feb 18 17:48:32 CET 2017"	"Sun Feb 19 09:47:36 CET 2017"	""	""	""	""	"{""8062872"":{""familiarSelected"":""yes"",""noReasons"":false,""segments"":[[""8062872_11"",""8062872_12"",""8062872_13"",""8062872_14"",""8062872_15""]]},""18240881"":{""familiarSelected"":""yes"",""noReasons"":false,""segments"":[[""18240881_00"",""18240881_01"",""18240881_02"",""18240881_03""],[""18240881_04""],[""18240881_06""]]},""20929330"":{""familiarSelected"":""yes"",""noReasons"":false,""segments"":[[""20929330_12""]]}}"						""	""	"yes"	"yes"	"yes"	
"35A1YQPVFES1HEO5NMBT5FLBOP15IG"	"37BTIVOV5A1KKZ1W6J6G3LCLMT8JK5"	"Find reasons given in the argument (2-3 mins/HIT on average) [pilot study]"	"Given arguments to various controversies, find all reasons give by the author"	"Argumentation, NLP, natural language processing"	"$0.21"	"Wed Feb 15 15:51:49 CET 2017"	"7"	"0"	"0"	"7"	"Reviewable"	"NotReviewed"	"mthit-00001.html"	"600"	"604800"	"Mon Feb 20 15:51:49 CET 2017"	"https://requester.mturk.com/mturk/manageHIT?HITId=35A1YQPVFES1HEO5NMBT5FLBOP15IG"	"3K9FOBBF2IVAJOZA2R9UFW999R2LNI"	"AM0BRJN73OG11"	"Approved"	"Sat Feb 25 22:44:27 CET 2017"	"Sat Feb 18 22:41:20 CET 2017"	"Sat Feb 18 22:44:27 CET 2017"	"Sun Feb 19 09:47:36 CET 2017"	""	""	""	""	"{""8062872"":{""familiarSelected"":""yes"",""noReasons"":false,""segments"":[[""8062872_11"",""8062872_12"",""8062872_13"",""8062872_14"",""8062872_15"",""8062872_16"",""8062872_17""]]},""18240881"":{""familiarSelected"":""no"",""noReasons"":false,""segments"":[[""18240881_00"",""18240881_01"",""18240881_02""],[""18240881_03""],[""18240881_06""]]},""20929330"":{""familiarSelected"":""yes"",""noReasons"":false,""segments"":[[""20929330_12""]]}}"						"Would be helpful if there was an in between for ""Are you familiar with the topic?"" - a ""somewhat familiar"" answer option would make it easier to answer the question. Or clarify what you mean by being ""familiar"" with a  topic. "	""	"yes"	"no"	"yes"	
"373L46LKP7I0U8TECR0ZJ5JTYULKJS"	"37BTIVOV5A1KKZ1W6J6G3LCLMT8JK5"	"Find reasons given in the argument (2-3 mins/HIT on average) [pilot study]"	"Given arguments to various controversies, find all reasons give by the author"	"Argumentation, NLP, natural language processing"	"$0.21"	"Wed Feb 15 15:51:49 CET 2017"	"7"	"0"	"0"	"7"	"Reviewable"	"NotReviewed"	"mthit-00002.html"	"600"	"604800"	"Mon Feb 20 15:51:49 CET 2017"	"https://requester.mturk.com/mturk/manageHIT?HITId=373L46LKP7I0U8TECR0ZJ5JTYULKJS"	"35K3O9HUACPKPQC1NH3DUWAGYS1EFH"	"A1QFL2GS6L26HG"	"Approved"	"Wed Feb 22 16:14:43 CET 2017"	"Wed Feb 15 16:07:14 CET 2017"	"Wed Feb 15 16:14:43 CET 2017"	"Thu Feb 16 11:20:15 CET 2017"	""	""	""	""	"{""5481449"":{""familiarSelected"":""yes"",""noReasons"":false,""segments"":[[""5481449_01""],[""5481449_03"",""5481449_04"",""5481449_05""]]},""6540157"":{""familiarSelected"":""yes"",""noReasons"":false,""segments"":[[""6540157_01"",""6540157_02""],[""6540157_07""]]},""6892783"":{""familiarSelected"":""yes"",""noReasons"":false,""segments"":[[""6892783_00"",""6892783_01""],[""6892783_07"",""6892783_08""],[""6892783_18"",""6892783_19"",""6892783_20"",""6892783_21"",""6892783_22""]]}}"						"I think that the design of the HIT could be a bit cleaner. That is, use more visually-pleasing colors and consistent text sizes."	""					"yes"	"yes"	"yes"
"373L46LKP7I0U8TECR0ZJ5JTYULKJS"	"37BTIVOV5A1KKZ1W6J6G3LCLMT8JK5"	"Find reasons given in the argument (2-3 mins/HIT on average) [pilot study]"	"Given arguments to various controversies, find all reasons give by the author"	"Argumentation, NLP, natural language processing"	"$0.21"	"Wed Feb 15 15:51:49 CET 2017"	"7"	"0"	"0"	"7"	"Reviewable"	"NotReviewed"	"mthit-00002.html"	"600"	"604800"	"Mon Feb 20 15:51:49 CET 2017"	"https://requester.mturk.com/mturk/manageHIT?HITId=373L46LKP7I0U8TECR0ZJ5JTYULKJS"	"3WZ36BJEV4SW1SII8A6CASJWM57TBH"	"A3TQKAOIJSPPRB"	"Approved"	"Wed Feb 22 18:10:49 CET 2017"	"Wed Feb 15 18:10:12 CET 2017"	"Wed Feb 15 18:10:49 CET 2017"	"Thu Feb 16 11:20:15 CET 2017"	""	""	""	""	"{""5481449"":{""familiarSelected"":""yes"",""noReasons"":false,""segments"":[[""5481449_01""]]},""6540157"":{""familiarSelected"":""yes"",""noReasons"":false,""segments"":[[""6540157_01"",""6540157_02""]]},""6892783"":{""familiarSelected"":""yes"",""noReasons"":false,""segments"":[[""6892783_18""]]}}"						""	""					"yes"	"yes"	"yes"
"373L46LKP7I0U8TECR0ZJ5JTYULKJS"	"37BTIVOV5A1KKZ1W6J6G3LCLMT8JK5"	"Find reasons given in the argument (2-3 mins/HIT on average) [pilot study]"	"Given arguments to various controversies, find all reasons give by the author"	"Argumentation, NLP, natural language processing"	"$0.21"	"Wed Feb 15 15:51:49 CET 2017"	"7"	"0"	"0"	"7"	"Reviewable"	"NotReviewed"	"mthit-00002.html"	"600"	"604800"	"Mon Feb 20 15:51:49 CET 2017"	"https://requester.mturk.com/mturk/manageHIT?HITId=373L46LKP7I0U8TECR0ZJ5JTYULKJS"	"32SVAV9L3GLMJ1FWNH0PX4VSAOIA3V"	"A12ZW89N0D9E2Y"	"Approved"	"Wed Feb 22 20:15:16 CET 2017"	"Wed Feb 15 20:12:36 CET 2017"	"Wed Feb 15 20:15:16 CET 2017"	"Thu Feb 16 11:20:15 CET 2017"	""	""	""	""	"{""5481449"":{""familiarSelected"":""no"",""noReasons"":false,""segments"":[[""5481449_01""],[""5481449_06"",""5481449_07"",""5481449_08""]]},""6540157"":{""familiarSelected"":""no"",""noReasons"":true,""segments"":[]},""6892783"":{""familiarSelected"":""no"",""noReasons"":false,""segments"":[[""6892783_00"",""6892783_01"",""6892783_02"",""6892783_03""],[""6892783_18""]]}}"						""	""					"no"	"no"	"no"	"on"
"373L46LKP7I0U8TECR0ZJ5JTYULKJS"	"37BTIVOV5A1KKZ1W6J6G3LCLMT8JK5"	"Find reasons given in the argument (2-3 mins/HIT on average) [pilot study]"	"Given arguments to various controversies, find all reasons give by the author"	"Argumentation, NLP, natural language processing"	"$0.21"	"Wed Feb 15 15:51:49 CET 2017"	"7"	"0"	"0"	"7"	"Reviewable"	"NotReviewed"	"mthit-00002.html"	"600"	"604800"	"Mon Feb 20 15:51:49 CET 2017"	"https://requester.mturk.com/mturk/manageHIT?HITId=373L46LKP7I0U8TECR0ZJ5JTYULKJS"	"30JNVC0ORAWT0PTCRYMDRYB7XC1QH6"	"A8GWYS9O8FUEK"	"Approved"	"Thu Feb 23 04:36:35 CET 2017"	"Thu Feb 16 04:33:59 CET 2017"	"Thu Feb 16 04:36:35 CET 2017"	"Thu Feb 16 11:20:15 CET 2017"	""	""	""	""	"{""5481449"":{""familiarSelected"":""no"",""noReasons"":false,""segments"":[[""5481449_03"",""5481449_04"",""5481449_05""]]},""6540157"":{""familiarSelected"":""no"",""noReasons"":true,""segments"":[]},""6892783"":{""familiarSelected"":""no"",""noReasons"":false,""segments"":[[""6892783_18""]]}}"						""	""					"no"	"no"	"no"	"on"
"373L46LKP7I0U8TECR0ZJ5JTYULKJS"	"37BTIVOV5A1KKZ1W6J6G3LCLMT8JK5"	"Find reasons given in the argument (2-3 mins/HIT on average) [pilot study]"	"Given arguments to various controversies, find all reasons give by the author"	"Argumentation, NLP, natural language processing"	"$0.21"	"Wed Feb 15 15:51:49 CET 2017"	"7"	"0"	"0"	"7"	"Reviewable"	"NotReviewed"	"mthit-00002.html"	"600"	"604800"	"Mon Feb 20 15:51:49 CET 2017"	"https://requester.mturk.com/mturk/manageHIT?HITId=373L46LKP7I0U8TECR0ZJ5JTYULKJS"	"35USIKEBNSSS03W3FN3SQDRCJO46N6"	"A2U31V169A20GY"	"Approved"	"Thu Feb 23 05:25:32 CET 2017"	"Thu Feb 16 05:19:19 CET 2017"	"Thu Feb 16 05:25:32 CET 2017"	"Thu Feb 16 11:20:16 CET 2017"	""	""	""	""	"{""5481449"":{""familiarSelected"":""yes"",""noReasons"":false,""segments"":[[""5481449_01""],[""5481449_02""],[""5481449_03"",""5481449_04""],[""5481449_05""],[""5481449_06""],[""5481449_07"",""5481449_08""]]},""6540157"":{""familiarSelected"":""no"",""noReasons"":false,""segments"":[[""6540157_01""],[""6540157_02""]]},""6892783"":{""familiarSelected"":""no"",""noReasons"":false,""segments"":[[""6892783_00"",""6892783_01""],[""6892783_02"",""6892783_03""],[""6892783_04""],[""6892783_05""],[""6892783_06""],[""6892783_07""],[""6892783_08""],[""6892783_18""],[""6892783_19""],[""6892783_20""],[""6892783_21""],[""6892783_22""]]}}"						""	""					"yes"	"no"	"no"	
"373L46LKP7I0U8TECR0ZJ5JTYULKJS"	"37BTIVOV5A1KKZ1W6J6G3LCLMT8JK5"	"Find reasons given in the argument (2-3 mins/HIT on average) [pilot study]"	"Given arguments to various controversies, find all reasons give by the author"	"Argumentation, NLP, natural language processing"	"$0.21"	"Wed Feb 15 15:51:49 CET 2017"	"7"	"0"	"0"	"7"	"Reviewable"	"NotReviewed"	"mthit-00002.html"	"600"	"604800"	"Mon Feb 20 15:51:49 CET 2017"	"https://requester.mturk.com/mturk/manageHIT?HITId=373L46LKP7I0U8TECR0ZJ5JTYULKJS"	"3ZAZR5XV02UBX9JNS2RP70QVPPOZCB"	"A2B1YSMEHN1G2K"	"Approved"	"Thu Feb 23 12:09:23 CET 2017"	"Thu Feb 16 12:06:04 CET 2017"	"Thu Feb 16 12:09:23 CET 2017"	"Sun Feb 19 09:47:36 CET 2017"	""	""	""	""	"{""5481449"":{""familiarSelected"":""no"",""noReasons"":true,""segments"":[]},""6540157"":{""familiarSelected"":""yes"",""noReasons"":true,""segments"":[]},""6892783"":{""familiarSelected"":""no"",""noReasons"":true,""segments"":[]}}"						"Thank you for the opportunity. For some reason the hit doesnt allow me to subit without chexking the boxes even though i could find their reasons for supporting in all of them."	""					"no"	"no"	"yes"	"on"	"on"	"on"
"373L46LKP7I0U8TECR0ZJ5JTYULKJS"	"37BTIVOV5A1KKZ1W6J6G3LCLMT8JK5"	"Find reasons given in the argument (2-3 mins/HIT on average) [pilot study]"	"Given arguments to various controversies, find all reasons give by the author"	"Argumentation, NLP, natural language processing"	"$0.21"	"Wed Feb 15 15:51:49 CET 2017"	"7"	"0"	"0"	"7"	"Reviewable"	"NotReviewed"	"mthit-00002.html"	"600"	"604800"	"Mon Feb 20 15:51:49 CET 2017"	"https://requester.mturk.com/mturk/manageHIT?HITId=373L46LKP7I0U8TECR0ZJ5JTYULKJS"	"3MD9PLUKKJQUODGEHS03NBK7OVDZN8"	"A20L30IQAESIO"	"Approved"	"Fri Feb 24 05:04:31 CET 2017"	"Fri Feb 17 05:00:45 CET 2017"	"Fri Feb 17 05:04:31 CET 2017"	"Sun Feb 19 09:47:36 CET 2017"	""	""	""	""	"{""5481449"":{""familiarSelected"":""yes"",""noReasons"":false,""segments"":[[""5481449_01"",""5481449_02"",""5481449_03"",""5481449_04""],[""5481449_05"",""5481449_06""]]},""6540157"":{""familiarSelected"":""no"",""noReasons"":true,""segments"":[]},""6892783"":{""familiarSelected"":""no"",""noReasons"":false,""segments"":[[""6892783_03""],[""6892783_06"",""6892783_07"",""6892783_08""],[""6892783_08""],[""6892783_10""],[""6892783_12"",""6892783_13""]]}}"						""	""					"yes"	"no"	"no"	"on"		
"3L84EBDQ37EV5SZWUC0BKKJ6DJLKKR"	"37BTIVOV5A1KKZ1W6J6G3LCLMT8JK5"	"Find reasons given in the argument (2-3 mins/HIT on average) [pilot study]"	"Given arguments to various controversies, find all reasons give by the author"	"Argumentation, NLP, natural language processing"	"$0.21"	"Wed Feb 15 15:51:49 CET 2017"	"7"	"0"	"0"	"7"	"Reviewable"	"NotReviewed"	"mthit-00003.html"	"600"	"604800"	"Mon Feb 20 15:51:49 CET 2017"	"https://requester.mturk.com/mturk/manageHIT?HITId=3L84EBDQ37EV5SZWUC0BKKJ6DJLKKR"	"3PZDLQMM0UXLRYGB3VIBKPGO4DXC2I"	"A3TQKAOIJSPPRB"	"Approved"	"Wed Feb 22 18:40:54 CET 2017"	"Wed Feb 15 18:39:15 CET 2017"	"Wed Feb 15 18:40:54 CET 2017"	"Thu Feb 16 11:20:16 CET 2017"	""	""	""	""	"{""8828552"":{""familiarSelected"":""yes"",""noReasons"":false,""segments"":[[""8828552_06"",""8828552_07"",""8828552_08""]]},""18641085"":{""familiarSelected"":""no"",""noReasons"":false,""segments"":[[""18641085_06""],[""18641085_11"",""18641085_12"",""18641085_13""]]},""20644706"":{""familiarSelected"":""yes"",""noReasons"":false,""segments"":[[""20644706_02"",""20644706_03""]]}}"						""	""											"yes"	"no"	"yes"
"3L84EBDQ37EV5SZWUC0BKKJ6DJLKKR"	"37BTIVOV5A1KKZ1W6J6G3LCLMT8JK5"	"Find reasons given in the argument (2-3 mins/HIT on average) [pilot study]"	"Given arguments to various controversies, find all reasons give by the author"	"Argumentation, NLP, natural language processing"	"$0.21"	"Wed Feb 15 15:51:49 CET 2017"	"7"	"0"	"0"	"7"	"Reviewable"	"NotReviewed"	"mthit-00003.html"	"600"	"604800"	"Mon Feb 20 15:51:49 CET 2017"	"https://requester.mturk.com/mturk/manageHIT?HITId=3L84EBDQ37EV5SZWUC0BKKJ6DJLKKR"	"3TE3O85731KPX05ULS869KFA4FIR2N"	"AQK9RIOA9FURX"	"Approved"	"Thu Feb 23 04:13:30 CET 2017"	"Thu Feb 16 04:08:20 CET 2017"	"Thu Feb 16 04:13:30 CET 2017"	"Thu Feb 16 11:20:16 CET 2017"	""	""	""	""	"{""8828552"":{""familiarSelected"":""yes"",""noReasons"":false,""segments"":[[""8828552_04""]]},""18641085"":{""familiarSelected"":""yes"",""noReasons"":true,""segments"":[]},""20644706"":{""familiarSelected"":""yes"",""noReasons"":false,""segments"":[[""20644706_02""]]}}"						""	""											"yes"	"yes"	"yes"	"on"
"3L84EBDQ37EV5SZWUC0BKKJ6DJLKKR"	"37BTIVOV5A1KKZ1W6J6G3LCLMT8JK5"	"Find reasons given in the argument (2-3 mins/HIT on average) [pilot study]"	"Given arguments to various controversies, find all reasons give by the author"	"Argumentation, NLP, natural language processing"	"$0.21"	"Wed Feb 15 15:51:49 CET 2017"	"7"	"0"	"0"	"7"	"Reviewable"	"NotReviewed"	"mthit-00003.html"	"600"	"604800"	"Mon Feb 20 15:51:49 CET 2017"	"https://requester.mturk.com/mturk/manageHIT?HITId=3L84EBDQ37EV5SZWUC0BKKJ6DJLKKR"	"3JNQLM5FT5YEU2AHG8BAN86BYNZL2X"	"A2U31V169A20GY"	"Approved"	"Thu Feb 23 05:03:05 CET 2017"	"Thu Feb 16 04:57:07 CET 2017"	"Thu Feb 16 05:03:05 CET 2017"	"Thu Feb 16 11:20:16 CET 2017"	""	""	""	""	"{""8828552"":{""familiarSelected"":""no"",""noReasons"":false,""segments"":[[""8828552_04"",""8828552_05""],[""8828552_06"",""8828552_07""],[""8828552_08""],[""8828552_13""]]},""18641085"":{""familiarSelected"":""no"",""noReasons"":false,""segments"":[[""18641085_00""],[""18641085_01""],[""18641085_04"",""18641085_05""],[""18641085_06""],[""18641085_08"",""18641085_09""],[""18641085_10""],[""18641085_13""]]},""20644706"":{""familiarSelected"":""yes"",""noReasons"":false,""segments"":[[""20644706_00"",""20644706_01""],[""20644706_02""],[""20644706_11"",""20644706_12""],[""20644706_13""],[""20644706_14""]]}}"						"I chose some reasons in the post concerning medicare reform, but I am not entirely sure they are correct. The author of this post seems to be missing the point. The question is about medicare reform and he seems like he is advocating that the elderly should not have the same insurance he does. That isn't really relevant. "	""											"no"	"no"	"yes"	
"3L84EBDQ37EV5SZWUC0BKKJ6DJLKKR"	"37BTIVOV5A1KKZ1W6J6G3LCLMT8JK5"	"Find reasons given in the argument (2-3 mins/HIT on average) [pilot study]"	"Given arguments to various controversies, find all reasons give by the author"	"Argumentation, NLP, natural language processing"	"$0.21"	"Wed Feb 15 15:51:49 CET 2017"	"7"	"0"	"0"	"7"	"Reviewable"	"NotReviewed"	"mthit-00003.html"	"600"	"604800"	"Mon Feb 20 15:51:49 CET 2017"	"https://requester.mturk.com/mturk/manageHIT?HITId=3L84EBDQ37EV5SZWUC0BKKJ6DJLKKR"	"33JKGHPFYD6UP6HV23A9F9OY9PLMN0"	"A2B1YSMEHN1G2K"	"Approved"	"Thu Feb 23 12:17:45 CET 2017"	"Thu Feb 16 12:15:45 CET 2017"	"Thu Feb 16 12:17:45 CET 2017"	"Sun Feb 19 09:47:37 CET 2017"	""	""	""	""	"{""8828552"":{""familiarSelected"":""no"",""noReasons"":false,""segments"":[[""8828552_06"",""8828552_07"",""8828552_08""]]},""18641085"":{""familiarSelected"":""yes"",""noReasons"":false,""segments"":[[""18641085_00"",""18641085_01"",""18641085_02"",""18641085_03""]]},""20644706"":{""familiarSelected"":""yes"",""noReasons"":false,""segments"":[[""20644706_11"",""20644706_12"",""20644706_13"",""20644706_14""]]}}"						"I"	""											"no"	"yes"	"yes"	
"3L84EBDQ37EV5SZWUC0BKKJ6DJLKKR"	"37BTIVOV5A1KKZ1W6J6G3LCLMT8JK5"	"Find reasons given in the argument (2-3 mins/HIT on average) [pilot study]"	"Given arguments to various controversies, find all reasons give by the author"	"Argumentation, NLP, natural language processing"	"$0.21"	"Wed Feb 15 15:51:49 CET 2017"	"7"	"0"	"0"	"7"	"Reviewable"	"NotReviewed"	"mthit-00003.html"	"600"	"604800"	"Mon Feb 20 15:51:49 CET 2017"	"https://requester.mturk.com/mturk/manageHIT?HITId=3L84EBDQ37EV5SZWUC0BKKJ6DJLKKR"	"3PJUZCGDJ7SUFFBX7SHLSQSJKXY89M"	"AYWZR2UFKGHVQ"	"Approved"	"Fri Feb 24 06:51:13 CET 2017"	"Fri Feb 17 06:46:02 CET 2017"	"Fri Feb 17 06:51:13 CET 2017"	"Sun Feb 19 09:47:37 CET 2017"	""	""	""	""	"{""8828552"":{""familiarSelected"":""yes"",""noReasons"":false,""segments"":[[""8828552_04"",""8828552_05""],[""8828552_06"",""8828552_07""]]},""18641085"":{""familiarSelected"":""no"",""noReasons"":false,""segments"":[[""18641085_08"",""18641085_09""],[""18641085_10"",""18641085_11"",""18641085_12"",""18641085_13""]]},""20644706"":{""familiarSelected"":""yes"",""noReasons"":false,""segments"":[[""20644706_02"",""20644706_03""],[""20644706_04""]]}}"						""	""											"yes"	"no"	"yes"	
"3L84EBDQ37EV5SZWUC0BKKJ6DJLKKR"	"37BTIVOV5A1KKZ1W6J6G3LCLMT8JK5"	"Find reasons given in the argument (2-3 mins/HIT on average) [pilot study]"	"Given arguments to various controversies, find all reasons give by the author"	"Argumentation, NLP, natural language processing"	"$0.21"	"Wed Feb 15 15:51:49 CET 2017"	"7"	"0"	"0"	"7"	"Reviewable"	"NotReviewed"	"mthit-00003.html"	"600"	"604800"	"Mon Feb 20 15:51:49 CET 2017"	"https://requester.mturk.com/mturk/manageHIT?HITId=3L84EBDQ37EV5SZWUC0BKKJ6DJLKKR"	"3TS1AR6UQRQZGBXR09P7OMIZCDJF7Y"	"A30R4A7I6TVGQS"	"Approved"	"Fri Feb 24 20:50:09 CET 2017"	"Fri Feb 17 20:48:30 CET 2017"	"Fri Feb 17 20:50:09 CET 2017"	"Sun Feb 19 09:47:37 CET 2017"	""	""	""	""	"{""8828552"":{""familiarSelected"":""yes"",""noReasons"":true,""segments"":[]},""18641085"":{""familiarSelected"":""yes"",""noReasons"":false,""segments"":[[""18641085_00"",""18641085_01""],[""18641085_06""],[""18641085_07"",""18641085_08"",""18641085_09"",""18641085_10"",""18641085_11"",""18641085_12"",""18641085_13""]]},""20644706"":{""familiarSelected"":""yes"",""noReasons"":false,""segments"":[[""20644706_02""],[""20644706_07"",""20644706_08"",""20644706_09"",""20644706_10"",""20644706_11"",""20644706_12"",""20644706_13"",""20644706_14""]]}}"						""	""											"yes"	"yes"	"yes"		"on"
"3L84EBDQ37EV5SZWUC0BKKJ6DJLKKR"	"37BTIVOV5A1KKZ1W6J6G3LCLMT8JK5"	"Find reasons given in the argument (2-3 mins/HIT on average) [pilot study]"	"Given arguments to various controversies, find all reasons give by the author"	"Argumentation, NLP, natural language processing"	"$0.21"	"Wed Feb 15 15:51:49 CET 2017"	"7"	"0"	"0"	"7"	"Reviewable"	"NotReviewed"	"mthit-00003.html"	"600"	"604800"	"Mon Feb 20 15:51:49 CET 2017"	"https://requester.mturk.com/mturk/manageHIT?HITId=3L84EBDQ37EV5SZWUC0BKKJ6DJLKKR"	"3L6L49WXW19AVRMJSZERZY7CWJN45W"	"A19CSTRCH1NAJ7"	"Approved"	"Sat Feb 25 17:44:23 CET 2017"	"Sat Feb 18 17:37:46 CET 2017"	"Sat Feb 18 17:44:23 CET 2017"	"Sun Feb 19 09:47:37 CET 2017"	""	""	""	""	"{""8828552"":{""familiarSelected"":""yes"",""noReasons"":false,""segments"":[[""8828552_04"",""8828552_05"",""8828552_06"",""8828552_07"",""8828552_08""]]},""18641085"":{""familiarSelected"":""no"",""noReasons"":false,""segments"":[[""18641085_06"",""18641085_07"",""18641085_08"",""18641085_09"",""18641085_10"",""18641085_11"",""18641085_12"",""18641085_13""]]},""20644706"":{""familiarSelected"":""yes"",""noReasons"":false,""segments"":[[""20644706_11"",""20644706_12"",""20644706_13"",""20644706_14""]]}}"						""	""											"yes"	"no"	"yes"		
"3UL5XDRDNCV8S8CSE0Z2SQRXLTW85B"	"37BTIVOV5A1KKZ1W6J6G3LCLMT8JK5"	"Find reasons given in the argument (2-3 mins/HIT on average) [pilot study]"	"Given arguments to various controversies, find all reasons give by the author"	"Argumentation, NLP, natural language processing"	"$0.21"	"Wed Feb 15 15:51:49 CET 2017"	"7"	"0"	"0"	"7"	"Reviewable"	"NotReviewed"	"mthit-00004.html"	"600"	"604800"	"Mon Feb 20 15:51:49 CET 2017"	"https://requester.mturk.com/mturk/manageHIT?HITId=3UL5XDRDNCV8S8CSE0Z2SQRXLTW85B"	"36PW28KO408PTZVTC1HLGVZP1DSEAA"	"A8GWYS9O8FUEK"	"Approved"	"Wed Feb 22 17:06:04 CET 2017"	"Wed Feb 15 16:57:50 CET 2017"	"Wed Feb 15 17:06:04 CET 2017"	"Thu Feb 16 11:20:16 CET 2017"	""	""	""	""	"{""5373430"":{""familiarSelected"":""no"",""noReasons"":false,""segments"":[[""5373430_04"",""5373430_05"",""5373430_06"",""5373430_07""],[""5373430_09"",""5373430_10""]]},""6024976"":{""familiarSelected"":""no"",""noReasons"":false,""segments"":[[""6024976_07""],[""6024976_13"",""6024976_14"",""6024976_15"",""6024976_16""]]},""6038371"":{""familiarSelected"":""yes"",""noReasons"":true,""segments"":[]}}"						""	""																"no"	"no"	"on"	"yes"
"3UL5XDRDNCV8S8CSE0Z2SQRXLTW85B"	"37BTIVOV5A1KKZ1W6J6G3LCLMT8JK5"	"Find reasons given in the argument (2-3 mins/HIT on average) [pilot study]"	"Given arguments to various controversies, find all reasons give by the author"	"Argumentation, NLP, natural language processing"	"$0.21"	"Wed Feb 15 15:51:49 CET 2017"	"7"	"0"	"0"	"7"	"Reviewable"	"NotReviewed"	"mthit-00004.html"	"600"	"604800"	"Mon Feb 20 15:51:49 CET 2017"	"https://requester.mturk.com/mturk/manageHIT?HITId=3UL5XDRDNCV8S8CSE0Z2SQRXLTW85B"	"3RKNTXVS3NA71XY0NV5879NYOO9A4B"	"A3TQKAOIJSPPRB"	"Approved"	"Wed Feb 22 18:57:36 CET 2017"	"Wed Feb 15 18:56:41 CET 2017"	"Wed Feb 15 18:57:36 CET 2017"	"Thu Feb 16 11:20:16 CET 2017"	""	""	""	""	"{""5373430"":{""familiarSelected"":""no"",""noReasons"":false,""segments"":[[""5373430_00"",""5373430_01"",""5373430_02"",""5373430_03"",""5373430_04"",""5373430_05"",""5373430_06""]]},""6024976"":{""familiarSelected"":""yes"",""noReasons"":false,""segments"":[[""6024976_07""]]},""6038371"":{""familiarSelected"":""no"",""noReasons"":true,""segments"":[]}}"						""	""																"no"	"yes"	"on"	"no"
"3UL5XDRDNCV8S8CSE0Z2SQRXLTW85B"	"37BTIVOV5A1KKZ1W6J6G3LCLMT8JK5"	"Find reasons given in the argument (2-3 mins/HIT on average) [pilot study]"	"Given arguments to various controversies, find all reasons give by the author"	"Argumentation, NLP, natural language processing"	"$0.21"	"Wed Feb 15 15:51:49 CET 2017"	"7"	"0"	"0"	"7"	"Reviewable"	"NotReviewed"	"mthit-00004.html"	"600"	"604800"	"Mon Feb 20 15:51:49 CET 2017"	"https://requester.mturk.com/mturk/manageHIT?HITId=3UL5XDRDNCV8S8CSE0Z2SQRXLTW85B"	"39ASUFLU6YJ1PC3MNB9Z03AN203XE3"	"A2U31V169A20GY"	"Approved"	"Thu Feb 23 05:36:00 CET 2017"	"Thu Feb 16 05:30:20 CET 2017"	"Thu Feb 16 05:36:00 CET 2017"	"Thu Feb 16 11:20:16 CET 2017"	""	""	""	""	"{""5373430"":{""familiarSelected"":""no"",""noReasons"":false,""segments"":[[""5373430_00"",""5373430_01""],[""5373430_02"",""5373430_03""],[""5373430_04"",""5373430_05""],[""5373430_06""],[""5373430_07""],[""5373430_09"",""5373430_10""]]},""6024976"":{""familiarSelected"":""yes"",""noReasons"":false,""segments"":[[""6024976_07""],[""6024976_08"",""6024976_09""],[""6024976_10"",""6024976_11""],[""6024976_12""]]},""6038371"":{""familiarSelected"":""yes"",""noReasons"":false,""segments"":[[""6038371_00"",""6038371_01""],[""6038371_06"",""6038371_07""],[""6038371_11"",""6038371_12"",""6038371_13""],[""6038371_14""],[""6038371_15""],[""6038371_16""]]}}"						""	""																"no"	"yes"		"yes"
"3UL5XDRDNCV8S8CSE0Z2SQRXLTW85B"	"37BTIVOV5A1KKZ1W6J6G3LCLMT8JK5"	"Find reasons given in the argument (2-3 mins/HIT on average) [pilot study]"	"Given arguments to various controversies, find all reasons give by the author"	"Argumentation, NLP, natural language processing"	"$0.21"	"Wed Feb 15 15:51:49 CET 2017"	"7"	"0"	"0"	"7"	"Reviewable"	"NotReviewed"	"mthit-00004.html"	"600"	"604800"	"Mon Feb 20 15:51:49 CET 2017"	"https://requester.mturk.com/mturk/manageHIT?HITId=3UL5XDRDNCV8S8CSE0Z2SQRXLTW85B"	"33SA9F9TRY6M0CYWD6DDYKWGT1HWEZ"	"AYWZR2UFKGHVQ"	"Approved"	"Fri Feb 24 06:54:33 CET 2017"	"Fri Feb 17 06:51:31 CET 2017"	"Fri Feb 17 06:54:33 CET 2017"	"Sun Feb 19 09:47:37 CET 2017"	""	""	""	""	"{""5373430"":{""familiarSelected"":""no"",""noReasons"":false,""segments"":[[""5373430_00"",""5373430_01"",""5373430_02"",""5373430_03""]]},""6024976"":{""familiarSelected"":""yes"",""noReasons"":false,""segments"":[[""6024976_08"",""6024976_09""],[""6024976_10"",""6024976_11""]]},""6038371"":{""familiarSelected"":""yes"",""noReasons"":false,""segments"":[[""6038371_01"",""6038371_02""],[""6038371_15"",""6038371_16""]]}}"						""	""																"no"	"yes"		"yes"
"3UL5XDRDNCV8S8CSE0Z2SQRXLTW85B"	"37BTIVOV5A1KKZ1W6J6G3LCLMT8JK5"	"Find reasons given in the argument (2-3 mins/HIT on average) [pilot study]"	"Given arguments to various controversies, find all reasons give by the author"	"Argumentation, NLP, natural language processing"	"$0.21"	"Wed Feb 15 15:51:49 CET 2017"	"7"	"0"	"0"	"7"	"Reviewable"	"NotReviewed"	"mthit-00004.html"	"600"	"604800"	"Mon Feb 20 15:51:49 CET 2017"	"https://requester.mturk.com/mturk/manageHIT?HITId=3UL5XDRDNCV8S8CSE0Z2SQRXLTW85B"	"386CSBG1O0YD309VVFV9U7MHO476QJ"	"A30R4A7I6TVGQS"	"Approved"	"Fri Feb 24 20:35:39 CET 2017"	"Fri Feb 17 20:32:36 CET 2017"	"Fri Feb 17 20:35:39 CET 2017"	"Sun Feb 19 09:47:37 CET 2017"	""	""	""	""	"{""5373430"":{""familiarSelected"":""no"",""noReasons"":false,""segments"":[[""5373430_04"",""5373430_05"",""5373430_06""],[""5373430_07""],[""5373430_09"",""5373430_10""]]},""6024976"":{""familiarSelected"":""yes"",""noReasons"":false,""segments"":[[""6024976_08"",""6024976_09"",""6024976_10"",""6024976_11""],[""6024976_12""]]},""6038371"":{""familiarSelected"":""yes"",""noReasons"":false,""segments"":[[""6038371_07""],[""6038371_11"",""6038371_12"",""6038371_13"",""6038371_14"",""6038371_15"",""6038371_16""]]}}"						""	""																"no"	"yes"		"yes"
"3UL5XDRDNCV8S8CSE0Z2SQRXLTW85B"	"37BTIVOV5A1KKZ1W6J6G3LCLMT8JK5"	"Find reasons given in the argument (2-3 mins/HIT on average) [pilot study]"	"Given arguments to various controversies, find all reasons give by the author"	"Argumentation, NLP, natural language processing"	"$0.21"	"Wed Feb 15 15:51:49 CET 2017"	"7"	"0"	"0"	"7"	"Reviewable"	"NotReviewed"	"mthit-00004.html"	"600"	"604800"	"Mon Feb 20 15:51:49 CET 2017"	"https://requester.mturk.com/mturk/manageHIT?HITId=3UL5XDRDNCV8S8CSE0Z2SQRXLTW85B"	"3U5JL4WY5LLJXA6TY5XMRHYWPIYX40"	"A19CSTRCH1NAJ7"	"Approved"	"Sat Feb 25 18:13:03 CET 2017"	"Sat Feb 18 18:08:38 CET 2017"	"Sat Feb 18 18:13:03 CET 2017"	"Sun Feb 19 09:47:37 CET 2017"	""	""	""	""	"{""5373430"":{""familiarSelected"":""no"",""noReasons"":false,""segments"":[[""5373430_00"",""5373430_01"",""5373430_02"",""5373430_03""],[""5373430_07""],[""5373430_09"",""5373430_10""]]},""6024976"":{""familiarSelected"":""yes"",""noReasons"":false,""segments"":[[""6024976_07""],[""6024976_08"",""6024976_09"",""6024976_10"",""6024976_11""],[""6024976_12""]]},""6038371"":{""familiarSelected"":""yes"",""noReasons"":false,""segments"":[[""6038371_01"",""6038371_02"",""6038371_03""],[""6038371_04"",""6038371_05"",""6038371_06"",""6038371_07"",""6038371_08"",""6038371_09"",""6038371_10"",""6038371_11"",""6038371_12"",""6038371_13"",""6038371_14"",""6038371_15""]]}}"						""	""																"no"	"yes"		"yes"
"3UL5XDRDNCV8S8CSE0Z2SQRXLTW85B"	"37BTIVOV5A1KKZ1W6J6G3LCLMT8JK5"	"Find reasons given in the argument (2-3 mins/HIT on average) [pilot study]"	"Given arguments to various controversies, find all reasons give by the author"	"Argumentation, NLP, natural language processing"	"$0.21"	"Wed Feb 15 15:51:49 CET 2017"	"7"	"0"	"0"	"7"	"Reviewable"	"NotReviewed"	"mthit-00004.html"	"600"	"604800"	"Mon Feb 20 15:51:49 CET 2017"	"https://requester.mturk.com/mturk/manageHIT?HITId=3UL5XDRDNCV8S8CSE0Z2SQRXLTW85B"	"32Q90QCQ1TXV5C4FOSUAA92L6ZWEKJ"	"AM0BRJN73OG11"	"Approved"	"Sat Feb 25 22:45:59 CET 2017"	"Sat Feb 18 22:44:29 CET 2017"	"Sat Feb 18 22:45:59 CET 2017"	"Sun Feb 19 09:47:37 CET 2017"	""	""	""	""	"{""5373430"":{""familiarSelected"":""no"",""noReasons"":false,""segments"":[[""5373430_04"",""5373430_05"",""5373430_06"",""5373430_07"",""5373430_08"",""5373430_09"",""5373430_10""]]},""6024976"":{""familiarSelected"":""yes"",""noReasons"":false,""segments"":[[""6024976_07"",""6024976_08"",""6024976_09"",""6024976_10"",""6024976_11"",""6024976_12""]]},""6038371"":{""familiarSelected"":""yes"",""noReasons"":false,""segments"":[[""6038371_01""]]}}"						""	""																"no"	"yes"		"yes"
"3IHWR4LC7DPK4W77LKIWHZV2QF2I8V"	"37BTIVOV5A1KKZ1W6J6G3LCLMT8JK5"	"Find reasons given in the argument (2-3 mins/HIT on average) [pilot study]"	"Given arguments to various controversies, find all reasons give by the author"	"Argumentation, NLP, natural language processing"	"$0.21"	"Wed Feb 15 15:51:49 CET 2017"	"7"	"0"	"0"	"7"	"Reviewable"	"NotReviewed"	"mthit-00005.html"	"600"	"604800"	"Mon Feb 20 15:51:49 CET 2017"	"https://requester.mturk.com/mturk/manageHIT?HITId=3IHWR4LC7DPK4W77LKIWHZV2QF2I8V"	"3Y9N9SS8LZNKH8I87RRRN53YVRZ3DA"	"A8GWYS9O8FUEK"	"Approved"	"Wed Feb 22 17:02:37 CET 2017"	"Wed Feb 15 16:53:26 CET 2017"	"Wed Feb 15 17:02:37 CET 2017"	"Thu Feb 16 11:20:16 CET 2017"	""	""	""	""	"{""13085698"":{""familiarSelected"":""no"",""noReasons"":false,""segments"":[[""13085698_12""]]},""16318175"":{""familiarSelected"":""no"",""noReasons"":false,""segments"":[[""16318175_00""],[""16318175_01""],[""16318175_04""],[""16318175_06"",""16318175_07"",""16318175_08"",""16318175_09""]]},""17977461"":{""familiarSelected"":""no"",""noReasons"":false,""segments"":[[""17977461_01""],[""17977461_02""]]}}"						""	""																				"no"	"no"	"no"
"3IHWR4LC7DPK4W77LKIWHZV2QF2I8V"	"37BTIVOV5A1KKZ1W6J6G3LCLMT8JK5"	"Find reasons given in the argument (2-3 mins/HIT on average) [pilot study]"	"Given arguments to various controversies, find all reasons give by the author"	"Argumentation, NLP, natural language processing"	"$0.21"	"Wed Feb 15 15:51:49 CET 2017"	"7"	"0"	"0"	"7"	"Reviewable"	"NotReviewed"	"mthit-00005.html"	"600"	"604800"	"Mon Feb 20 15:51:49 CET 2017"	"https://requester.mturk.com/mturk/manageHIT?HITId=3IHWR4LC7DPK4W77LKIWHZV2QF2I8V"	"3EF8EXOTT271AR4LUJZJ2AJE2RPJ1J"	"A3TQKAOIJSPPRB"	"Approved"	"Wed Feb 22 18:08:23 CET 2017"	"Wed Feb 15 18:04:51 CET 2017"	"Wed Feb 15 18:08:23 CET 2017"	"Thu Feb 16 11:20:16 CET 2017"	""	""	""	""	"{""13085698"":{""familiarSelected"":""no"",""noReasons"":true,""segments"":[]},""16318175"":{""familiarSelected"":""yes"",""noReasons"":false,""segments"":[[""16318175_00""],[""16318175_04""]]},""17977461"":{""familiarSelected"":""yes"",""noReasons"":false,""segments"":[[""17977461_02""]]}}"						""	""																				"yes"	"yes"	"no"	"on"
"3IHWR4LC7DPK4W77LKIWHZV2QF2I8V"	"37BTIVOV5A1KKZ1W6J6G3LCLMT8JK5"	"Find reasons given in the argument (2-3 mins/HIT on average) [pilot study]"	"Given arguments to various controversies, find all reasons give by the author"	"Argumentation, NLP, natural language processing"	"$0.21"	"Wed Feb 15 15:51:49 CET 2017"	"7"	"0"	"0"	"7"	"Reviewable"	"NotReviewed"	"mthit-00005.html"	"600"	"604800"	"Mon Feb 20 15:51:49 CET 2017"	"https://requester.mturk.com/mturk/manageHIT?HITId=3IHWR4LC7DPK4W77LKIWHZV2QF2I8V"	"3UNH76FOCTHO15L995JKWPM5D65YMC"	"A1IO6LCL2DAX9B"	"Approved"	"Wed Feb 22 21:07:37 CET 2017"	"Wed Feb 15 21:03:59 CET 2017"	"Wed Feb 15 21:07:37 CET 2017"	"Thu Feb 16 11:20:16 CET 2017"	""	""	""	""	"{""13085698"":{""familiarSelected"":""no"",""noReasons"":true,""segments"":[]},""16318175"":{""familiarSelected"":""no"",""noReasons"":true,""segments"":[]},""17977461"":{""familiarSelected"":""no"",""noReasons"":true,""segments"":[]}}"						"they were all suporting. it made me click the any supporting authors claim to submit"	""																				"no"	"no"	"no"	"on"	"on"	"on"
"3IHWR4LC7DPK4W77LKIWHZV2QF2I8V"	"37BTIVOV5A1KKZ1W6J6G3LCLMT8JK5"	"Find reasons given in the argument (2-3 mins/HIT on average) [pilot study]"	"Given arguments to various controversies, find all reasons give by the author"	"Argumentation, NLP, natural language processing"	"$0.21"	"Wed Feb 15 15:51:49 CET 2017"	"7"	"0"	"0"	"7"	"Reviewable"	"NotReviewed"	"mthit-00005.html"	"600"	"604800"	"Mon Feb 20 15:51:49 CET 2017"	"https://requester.mturk.com/mturk/manageHIT?HITId=3IHWR4LC7DPK4W77LKIWHZV2QF2I8V"	"3MH9DQ757XO7SM5IO1O0GZWVLXSUGE"	"AQK9RIOA9FURX"	"Approved"	"Thu Feb 23 04:20:25 CET 2017"	"Thu Feb 16 04:16:48 CET 2017"	"Thu Feb 16 04:20:25 CET 2017"	"Thu Feb 16 11:20:17 CET 2017"	""	""	""	""	"{""13085698"":{""familiarSelected"":""no"",""noReasons"":true,""segments"":[]},""16318175"":{""familiarSelected"":""yes"",""noReasons"":false,""segments"":[[""16318175_05"",""16318175_06"",""16318175_07"",""16318175_08"",""16318175_09""]]},""17977461"":{""familiarSelected"":""yes"",""noReasons"":false,""segments"":[[""17977461_02"",""17977461_03"",""17977461_04""]]}}"						""	""																				"yes"	"yes"	"no"	"on"		
"3IHWR4LC7DPK4W77LKIWHZV2QF2I8V"	"37BTIVOV5A1KKZ1W6J6G3LCLMT8JK5"	"Find reasons given in the argument (2-3 mins/HIT on average) [pilot study]"	"Given arguments to various controversies, find all reasons give by the author"	"Argumentation, NLP, natural language processing"	"$0.21"	"Wed Feb 15 15:51:49 CET 2017"	"7"	"0"	"0"	"7"	"Reviewable"	"NotReviewed"	"mthit-00005.html"	"600"	"604800"	"Mon Feb 20 15:51:49 CET 2017"	"https://requester.mturk.com/mturk/manageHIT?HITId=3IHWR4LC7DPK4W77LKIWHZV2QF2I8V"	"3GDTJDAPVVN9MZURW1LQXCY3KTL8MV"	"A2U31V169A20GY"	"Approved"	"Thu Feb 23 05:27:43 CET 2017"	"Thu Feb 16 05:25:33 CET 2017"	"Thu Feb 16 05:27:43 CET 2017"	"Thu Feb 16 11:20:17 CET 2017"	""	""	""	""	"{""13085698"":{""familiarSelected"":""yes"",""noReasons"":false,""segments"":[[""13085698_00""],[""13085698_01""],[""13085698_04"",""13085698_05"",""13085698_06""],[""13085698_07""],[""13085698_11""],[""13085698_12""]]},""16318175"":{""familiarSelected"":""yes"",""noReasons"":false,""segments"":[[""16318175_02"",""16318175_03""],[""16318175_04""],[""16318175_05""],[""16318175_06"",""16318175_07""],[""16318175_08"",""16318175_09""]]},""17977461"":{""familiarSelected"":""no"",""noReasons"":false,""segments"":[[""17977461_02""],[""17977461_03"",""17977461_04""]]}}"						""	""																				"yes"	"no"	"yes"			
"3IHWR4LC7DPK4W77LKIWHZV2QF2I8V"	"37BTIVOV5A1KKZ1W6J6G3LCLMT8JK5"	"Find reasons given in the argument (2-3 mins/HIT on average) [pilot study]"	"Given arguments to various controversies, find all reasons give by the author"	"Argumentation, NLP, natural language processing"	"$0.21"	"Wed Feb 15 15:51:49 CET 2017"	"7"	"0"	"0"	"7"	"Reviewable"	"NotReviewed"	"mthit-00005.html"	"600"	"604800"	"Mon Feb 20 15:51:49 CET 2017"	"https://requester.mturk.com/mturk/manageHIT?HITId=3IHWR4LC7DPK4W77LKIWHZV2QF2I8V"	"39N5ACM9HFZFL7AET9JWECN995FP90"	"A2B1YSMEHN1G2K"	"Approved"	"Thu Feb 23 12:23:09 CET 2017"	"Thu Feb 16 12:20:33 CET 2017"	"Thu Feb 16 12:23:09 CET 2017"	"Sun Feb 19 09:47:37 CET 2017"	""	""	""	""	"{""13085698"":{""familiarSelected"":""yes"",""noReasons"":false,""segments"":[[""13085698_00""]]},""16318175"":{""familiarSelected"":""yes"",""noReasons"":false,""segments"":[[""16318175_05"",""16318175_06"",""16318175_07"",""16318175_08"",""16318175_09""]]},""17977461"":{""familiarSelected"":""yes"",""noReasons"":false,""segments"":[[""17977461_02"",""17977461_03"",""17977461_04""]]}}"						"worked"	""																				"yes"	"yes"	"yes"			
"3IHWR4LC7DPK4W77LKIWHZV2QF2I8V"	"37BTIVOV5A1KKZ1W6J6G3LCLMT8JK5"	"Find reasons given in the argument (2-3 mins/HIT on average) [pilot study]"	"Given arguments to various controversies, find all reasons give by the author"	"Argumentation, NLP, natural language processing"	"$0.21"	"Wed Feb 15 15:51:49 CET 2017"	"7"	"0"	"0"	"7"	"Reviewable"	"NotReviewed"	"mthit-00005.html"	"600"	"604800"	"Mon Feb 20 15:51:49 CET 2017"	"https://requester.mturk.com/mturk/manageHIT?HITId=3IHWR4LC7DPK4W77LKIWHZV2QF2I8V"	"3F6HPJW4JECU5WMGKMICWJNRWWC2WK"	"A1UOEP1BJ2SXO7"	"Approved"	"Thu Feb 23 14:25:04 CET 2017"	"Thu Feb 16 14:18:10 CET 2017"	"Thu Feb 16 14:25:04 CET 2017"	"Sun Feb 19 09:47:37 CET 2017"	""	""	""	""	"{""13085698"":{""familiarSelected"":""yes"",""noReasons"":true,""segments"":[]},""16318175"":{""familiarSelected"":""no"",""noReasons"":false,""segments"":[[""16318175_05""],[""16318175_06"",""16318175_07"",""16318175_08"",""16318175_09""]]},""17977461"":{""familiarSelected"":""no"",""noReasons"":false,""segments"":[[""17977461_02""],[""17977461_04"",""17977461_05"",""17977461_06""]]}}"						"I had a technical problem following the directions on the second task - it would not let me choose the last statement as directed - the end of the sentence would not highlight despite numerous tries.  Thank you."	""																				"no"	"no"	"yes"	"on"		
"3XUSYT70ITDLEWMIY246XN97FCI0DO"	"37BTIVOV5A1KKZ1W6J6G3LCLMT8JK5"	"Find reasons given in the argument (2-3 mins/HIT on average) [pilot study]"	"Given arguments to various controversies, find all reasons give by the author"	"Argumentation, NLP, natural language processing"	"$0.21"	"Wed Feb 15 15:51:49 CET 2017"	"7"	"0"	"0"	"7"	"Reviewable"	"NotReviewed"	"mthit-00006.html"	"600"	"604800"	"Mon Feb 20 15:51:49 CET 2017"	"https://requester.mturk.com/mturk/manageHIT?HITId=3XUSYT70ITDLEWMIY246XN97FCI0DO"	"3DR23U6WE6QU8VU2I182B0PHP18TE3"	"AM3FJP29J6RXZ"	"Approved"	"Wed Feb 22 16:03:17 CET 2017"	"Wed Feb 15 15:58:26 CET 2017"	"Wed Feb 15 16:03:17 CET 2017"	"Thu Feb 16 11:20:17 CET 2017"	""	""	""	""	"{""11670084"":{""familiarSelected"":""yes"",""noReasons"":false,""segments"":[[""11670084_00"",""11670084_01"",""11670084_02"",""11670084_03"",""11670084_04"",""11670084_05""]]},""12013232"":{""familiarSelected"":""yes"",""noReasons"":false,""segments"":[[""12013232_01"",""12013232_02"",""12013232_03"",""12013232_04"",""12013232_05"",""12013232_06"",""12013232_07""],[""12013232_08"",""12013232_09""]]},""16628414"":{""familiarSelected"":""yes"",""noReasons"":false,""segments"":[[""16628414_00"",""16628414_01"",""16628414_02"",""16628414_03"",""16628414_04"",""16628414_05"",""16628414_06"",""16628414_07"",""16628414_08"",""16628414_09""]]}}"						"It seemed most of the text contained the argument"	""																										"yes"	"yes"	"yes"
"3XUSYT70ITDLEWMIY246XN97FCI0DO"	"37BTIVOV5A1KKZ1W6J6G3LCLMT8JK5"	"Find reasons given in the argument (2-3 mins/HIT on average) [pilot study]"	"Given arguments to various controversies, find all reasons give by the author"	"Argumentation, NLP, natural language processing"	"$0.21"	"Wed Feb 15 15:51:49 CET 2017"	"7"	"0"	"0"	"7"	"Reviewable"	"NotReviewed"	"mthit-00006.html"	"600"	"604800"	"Mon Feb 20 15:51:49 CET 2017"	"https://requester.mturk.com/mturk/manageHIT?HITId=3XUSYT70ITDLEWMIY246XN97FCI0DO"	"3SKEMFQBZ4HEWBUOBP8AIZ6ZVMXK85"	"A3TQKAOIJSPPRB"	"Approved"	"Wed Feb 22 18:27:35 CET 2017"	"Wed Feb 15 18:26:01 CET 2017"	"Wed Feb 15 18:27:35 CET 2017"	"Thu Feb 16 11:20:17 CET 2017"	""	""	""	""	"{""11670084"":{""familiarSelected"":""yes"",""noReasons"":false,""segments"":[[""11670084_00"",""11670084_01"",""11670084_02"",""11670084_03"",""11670084_04"",""11670084_05""]]},""12013232"":{""familiarSelected"":""yes"",""noReasons"":true,""segments"":[]},""16628414"":{""familiarSelected"":""no"",""noReasons"":true,""segments"":[]}}"						""	""																										"yes"	"yes"	"no"	"on"	"on"
"3XUSYT70ITDLEWMIY246XN97FCI0DO"	"37BTIVOV5A1KKZ1W6J6G3LCLMT8JK5"	"Find reasons given in the argument (2-3 mins/HIT on average) [pilot study]"	"Given arguments to various controversies, find all reasons give by the author"	"Argumentation, NLP, natural language processing"	"$0.21"	"Wed Feb 15 15:51:49 CET 2017"	"7"	"0"	"0"	"7"	"Reviewable"	"NotReviewed"	"mthit-00006.html"	"600"	"604800"	"Mon Feb 20 15:51:49 CET 2017"	"https://requester.mturk.com/mturk/manageHIT?HITId=3XUSYT70ITDLEWMIY246XN97FCI0DO"	"3P4RDNWND6ICAX0J2QKPU900JTBIJL"	"A12ZW89N0D9E2Y"	"Approved"	"Wed Feb 22 20:53:40 CET 2017"	"Wed Feb 15 20:51:47 CET 2017"	"Wed Feb 15 20:53:40 CET 2017"	"Thu Feb 16 11:20:17 CET 2017"	""	""	""	""	"{""11670084"":{""familiarSelected"":""no"",""noReasons"":true,""segments"":[]},""12013232"":{""familiarSelected"":""no"",""noReasons"":true,""segments"":[]},""16628414"":{""familiarSelected"":""no"",""noReasons"":true,""segments"":[]}}"						""	""																										"no"	"no"	"no"	"on"	"on"	"on"
"3XUSYT70ITDLEWMIY246XN97FCI0DO"	"37BTIVOV5A1KKZ1W6J6G3LCLMT8JK5"	"Find reasons given in the argument (2-3 mins/HIT on average) [pilot study]"	"Given arguments to various controversies, find all reasons give by the author"	"Argumentation, NLP, natural language processing"	"$0.21"	"Wed Feb 15 15:51:49 CET 2017"	"7"	"0"	"0"	"7"	"Reviewable"	"NotReviewed"	"mthit-00006.html"	"600"	"604800"	"Mon Feb 20 15:51:49 CET 2017"	"https://requester.mturk.com/mturk/manageHIT?HITId=3XUSYT70ITDLEWMIY246XN97FCI0DO"	"3WMOAN2SRC9DFTB4GVB0257B0GRVNG"	"A2U31V169A20GY"	"Approved"	"Thu Feb 23 04:57:05 CET 2017"	"Thu Feb 16 04:50:43 CET 2017"	"Thu Feb 16 04:57:05 CET 2017"	"Thu Feb 16 11:20:17 CET 2017"	""	""	""	""	"{""11670084"":{""familiarSelected"":""yes"",""noReasons"":false,""segments"":[[""11670084_05""]]},""12013232"":{""familiarSelected"":""yes"",""noReasons"":false,""segments"":[[""12013232_00""],[""12013232_08""]]},""16628414"":{""familiarSelected"":""no"",""noReasons"":false,""segments"":[[""16628414_01""],[""16628414_04"",""16628414_05""],[""16628414_06"",""16628414_07""]]}}"						""	""																										"yes"	"yes"	"no"			
"3XUSYT70ITDLEWMIY246XN97FCI0DO"	"37BTIVOV5A1KKZ1W6J6G3LCLMT8JK5"	"Find reasons given in the argument (2-3 mins/HIT on average) [pilot study]"	"Given arguments to various controversies, find all reasons give by the author"	"Argumentation, NLP, natural language processing"	"$0.21"	"Wed Feb 15 15:51:49 CET 2017"	"7"	"0"	"0"	"7"	"Reviewable"	"NotReviewed"	"mthit-00006.html"	"600"	"604800"	"Mon Feb 20 15:51:49 CET 2017"	"https://requester.mturk.com/mturk/manageHIT?HITId=3XUSYT70ITDLEWMIY246XN97FCI0DO"	"326O153BMJANR6Y5WB8N6W7VMJSDEK"	"A2B1YSMEHN1G2K"	"Approved"	"Thu Feb 23 12:26:32 CET 2017"	"Thu Feb 16 12:23:10 CET 2017"	"Thu Feb 16 12:26:32 CET 2017"	"Sun Feb 19 09:47:39 CET 2017"	""	""	""	""	"{""11670084"":{""familiarSelected"":""yes"",""noReasons"":false,""segments"":[[""11670084_05""]]},""12013232"":{""familiarSelected"":""no"",""noReasons"":false,""segments"":[[""12013232_07"",""12013232_08"",""12013232_09""]]},""16628414"":{""familiarSelected"":""yes"",""noReasons"":false,""segments"":[[""16628414_00"",""16628414_01""]]}}"						"may want to list in instructions to click twice to select the sentence. "	""																										"no"	"yes"	"yes"			
"3XUSYT70ITDLEWMIY246XN97FCI0DO"	"37BTIVOV5A1KKZ1W6J6G3LCLMT8JK5"	"Find reasons given in the argument (2-3 mins/HIT on average) [pilot study]"	"Given arguments to various controversies, find all reasons give by the author"	"Argumentation, NLP, natural language processing"	"$0.21"	"Wed Feb 15 15:51:49 CET 2017"	"7"	"0"	"0"	"7"	"Reviewable"	"NotReviewed"	"mthit-00006.html"	"600"	"604800"	"Mon Feb 20 15:51:49 CET 2017"	"https://requester.mturk.com/mturk/manageHIT?HITId=3XUSYT70ITDLEWMIY246XN97FCI0DO"	"3I7DHKZYGOCKT7J8CGAAQ243L7NF5I"	"A30R4A7I6TVGQS"	"Approved"	"Fri Feb 24 20:37:34 CET 2017"	"Fri Feb 17 20:35:45 CET 2017"	"Fri Feb 17 20:37:34 CET 2017"	"Sun Feb 19 09:47:39 CET 2017"	""	""	""	""	"{""11670084"":{""familiarSelected"":""yes"",""noReasons"":false,""segments"":[[""11670084_05""]]},""12013232"":{""familiarSelected"":""yes"",""noReasons"":false,""segments"":[[""12013232_08"",""12013232_09""]]},""16628414"":{""familiarSelected"":""yes"",""noReasons"":false,""segments"":[[""16628414_01"",""16628414_02"",""16628414_03"",""16628414_04"",""16628414_05"",""16628414_06"",""16628414_07""]]}}"						""	""																										"yes"	"yes"	"yes"			
"3XUSYT70ITDLEWMIY246XN97FCI0DO"	"37BTIVOV5A1KKZ1W6J6G3LCLMT8JK5"	"Find reasons given in the argument (2-3 mins/HIT on average) [pilot study]"	"Given arguments to various controversies, find all reasons give by the author"	"Argumentation, NLP, natural language processing"	"$0.21"	"Wed Feb 15 15:51:49 CET 2017"	"7"	"0"	"0"	"7"	"Reviewable"	"NotReviewed"	"mthit-00006.html"	"600"	"604800"	"Mon Feb 20 15:51:49 CET 2017"	"https://requester.mturk.com/mturk/manageHIT?HITId=3XUSYT70ITDLEWMIY246XN97FCI0DO"	"35USIKEBNSSS03W3FN3SQDRCJVT6N9"	"A19CSTRCH1NAJ7"	"Approved"	"Sat Feb 25 17:55:05 CET 2017"	"Sat Feb 18 17:48:40 CET 2017"	"Sat Feb 18 17:55:05 CET 2017"	"Sun Feb 19 09:47:39 CET 2017"	""	""	""	""	"{""11670084"":{""familiarSelected"":""yes"",""noReasons"":false,""segments"":[[""11670084_01"",""11670084_02""],[""11670084_03""],[""11670084_04""],[""11670084_05""]]},""12013232"":{""familiarSelected"":""yes"",""noReasons"":false,""segments"":[[""12013232_08""]]},""16628414"":{""familiarSelected"":""yes"",""noReasons"":false,""segments"":[[""16628414_04"",""16628414_05"",""16628414_06""],[""16628414_07""]]}}"						""	""																										"yes"	"yes"	"yes"			
"36JW4WBR06WTNG6ANG6HRFB9D60FHG"	"37BTIVOV5A1KKZ1W6J6G3LCLMT8JK5"	"Find reasons given in the argument (2-3 mins/HIT on average) [pilot study]"	"Given arguments to various controversies, find all reasons give by the author"	"Argumentation, NLP, natural language processing"	"$0.21"	"Wed Feb 15 15:51:49 CET 2017"	"7"	"0"	"0"	"7"	"Reviewable"	"NotReviewed"	"mthit-00007.html"	"600"	"604800"	"Mon Feb 20 15:51:49 CET 2017"	"https://requester.mturk.com/mturk/manageHIT?HITId=36JW4WBR06WTNG6ANG6HRFB9D60FHG"	"33IZTU6J82D2ZV84O6T4PKE23O9XSV"	"A8GWYS9O8FUEK"	"Approved"	"Wed Feb 22 16:57:42 CET 2017"	"Wed Feb 15 16:53:40 CET 2017"	"Wed Feb 15 16:57:42 CET 2017"	"Thu Feb 16 11:20:17 CET 2017"	""	""	""	""	"{""4595363"":{""familiarSelected"":""no"",""noReasons"":false,""segments"":[[""4595363_06"",""4595363_07""]]},""9182092"":{""familiarSelected"":""no"",""noReasons"":false,""segments"":[[""9182092_08"",""9182092_09"",""9182092_10"",""9182092_11"",""9182092_12""]]},""20925757"":{""familiarSelected"":""no"",""noReasons"":true,""segments"":[]}}"						"Thanks"	""																																"no"	"on"	"no"	"no"
"36JW4WBR06WTNG6ANG6HRFB9D60FHG"	"37BTIVOV5A1KKZ1W6J6G3LCLMT8JK5"	"Find reasons given in the argument (2-3 mins/HIT on average) [pilot study]"	"Given arguments to various controversies, find all reasons give by the author"	"Argumentation, NLP, natural language processing"	"$0.21"	"Wed Feb 15 15:51:49 CET 2017"	"7"	"0"	"0"	"7"	"Reviewable"	"NotReviewed"	"mthit-00007.html"	"600"	"604800"	"Mon Feb 20 15:51:49 CET 2017"	"https://requester.mturk.com/mturk/manageHIT?HITId=36JW4WBR06WTNG6ANG6HRFB9D60FHG"	"3IGI0VL648WIP927FJPM7DD34M6NOG"	"A3TQKAOIJSPPRB"	"Approved"	"Wed Feb 22 18:32:02 CET 2017"	"Wed Feb 15 18:30:56 CET 2017"	"Wed Feb 15 18:32:02 CET 2017"	"Thu Feb 16 11:20:17 CET 2017"	""	""	""	""	"{""4595363"":{""familiarSelected"":""yes"",""noReasons"":false,""segments"":[[""4595363_00""],[""4595363_07"",""4595363_08"",""4595363_09"",""4595363_10"",""4595363_11""]]},""9182092"":{""familiarSelected"":""yes"",""noReasons"":false,""segments"":[[""9182092_08"",""9182092_09"",""9182092_10"",""9182092_11"",""9182092_12""]]},""20925757"":{""familiarSelected"":""yes"",""noReasons"":false,""segments"":[[""20925757_05"",""20925757_06"",""20925757_07"",""20925757_08"",""20925757_09""]]}}"						""	""																																"yes"		"yes"	"yes"
"36JW4WBR06WTNG6ANG6HRFB9D60FHG"	"37BTIVOV5A1KKZ1W6J6G3LCLMT8JK5"	"Find reasons given in the argument (2-3 mins/HIT on average) [pilot study]"	"Given arguments to various controversies, find all reasons give by the author"	"Argumentation, NLP, natural language processing"	"$0.21"	"Wed Feb 15 15:51:49 CET 2017"	"7"	"0"	"0"	"7"	"Reviewable"	"NotReviewed"	"mthit-00007.html"	"600"	"604800"	"Mon Feb 20 15:51:49 CET 2017"	"https://requester.mturk.com/mturk/manageHIT?HITId=36JW4WBR06WTNG6ANG6HRFB9D60FHG"	"3QY7M81QH8YAWXP51KG44ZA4K2YK7P"	"A12ZW89N0D9E2Y"	"Approved"	"Wed Feb 22 20:16:44 CET 2017"	"Wed Feb 15 20:15:22 CET 2017"	"Wed Feb 15 20:16:44 CET 2017"	"Thu Feb 16 11:20:17 CET 2017"	""	""	""	""	"{""4595363"":{""familiarSelected"":""no"",""noReasons"":false,""segments"":[[""4595363_07"",""4595363_08""]]},""9182092"":{""familiarSelected"":""no"",""noReasons"":false,""segments"":[[""9182092_08"",""9182092_09"",""9182092_10"",""9182092_11"",""9182092_12""]]},""20925757"":{""familiarSelected"":""no"",""noReasons"":false,""segments"":[[""20925757_07"",""20925757_08"",""20925757_09""]]}}"						""	""																																"no"		"no"	"no"
"36JW4WBR06WTNG6ANG6HRFB9D60FHG"	"37BTIVOV5A1KKZ1W6J6G3LCLMT8JK5"	"Find reasons given in the argument (2-3 mins/HIT on average) [pilot study]"	"Given arguments to various controversies, find all reasons give by the author"	"Argumentation, NLP, natural language processing"	"$0.21"	"Wed Feb 15 15:51:49 CET 2017"	"7"	"0"	"0"	"7"	"Reviewable"	"NotReviewed"	"mthit-00007.html"	"600"	"604800"	"Mon Feb 20 15:51:49 CET 2017"	"https://requester.mturk.com/mturk/manageHIT?HITId=36JW4WBR06WTNG6ANG6HRFB9D60FHG"	"3KAKFY4PGVE1PJYUZ5S2E2JBNXE3IL"	"AJE0K0QN4T6F0"	"Approved"	"Thu Feb 23 00:36:08 CET 2017"	"Thu Feb 16 00:31:40 CET 2017"	"Thu Feb 16 00:36:08 CET 2017"	"Thu Feb 16 11:20:17 CET 2017"	""	""	""	""	"{""4595363"":{""familiarSelected"":""no"",""noReasons"":false,""segments"":[[""4595363_00"",""4595363_01"",""4595363_02"",""4595363_03"",""4595363_04"",""4595363_05"",""4595363_06"",""4595363_07"",""4595363_08"",""4595363_09""]]},""9182092"":{""familiarSelected"":""yes"",""noReasons"":false,""segments"":[[""9182092_00"",""9182092_01"",""9182092_02"",""9182092_03"",""9182092_04"",""9182092_05"",""9182092_06""]]},""20925757"":{""familiarSelected"":""no"",""noReasons"":false,""segments"":[[""20925757_05"",""20925757_06"",""20925757_07"",""20925757_08"",""20925757_09""]]}}"						""	""																																"yes"		"no"	"no"
"36JW4WBR06WTNG6ANG6HRFB9D60FHG"	"37BTIVOV5A1KKZ1W6J6G3LCLMT8JK5"	"Find reasons given in the argument (2-3 mins/HIT on average) [pilot study]"	"Given arguments to various controversies, find all reasons give by the author"	"Argumentation, NLP, natural language processing"	"$0.21"	"Wed Feb 15 15:51:49 CET 2017"	"7"	"0"	"0"	"7"	"Reviewable"	"NotReviewed"	"mthit-00007.html"	"600"	"604800"	"Mon Feb 20 15:51:49 CET 2017"	"https://requester.mturk.com/mturk/manageHIT?HITId=36JW4WBR06WTNG6ANG6HRFB9D60FHG"	"3ATTHHXXWB0D5H58JUZQLI8FUT8XIA"	"A2U31V169A20GY"	"Approved"	"Thu Feb 23 05:19:17 CET 2017"	"Thu Feb 16 05:15:28 CET 2017"	"Thu Feb 16 05:19:17 CET 2017"	"Thu Feb 16 11:20:18 CET 2017"	""	""	""	""	"{""4595363"":{""familiarSelected"":""yes"",""noReasons"":false,""segments"":[[""4595363_00""],[""4595363_01""],[""4595363_02""],[""4595363_06""],[""4595363_07""],[""4595363_08""],[""4595363_09""]]},""9182092"":{""familiarSelected"":""no"",""noReasons"":false,""segments"":[[""9182092_00"",""9182092_01"",""9182092_02""],[""9182092_03"",""9182092_04""],[""9182092_05""],[""9182092_06"",""9182092_07""],[""9182092_12""]]},""20925757"":{""familiarSelected"":""no"",""noReasons"":false,""segments"":[[""20925757_05"",""20925757_06""],[""20925757_07"",""20925757_08"",""20925757_09""]]}}"						""	""																																"no"		"no"	"yes"
"36JW4WBR06WTNG6ANG6HRFB9D60FHG"	"37BTIVOV5A1KKZ1W6J6G3LCLMT8JK5"	"Find reasons given in the argument (2-3 mins/HIT on average) [pilot study]"	"Given arguments to various controversies, find all reasons give by the author"	"Argumentation, NLP, natural language processing"	"$0.21"	"Wed Feb 15 15:51:49 CET 2017"	"7"	"0"	"0"	"7"	"Reviewable"	"NotReviewed"	"mthit-00007.html"	"600"	"604800"	"Mon Feb 20 15:51:49 CET 2017"	"https://requester.mturk.com/mturk/manageHIT?HITId=36JW4WBR06WTNG6ANG6HRFB9D60FHG"	"3JC6VJ2SACVPXG2010OIC1TCONWA5E"	"A2B1YSMEHN1G2K"	"Approved"	"Thu Feb 23 12:20:32 CET 2017"	"Thu Feb 16 12:18:05 CET 2017"	"Thu Feb 16 12:20:32 CET 2017"	"Sun Feb 19 09:47:39 CET 2017"	""	""	""	""	"{""4595363"":{""familiarSelected"":""yes"",""noReasons"":false,""segments"":[[""4595363_00"",""4595363_01"",""4595363_02""]]},""9182092"":{""familiarSelected"":""no"",""noReasons"":false,""segments"":[[""9182092_08"",""9182092_09"",""9182092_10"",""9182092_11"",""9182092_12""]]},""20925757"":{""familiarSelected"":""yes"",""noReasons"":false,""segments"":[[""20925757_05"",""20925757_06"",""20925757_07"",""20925757_08"",""20925757_09""]]}}"						"This one worked"	""																																"no"		"yes"	"yes"
"36JW4WBR06WTNG6ANG6HRFB9D60FHG"	"37BTIVOV5A1KKZ1W6J6G3LCLMT8JK5"	"Find reasons given in the argument (2-3 mins/HIT on average) [pilot study]"	"Given arguments to various controversies, find all reasons give by the author"	"Argumentation, NLP, natural language processing"	"$0.21"	"Wed Feb 15 15:51:49 CET 2017"	"7"	"0"	"0"	"7"	"Reviewable"	"NotReviewed"	"mthit-00007.html"	"600"	"604800"	"Mon Feb 20 15:51:49 CET 2017"	"https://requester.mturk.com/mturk/manageHIT?HITId=36JW4WBR06WTNG6ANG6HRFB9D60FHG"	"3FE7TXL1LJZPLZQU8DJ64U558Z5Q2M"	"A30R4A7I6TVGQS"	"Approved"	"Fri Feb 24 20:41:34 CET 2017"	"Fri Feb 17 20:39:49 CET 2017"	"Fri Feb 17 20:41:34 CET 2017"	"Sun Feb 19 09:47:39 CET 2017"	""	""	""	""	"{""4595363"":{""familiarSelected"":""yes"",""noReasons"":false,""segments"":[[""4595363_00"",""4595363_01"",""4595363_02""],[""4595363_06"",""4595363_07"",""4595363_08"",""4595363_09"",""4595363_10"",""4595363_11"",""4595363_12""]]},""9182092"":{""familiarSelected"":""no"",""noReasons"":false,""segments"":[[""9182092_08"",""9182092_09"",""9182092_10"",""9182092_11"",""9182092_12""]]},""20925757"":{""familiarSelected"":""yes"",""noReasons"":false,""segments"":[[""20925757_00"",""20925757_01""],[""20925757_07"",""20925757_08"",""20925757_09""]]}}"						""	""																																"no"		"yes"	"yes"
"32TMVRKDGNAQWP8S0VGSNYLJLX1846"	"37BTIVOV5A1KKZ1W6J6G3LCLMT8JK5"	"Find reasons given in the argument (2-3 mins/HIT on average) [pilot study]"	"Given arguments to various controversies, find all reasons give by the author"	"Argumentation, NLP, natural language processing"	"$0.21"	"Wed Feb 15 15:51:49 CET 2017"	"7"	"0"	"0"	"7"	"Reviewable"	"NotReviewed"	"mthit-00008.html"	"600"	"604800"	"Mon Feb 20 15:51:49 CET 2017"	"https://requester.mturk.com/mturk/manageHIT?HITId=32TMVRKDGNAQWP8S0VGSNYLJLX1846"	"36U2A8VAG2BTBHL6OT64HCU1O1WYKT"	"ANPTDUX6LOGYY"	"Approved"	"Wed Feb 22 17:54:01 CET 2017"	"Wed Feb 15 17:51:42 CET 2017"	"Wed Feb 15 17:54:01 CET 2017"	"Thu Feb 16 11:20:18 CET 2017"	""	""	""	""	"{""2700850"":{""familiarSelected"":""yes"",""noReasons"":false,""segments"":[[""2700850_00""],[""2700850_02""]]},""8834046"":{""familiarSelected"":""yes"",""noReasons"":false,""segments"":[[""8834046_00""],[""8834046_01""],[""8834046_03""]]},""19586342"":{""familiarSelected"":""yes"",""noReasons"":false,""segments"":[[""19586342_00""],[""19586342_07""]]}}"						""	""																																				"yes"	"yes"	"yes"
"32TMVRKDGNAQWP8S0VGSNYLJLX1846"	"37BTIVOV5A1KKZ1W6J6G3LCLMT8JK5"	"Find reasons given in the argument (2-3 mins/HIT on average) [pilot study]"	"Given arguments to various controversies, find all reasons give by the author"	"Argumentation, NLP, natural language processing"	"$0.21"	"Wed Feb 15 15:51:49 CET 2017"	"7"	"0"	"0"	"7"	"Reviewable"	"NotReviewed"	"mthit-00008.html"	"600"	"604800"	"Mon Feb 20 15:51:49 CET 2017"	"https://requester.mturk.com/mturk/manageHIT?HITId=32TMVRKDGNAQWP8S0VGSNYLJLX1846"	"3TYCR1GOTDV40DDT5FKOAJGIJV7ZLQ"	"A3TQKAOIJSPPRB"	"Approved"	"Wed Feb 22 18:10:07 CET 2017"	"Wed Feb 15 18:08:36 CET 2017"	"Wed Feb 15 18:10:07 CET 2017"	"Thu Feb 16 11:20:18 CET 2017"	""	""	""	""	"{""2700850"":{""familiarSelected"":""yes"",""noReasons"":false,""segments"":[[""2700850_00"",""2700850_01""]]},""8834046"":{""familiarSelected"":""yes"",""noReasons"":true,""segments"":[]},""19586342"":{""familiarSelected"":""yes"",""noReasons"":true,""segments"":[]}}"						""	""																																				"yes"	"yes"	"yes"	"on"	"on"
"32TMVRKDGNAQWP8S0VGSNYLJLX1846"	"37BTIVOV5A1KKZ1W6J6G3LCLMT8JK5"	"Find reasons given in the argument (2-3 mins/HIT on average) [pilot study]"	"Given arguments to various controversies, find all reasons give by the author"	"Argumentation, NLP, natural language processing"	"$0.21"	"Wed Feb 15 15:51:49 CET 2017"	"7"	"0"	"0"	"7"	"Reviewable"	"NotReviewed"	"mthit-00008.html"	"600"	"604800"	"Mon Feb 20 15:51:49 CET 2017"	"https://requester.mturk.com/mturk/manageHIT?HITId=32TMVRKDGNAQWP8S0VGSNYLJLX1846"	"30H4UDGLT3UUSRT8IIN1JYTT93MMPU"	"A2U31V169A20GY"	"Approved"	"Thu Feb 23 05:39:25 CET 2017"	"Thu Feb 16 05:36:01 CET 2017"	"Thu Feb 16 05:39:25 CET 2017"	"Thu Feb 16 11:20:18 CET 2017"	""	""	""	""	"{""2700850"":{""familiarSelected"":""yes"",""noReasons"":false,""segments"":[[""2700850_00""],[""2700850_01""],[""2700850_02""]]},""8834046"":{""familiarSelected"":""yes"",""noReasons"":false,""segments"":[[""8834046_02""],[""8834046_06""]]},""19586342"":{""familiarSelected"":""yes"",""noReasons"":false,""segments"":[[""19586342_03""],[""19586342_04""],[""19586342_05""],[""19586342_06""],[""19586342_12"",""19586342_13""],[""19586342_14""]]}}"						"The author's position in the last post on college sports is not really in support of dropping sports programs. He only supports dropping football, and maybe basketball. He actually mentions other sports he thinks money should be spent on."	""																																				"yes"	"yes"	"yes"		
"32TMVRKDGNAQWP8S0VGSNYLJLX1846"	"37BTIVOV5A1KKZ1W6J6G3LCLMT8JK5"	"Find reasons given in the argument (2-3 mins/HIT on average) [pilot study]"	"Given arguments to various controversies, find all reasons give by the author"	"Argumentation, NLP, natural language processing"	"$0.21"	"Wed Feb 15 15:51:49 CET 2017"	"7"	"0"	"0"	"7"	"Reviewable"	"NotReviewed"	"mthit-00008.html"	"600"	"604800"	"Mon Feb 20 15:51:49 CET 2017"	"https://requester.mturk.com/mturk/manageHIT?HITId=32TMVRKDGNAQWP8S0VGSNYLJLX1846"	"3YT88D1N09ASVEOIZ8DERIYOF5IK30"	"AYWZR2UFKGHVQ"	"Approved"	"Fri Feb 24 06:57:23 CET 2017"	"Fri Feb 17 06:54:47 CET 2017"	"Fri Feb 17 06:57:23 CET 2017"	"Sun Feb 19 09:47:39 CET 2017"	""	""	""	""	"{""2700850"":{""familiarSelected"":""no"",""noReasons"":false,""segments"":[[""2700850_01"",""2700850_02""]]},""8834046"":{""familiarSelected"":""yes"",""noReasons"":true,""segments"":[]},""19586342"":{""familiarSelected"":""no"",""noReasons"":false,""segments"":[[""19586342_03"",""19586342_04"",""19586342_05""]]}}"						""	""																																				"no"	"no"	"yes"		"on"
"32TMVRKDGNAQWP8S0VGSNYLJLX1846"	"37BTIVOV5A1KKZ1W6J6G3LCLMT8JK5"	"Find reasons given in the argument (2-3 mins/HIT on average) [pilot study]"	"Given arguments to various controversies, find all reasons give by the author"	"Argumentation, NLP, natural language processing"	"$0.21"	"Wed Feb 15 15:51:49 CET 2017"	"7"	"0"	"0"	"7"	"Reviewable"	"NotReviewed"	"mthit-00008.html"	"600"	"604800"	"Mon Feb 20 15:51:49 CET 2017"	"https://requester.mturk.com/mturk/manageHIT?HITId=32TMVRKDGNAQWP8S0VGSNYLJLX1846"	"3X4JMASXCNLVLJLRA8I2QHHRP030BH"	"A8GWYS9O8FUEK"	"Approved"	"Fri Feb 24 09:48:03 CET 2017"	"Fri Feb 17 09:47:06 CET 2017"	"Fri Feb 17 09:48:03 CET 2017"	"Sun Feb 19 09:47:39 CET 2017"	""	""	""	""	"{""2700850"":{""familiarSelected"":""no"",""noReasons"":false,""segments"":[[""2700850_00""]]},""8834046"":{""familiarSelected"":""no"",""noReasons"":false,""segments"":[[""8834046_06""]]},""19586342"":{""familiarSelected"":""no"",""noReasons"":true,""segments"":[]}}"						""	""																																				"no"	"no"	"no"	"on"	
"32TMVRKDGNAQWP8S0VGSNYLJLX1846"	"37BTIVOV5A1KKZ1W6J6G3LCLMT8JK5"	"Find reasons given in the argument (2-3 mins/HIT on average) [pilot study]"	"Given arguments to various controversies, find all reasons give by the author"	"Argumentation, NLP, natural language processing"	"$0.21"	"Wed Feb 15 15:51:49 CET 2017"	"7"	"0"	"0"	"7"	"Reviewable"	"NotReviewed"	"mthit-00008.html"	"600"	"604800"	"Mon Feb 20 15:51:49 CET 2017"	"https://requester.mturk.com/mturk/manageHIT?HITId=32TMVRKDGNAQWP8S0VGSNYLJLX1846"	"3JC6VJ2SACVPXG2010OIC1TCORBA51"	"A30R4A7I6TVGQS"	"Approved"	"Fri Feb 24 20:48:30 CET 2017"	"Fri Feb 17 20:46:31 CET 2017"	"Fri Feb 17 20:48:30 CET 2017"	"Sun Feb 19 09:47:39 CET 2017"	""	""	""	""	"{""2700850"":{""familiarSelected"":""yes"",""noReasons"":false,""segments"":[[""2700850_01""],[""2700850_02""]]},""8834046"":{""familiarSelected"":""yes"",""noReasons"":false,""segments"":[[""8834046_03"",""8834046_04"",""8834046_05"",""8834046_06""]]},""19586342"":{""familiarSelected"":""yes"",""noReasons"":false,""segments"":[[""19586342_07"",""19586342_08"",""19586342_09"",""19586342_10"",""19586342_11"",""19586342_12"",""19586342_13"",""19586342_14""]]}}"						""	""																																				"yes"	"yes"	"yes"		
"32TMVRKDGNAQWP8S0VGSNYLJLX1846"	"37BTIVOV5A1KKZ1W6J6G3LCLMT8JK5"	"Find reasons given in the argument (2-3 mins/HIT on average) [pilot study]"	"Given arguments to various controversies, find all reasons give by the author"	"Argumentation, NLP, natural language processing"	"$0.21"	"Wed Feb 15 15:51:49 CET 2017"	"7"	"0"	"0"	"7"	"Reviewable"	"NotReviewed"	"mthit-00008.html"	"600"	"604800"	"Mon Feb 20 15:51:49 CET 2017"	"https://requester.mturk.com/mturk/manageHIT?HITId=32TMVRKDGNAQWP8S0VGSNYLJLX1846"	"33M4IA01QHDQYG8R9HTZZA96HUDXRA"	"A385VR6EE1HI6F"	"Approved"	"Fri Feb 24 21:51:10 CET 2017"	"Fri Feb 17 21:48:02 CET 2017"	"Fri Feb 17 21:51:10 CET 2017"	"Sun Feb 19 09:47:39 CET 2017"	""	""	""	""	"{""2700850"":{""familiarSelected"":""yes"",""noReasons"":false,""segments"":[[""2700850_00""]]},""8834046"":{""familiarSelected"":""yes"",""noReasons"":true,""segments"":[]},""19586342"":{""familiarSelected"":""yes"",""noReasons"":false,""segments"":[[""19586342_07"",""19586342_08"",""19586342_09""]]}}"						""	""																																				"yes"	"yes"	"yes"		"on"
"3NFWQRSHVEQFNKBZ3AOZ6FZ8Y6NFGH"	"37BTIVOV5A1KKZ1W6J6G3LCLMT8JK5"	"Find reasons given in the argument (2-3 mins/HIT on average) [pilot study]"	"Given arguments to various controversies, find all reasons give by the author"	"Argumentation, NLP, natural language processing"	"$0.21"	"Wed Feb 15 15:51:49 CET 2017"	"7"	"0"	"0"	"7"	"Reviewable"	"NotReviewed"	"mthit-00009.html"	"600"	"604800"	"Mon Feb 20 15:51:49 CET 2017"	"https://requester.mturk.com/mturk/manageHIT?HITId=3NFWQRSHVEQFNKBZ3AOZ6FZ8Y6NFGH"	"30LB5CDZNDMR3HO7GMY5CZOUGWL0Z5"	"A2B5IMHREFHIE2"	"Approved"	"Wed Feb 22 16:05:09 CET 2017"	"Wed Feb 15 15:57:17 CET 2017"	"Wed Feb 15 16:05:09 CET 2017"	"Thu Feb 16 11:20:18 CET 2017"	""	""	""	""	"{""9841537"":{""familiarSelected"":""no"",""noReasons"":true,""segments"":[]},""15163742"":{""familiarSelected"":""yes"",""noReasons"":false,""segments"":[[""15163742_05""],[""15163742_07"",""15163742_08"",""15163742_09""]]},""16962419"":{""familiarSelected"":""no"",""noReasons"":false,""segments"":[[""16962419_00"",""16962419_01"",""16962419_02"",""16962419_03"",""16962419_04"",""16962419_05"",""16962419_06""]]}}"						"For the last question, I encountered technical difficulty. I could not highlight anything in the paragraph. On hover, my cursor turns into the hand, but I can't highlight."	""																																									"yes"	"no"	"on"	"no"
"3NFWQRSHVEQFNKBZ3AOZ6FZ8Y6NFGH"	"37BTIVOV5A1KKZ1W6J6G3LCLMT8JK5"	"Find reasons given in the argument (2-3 mins/HIT on average) [pilot study]"	"Given arguments to various controversies, find all reasons give by the author"	"Argumentation, NLP, natural language processing"	"$0.21"	"Wed Feb 15 15:51:49 CET 2017"	"7"	"0"	"0"	"7"	"Reviewable"	"NotReviewed"	"mthit-00009.html"	"600"	"604800"	"Mon Feb 20 15:51:49 CET 2017"	"https://requester.mturk.com/mturk/manageHIT?HITId=3NFWQRSHVEQFNKBZ3AOZ6FZ8Y6NFGH"	"3FDJT1UU75KV9TBMDR176FW8TWN5KF"	"A8GWYS9O8FUEK"	"Approved"	"Wed Feb 22 17:00:42 CET 2017"	"Wed Feb 15 16:53:23 CET 2017"	"Wed Feb 15 17:00:42 CET 2017"	"Thu Feb 16 11:20:18 CET 2017"	""	""	""	""	"{""9841537"":{""familiarSelected"":""no"",""noReasons"":false,""segments"":[[""9841537_00"",""9841537_01""],[""9841537_07"",""9841537_08"",""9841537_09""]]},""15163742"":{""familiarSelected"":""no"",""noReasons"":false,""segments"":[[""15163742_12""]]},""16962419"":{""familiarSelected"":""no"",""noReasons"":true,""segments"":[]}}"						""	""																																									"no"	"no"		"no"	"on"
"3NFWQRSHVEQFNKBZ3AOZ6FZ8Y6NFGH"	"37BTIVOV5A1KKZ1W6J6G3LCLMT8JK5"	"Find reasons given in the argument (2-3 mins/HIT on average) [pilot study]"	"Given arguments to various controversies, find all reasons give by the author"	"Argumentation, NLP, natural language processing"	"$0.21"	"Wed Feb 15 15:51:49 CET 2017"	"7"	"0"	"0"	"7"	"Reviewable"	"NotReviewed"	"mthit-00009.html"	"600"	"604800"	"Mon Feb 20 15:51:49 CET 2017"	"https://requester.mturk.com/mturk/manageHIT?HITId=3NFWQRSHVEQFNKBZ3AOZ6FZ8Y6NFGH"	"3Z9WI9EOZ007PMVHET2GVCZYY5PHKJ"	"A3TQKAOIJSPPRB"	"Approved"	"Wed Feb 22 18:56:11 CET 2017"	"Wed Feb 15 18:54:24 CET 2017"	"Wed Feb 15 18:56:11 CET 2017"	"Thu Feb 16 11:20:18 CET 2017"	""	""	""	""	"{""9841537"":{""familiarSelected"":""yes"",""noReasons"":false,""segments"":[[""9841537_00"",""9841537_01""],[""9841537_06"",""9841537_07"",""9841537_08"",""9841537_09""]]},""15163742"":{""familiarSelected"":""yes"",""noReasons"":true,""segments"":[]},""16962419"":{""familiarSelected"":""yes"",""noReasons"":true,""segments"":[]}}"						""	""																																									"yes"	"yes"		"yes"	"on"	"on"
"3NFWQRSHVEQFNKBZ3AOZ6FZ8Y6NFGH"	"37BTIVOV5A1KKZ1W6J6G3LCLMT8JK5"	"Find reasons given in the argument (2-3 mins/HIT on average) [pilot study]"	"Given arguments to various controversies, find all reasons give by the author"	"Argumentation, NLP, natural language processing"	"$0.21"	"Wed Feb 15 15:51:49 CET 2017"	"7"	"0"	"0"	"7"	"Reviewable"	"NotReviewed"	"mthit-00009.html"	"600"	"604800"	"Mon Feb 20 15:51:49 CET 2017"	"https://requester.mturk.com/mturk/manageHIT?HITId=3NFWQRSHVEQFNKBZ3AOZ6FZ8Y6NFGH"	"3MH9DQ757XO7SM5IO1O0GZWVLZ2GUE"	"A2B1YSMEHN1G2K"	"Approved"	"Thu Feb 23 12:11:31 CET 2017"	"Thu Feb 16 12:10:29 CET 2017"	"Thu Feb 16 12:11:31 CET 2017"	"Sun Feb 19 09:47:39 CET 2017"	""	""	""	""	"{""9841537"":{""familiarSelected"":""yes"",""noReasons"":true,""segments"":[]},""15163742"":{""familiarSelected"":""yes"",""noReasons"":true,""segments"":[]},""16962419"":{""familiarSelected"":""yes"",""noReasons"":true,""segments"":[]}}"						"I found reasons for all.. Wont let me submit hit without cheking all boxes."	""																																									"yes"	"yes"	"on"	"yes"	"on"	"on"
"3NFWQRSHVEQFNKBZ3AOZ6FZ8Y6NFGH"	"37BTIVOV5A1KKZ1W6J6G3LCLMT8JK5"	"Find reasons given in the argument (2-3 mins/HIT on average) [pilot study]"	"Given arguments to various controversies, find all reasons give by the author"	"Argumentation, NLP, natural language processing"	"$0.21"	"Wed Feb 15 15:51:49 CET 2017"	"7"	"0"	"0"	"7"	"Reviewable"	"NotReviewed"	"mthit-00009.html"	"600"	"604800"	"Mon Feb 20 15:51:49 CET 2017"	"https://requester.mturk.com/mturk/manageHIT?HITId=3NFWQRSHVEQFNKBZ3AOZ6FZ8Y6NFGH"	"37C0GNLMHGFJER5QQTPPU8FI5NED6D"	"A20L30IQAESIO"	"Approved"	"Fri Feb 24 04:56:05 CET 2017"	"Fri Feb 17 04:52:35 CET 2017"	"Fri Feb 17 04:56:05 CET 2017"	"Sun Feb 19 09:47:40 CET 2017"	""	""	""	""	"{""9841537"":{""familiarSelected"":""yes"",""noReasons"":true,""segments"":[]},""15163742"":{""familiarSelected"":""yes"",""noReasons"":false,""segments"":[]},""16962419"":{""familiarSelected"":""no"",""noReasons"":true,""segments"":[]}}"						"Nono feedback"																																										"yes"	"no"	"on"	"yes"	"on"	
"3NFWQRSHVEQFNKBZ3AOZ6FZ8Y6NFGH"	"37BTIVOV5A1KKZ1W6J6G3LCLMT8JK5"	"Find reasons given in the argument (2-3 mins/HIT on average) [pilot study]"	"Given arguments to various controversies, find all reasons give by the author"	"Argumentation, NLP, natural language processing"	"$0.21"	"Wed Feb 15 15:51:49 CET 2017"	"7"	"0"	"0"	"7"	"Reviewable"	"NotReviewed"	"mthit-00009.html"	"600"	"604800"	"Mon Feb 20 15:51:49 CET 2017"	"https://requester.mturk.com/mturk/manageHIT?HITId=3NFWQRSHVEQFNKBZ3AOZ6FZ8Y6NFGH"	"3K772S5NP9N43M37I7RDXHMTEFZEHG"	"A30R4A7I6TVGQS"	"Approved"	"Fri Feb 24 20:44:31 CET 2017"	"Fri Feb 17 20:41:43 CET 2017"	"Fri Feb 17 20:44:31 CET 2017"	"Sun Feb 19 09:47:40 CET 2017"	""	""	""	""	"{""9841537"":{""familiarSelected"":""yes"",""noReasons"":false,""segments"":[[""9841537_01""],[""9841537_07"",""9841537_08"",""9841537_09""]]},""15163742"":{""familiarSelected"":""no"",""noReasons"":true,""segments"":[]},""16962419"":{""familiarSelected"":""yes"",""noReasons"":true,""segments"":[]}}"						""	""																																									"no"	"yes"		"yes"	"on"	"on"
"3NFWQRSHVEQFNKBZ3AOZ6FZ8Y6NFGH"	"37BTIVOV5A1KKZ1W6J6G3LCLMT8JK5"	"Find reasons given in the argument (2-3 mins/HIT on average) [pilot study]"	"Given arguments to various controversies, find all reasons give by the author"	"Argumentation, NLP, natural language processing"	"$0.21"	"Wed Feb 15 15:51:49 CET 2017"	"7"	"0"	"0"	"7"	"Reviewable"	"NotReviewed"	"mthit-00009.html"	"600"	"604800"	"Mon Feb 20 15:51:49 CET 2017"	"https://requester.mturk.com/mturk/manageHIT?HITId=3NFWQRSHVEQFNKBZ3AOZ6FZ8Y6NFGH"	"3ATPCQ38J9MNZ4CKC2TFNYR5JYNYAH"	"A19CSTRCH1NAJ7"	"Approved"	"Sat Feb 25 18:02:01 CET 2017"	"Sat Feb 18 17:56:28 CET 2017"	"Sat Feb 18 18:02:01 CET 2017"	"Sun Feb 19 09:47:40 CET 2017"	""	""	""	""	"{""9841537"":{""familiarSelected"":""yes"",""noReasons"":false,""segments"":[[""9841537_01""],[""9841537_06"",""9841537_07""],[""9841537_08""],[""9841537_09""]]},""15163742"":{""familiarSelected"":""yes"",""noReasons"":false,""segments"":[[""15163742_07"",""15163742_08""],[""15163742_09""]]},""16962419"":{""familiarSelected"":""yes"",""noReasons"":false,""segments"":[[""16962419_07"",""16962419_08"",""16962419_09""],[""16962419_14""]]}}"						""	""																																									"yes"	"yes"		"yes"		
